{
  "S1: Heat": {
    "coverage_mean": [
      1.0,
      1.0,
      1.0
    ],
    "coverage_std": [
      0.0,
      0.0,
      0.0
    ],
    "sigma_mean": [
      0.1007486786444982,
      0.11016841256370147,
      0.10000170946121216
    ],
    "residual_mean": [
      0.005258038455309967,
      0.029137258132298786,
      0.00035076141357421876
    ],
    "beta": 38.150306701660156
  },
  "S2: Pressure": {
    "coverage_mean": [
      1.0,
      1.0,
      1.0
    ],
    "coverage_std": [
      0.0,
      0.0,
      0.0
    ],
    "sigma_mean": [
      0.10006506634255251,
      0.2259078294535478,
      0.10000009479622046
    ],
    "residual_mean": [
      0.028382929226888034,
      0.15855367581049598,
      0.001162567138671875
    ],
    "beta": 49.2896728515625
  },
  "S3: Coupled": {
    "coverage_mean": [
      1.0,
      1.0,
      1.0
    ],
    "coverage_std": [
      0.0,
      0.0,
      0.0
    ],
    "sigma_mean": [
      0.10000023932506641,
      0.10040668411801258,
      0.10171544674783946
    ],
    "residual_mean": [
      0.0015908243417410023,
      0.005004107157389324,
      0.0014826711018880209
    ],
    "beta": 31.83745002746582
  },
  "S4: Nonlinear": {
    "coverage_mean": [
      1.0,
      1.0,
      1.0
    ],
    "coverage_std": [
      0.0,
      0.0,
      0.0
    ],
    "sigma_mean": [
      0.10000021835168203,
      0.10000696772088606,
      0.10000000149011612
    ],
    "residual_mean": [
      0.001771936205768725,
      0.009862934879007903,
      0.00011068040015250822
    ],
    "beta": 5.732452869415283
  },
  "S5: Valve": {
    "coverage_mean": [
      1.0,
      1.0,
      1.0
    ],
    "coverage_std": [
      0.0,
      0.0,
      0.0
    ],
    "sigma_mean": [
      0.10000022773941358,
      0.10000725631912549,
      0.10000000149011612
    ],
    "residual_mean": [
      0.0017888118838891385,
      0.0099525252978007,
      0.00011138916015625
    ],
    "beta": 5.737811088562012
  },
  "S6: Fuel": {
    "coverage_mean": [
      1.0,
      1.0,
      1.0
    ],
    "coverage_std": [
      0.0,
      0.0,
      0.0
    ],
    "sigma_mean": [
      0.10000023604681095,
      0.10000751876582703,
      0.10000000149011612
    ],
    "residual_mean": [
      0.0017892304377407225,
      0.009955283800760904,
      0.00011093775431315104
    ],
    "beta": 5.766973972320557
  }
}