{
  "violation_rate": [
    0.0,
    0.0
  ],
  "cumulative_reward": [
    -2.2220162885884442,
    0.41939306453084585
  ],
  "tracking_rmse": {
    "pressure": [
      1.3221803116812285e-05,
      3.050601634680066e-08
    ],
    "enthalpy": [
      3.2183361405485655,
      0.31543517584344094
    ],
    "power": [
      0.0015669174568635844,
      0.0005740251702665758
    ]
  },
  "control_cost": [
    1305.7332585652669,
    7.529064689669165
  ],
  "min_barrier_value": [
    1.3999862670898438,
    0.0
  ],
  "online_time_ms": [
    58.51021918545788,
    3.8383789617742874
  ],
  "convergence_episode": 0,
  "n_training_episodes": 0,
  "reward_history": []
}