{
  "violation_rate": [
    0.0,
    0.0
  ],
  "cumulative_reward": [
    -16.127741018931072,
    0.16080671075801262
  ],
  "tracking_rmse": {
    "pressure": [
      0.2642152258546315,
      5.1001502269588905e-05
    ],
    "enthalpy": [
      1.9385713152465633,
      0.1885036692116743
    ],
    "power": [
      0.8167850591686826,
      0.001435369908549508
    ]
  },
  "control_cost": [
    728.0498786767324,
    2.7871434302669558
  ],
  "min_barrier_value": [
    1.1240526835123699,
    0.0003737765320467239
  ],
  "online_time_ms": [
    65.83380693375754,
    17.425937792523097
  ],
  "convergence_episode": 0,
  "n_training_episodes": 0,
  "reward_history": []
}