{
  "violation_rate": [
    0.0,
    0.0
  ],
  "cumulative_reward": [
    -15.548305285473665,
    0.05033204220675167
  ],
  "tracking_rmse": {
    "pressure": [
      0.26413693994224857,
      5.361924424461156e-05
    ],
    "enthalpy": [
      1.037251240655809,
      0.10004565279630459
    ],
    "power": [
      0.817907225011146,
      0.0005583769016927317
    ]
  },
  "control_cost": [
    395.15134372313815,
    0.852089512762554
  ],
  "min_barrier_value": [
    1.1239522298177083,
    0.0003272843276365958
  ],
  "online_time_ms": [
    89.57376573855679,
    36.187238553332136
  ],
  "convergence_episode": 0,
  "n_training_episodes": 0,
  "reward_history": []
}