{
  "violation_rate": [
    0.07833333333333334,
    0.018408935028645438
  ],
  "cbf_violation_rate": [
    0.0,
    0.0
  ],
  "cumulative_reward": [
    -2421.965350240469,
    36.83460125535489
  ],
  "tracking_rmse": {
    "pressure": [
      0.4846269181093321,
      0.0018696077260243857
    ],
    "enthalpy": [
      9.513231788070113,
      0.3111447358598167
    ],
    "power": [
      34.26117395413579,
      0.28822221249876395
    ]
  },
  "control_cost": [
    909.0234375,
    44.95009705225868
  ],
  "min_barrier_value": [
    -12.8697509765625,
    2.1478638802217063
  ],
  "online_time_ms": [
    92.92346416972578,
    3.756752012468671
  ],
  "convergence_episode": 200,
  "n_training_episodes": 200,
  "reward_history": [
    -825.6038941144943,
    -1609.3739928901196,
    -11198.018180847168,
    -1524.9005348533392,
    -968.340837597847,
    -10767.811902999878,
    -1653.4847735464573,
    -881.9947839975357,
    -11052.177360534668,
    -10771.526811599731,
    -10773.681913375854,
    -2483.9994376301765,
    -1711.5025647580624,
    -11454.33127784729,
    -2255.1022886931896,
    -2725.3784443736076,
    -11743.932203292847,
    -11231.861394882202,
    -1620.95981580019,
    -2426.010727763176,
    -974.9854350686073,
    -2313.0845155715942,
    -866.1978520751,
    -885.7186515331268,
    -2365.3245290517807,
    -10999.46154499054,
    -2415.4163386821747,
    -1540.6616026461124,
    -2820.2032651901245,
    -2339.5157396793365,
    -2205.3727761805058,
    -1824.26181460917,
    -2548.93095895648,
    -871.1782252192497,
    -2413.9177003502846,
    -1511.7854396998882,
    -2300.72880885005,
    -2568.5395713448524,
    -978.7062903046608,
    -11131.981454849243,
    -2466.3159680962563,
    -2347.1267992556095,
    -1810.802346214652,
    -2557.96183475852,
    -898.4257541298866,
    -11420.430711746216,
    -2478.0624464452267,
    -11002.090640068054,
    -1698.5895512625575,
    -939.0352841615677,
    -2258.1006232500076,
    -2337.966316908598,
    -1735.2122762948275,
    -2461.3341459333897,
    -2541.08518242836,
    -11225.407648086548,
    -2543.786294579506,
    -2500.459108322859,
    -2260.9571030139923,
    -2346.803306490183,
    -2366.0315920114517,
    -1033.8738214373589,
    -1826.9111643135548,
    -11151.743335723877,
    -10627.976362228394,
    -2755.266391634941,
    -2646.751445233822,
    -11776.491687774658,
    -11351.34368133545,
    -918.809191942215,
    -2466.7971507310867,
    -2590.2418696284294,
    -2598.9142360687256,
    -2587.695730358362,
    -2571.2550303041935,
    -952.1415242552757,
    -11756.889081954956,
    -2295.580449283123,
    -2676.9303441643715,
    -1652.9397217333317,
    -884.4275711774826,
    -2404.8128348886967,
    -2331.993669629097,
    -11536.805927276611,
    -2399.2831791341305,
    -11361.00814628601,
    -2579.704324245453,
    -2225.1831439733505,
    -921.5989208221436,
    -11418.492528915405,
    -2650.5216912031174,
    -931.1742051839828,
    -2604.375585347414,
    -2334.071561694145,
    -974.0428864359856,
    -992.0703681111336,
    -912.2238558530807,
    -2400.7498457729816,
    -2192.5014259517193,
    -2531.681377261877
  ],
  "epsilon_log": []
}