{
  "violation_rate": [
    0.0,
    0.0
  ],
  "cbf_violation_rate": [
    0.0,
    0.0
  ],
  "cumulative_reward": [
    -592.7412904699644,
    28.558765458658645
  ],
  "tracking_rmse": {
    "pressure": [
      0.021045513555572392,
      0.0027285839708729247
    ],
    "enthalpy": [
      27.850979724960677,
      0.02130832146705073
    ],
    "power": [
      14.763413313746112,
      0.4850367937498593
    ]
  },
  "control_cost": [
    1918.4473876953125,
    49.39148320660561
  ],
  "min_barrier_value": [
    0.0439453125,
    0.0
  ],
  "online_time_ms": [
    524.9114274687599,
    87.92990326311438
  ],
  "convergence_episode": 200,
  "n_training_episodes": 200,
  "reward_history": [
    -958.6019862890244,
    -886.3140056729317,
    -957.6518205404282,
    -875.7849289178848,
    -910.4075013995171,
    -899.2111865878105,
    -849.2396305799484,
    -956.839723110199,
    -997.8523193597794,
    -816.3590531349182,
    -914.2750423550606,
    -951.2110168337822,
    -950.409450173378,
    -977.2930581569672,
    -989.5177446603775,
    -901.9683122038841,
    -889.2698909044266,
    -839.9119218587875,
    -944.2210713624954,
    -944.9708559513092,
    -905.6076248288155,
    -928.4599472284317,
    -989.5931021571159,
    -950.7344777584076,
    -844.6192280054092,
    -879.2240882515907,
    -943.3514567911625,
    -916.6669180393219,
    -939.8103138506413,
    -990.5811786651611,
    -827.541450381279,
    -929.0318769216537,
    -973.8640287518501,
    -811.9369633197784,
    -933.9202583432198,
    -891.7913611531258,
    -826.912389755249,
    -925.0819013118744,
    -899.1506586074829,
    -988.9898535013199,
    -934.2925806045532,
    -989.282351911068,
    -982.1881306767464,
    -997.0727840662003,
    -926.399506688118,
    -913.8614391684532,
    -946.9642857909203,
    -925.7661446928978,
    -961.193207859993,
    -847.2726711034775,
    -952.7841045260429,
    -909.4935809969902,
    -1011.5109321475029,
    -902.0044314265251,
    -988.439654648304,
    -990.9105898141861,
    -934.3460484743118,
    -1019.7939300537109,
    -1007.31786942482,
    -942.1704940795898,
    -884.6779232025146,
    -871.5931659638882,
    -991.6728572845459,
    -885.0089401006699,
    -931.8445556163788,
    -923.4005116820335,
    -922.3550228476524,
    -906.8505329489708,
    -1006.645879149437,
    -910.4588482379913,
    -912.3030726909637,
    -881.9883010983467,
    -843.4834922552109,
    -877.7605551183224,
    -922.1603760719299,
    -947.03064930439,
    -1009.0816575288773,
    -947.2906032204628,
    -961.3589953780174,
    -927.1948302388191,
    -985.5590071082115,
    -949.7304207086563,
    -965.5457728505135,
    -951.2784556746483,
    -929.335774064064,
    -986.4848549365997,
    -999.5429783463478,
    -950.6604494452477,
    -963.0684286355972,
    -920.0647379159927,
    -922.2223041057587,
    -881.2124934494495,
    -912.5291135311127,
    -976.4507311582565,
    -1054.228879392147,
    -942.1744585633278,
    -906.6415728628635,
    -913.0135718286037,
    -938.2343170642853,
    -935.8722191751003
  ],
  "epsilon_log": [
    {
      "episode": 50,
      "n_gp_points": 2000,
      "epsilon_total": 0.41522637009620667,
      "epsilon_per_constraint": [
        0.16357846558094025,
        0.16357846558094025,
        0.044034719467163086,
        0.044034719467163086
      ],
      "sigma_gp_mean": 0.01000000350177288,
      "sigma_gp_max": 0.010000008158385754,
      "mu_gp_mean": -16.66665267944336
    },
    {
      "episode": 100,
      "n_gp_points": 2000,
      "epsilon_total": 0.41522637009620667,
      "epsilon_per_constraint": [
        0.16357846558094025,
        0.16357846558094025,
        0.044034719467163086,
        0.044034719467163086
      ],
      "sigma_gp_mean": 0.01000000350177288,
      "sigma_gp_max": 0.010000008158385754,
      "mu_gp_mean": -16.66665267944336
    },
    {
      "episode": 150,
      "n_gp_points": 2000,
      "epsilon_total": 0.41522637009620667,
      "epsilon_per_constraint": [
        0.16357846558094025,
        0.16357846558094025,
        0.044034719467163086,
        0.044034719467163086
      ],
      "sigma_gp_mean": 0.01000000350177288,
      "sigma_gp_max": 0.010000008158385754,
      "mu_gp_mean": -16.66665267944336
    },
    {
      "episode": 200,
      "n_gp_points": 2000,
      "epsilon_total": 0.41522637009620667,
      "epsilon_per_constraint": [
        0.16357846558094025,
        0.16357846558094025,
        0.044034719467163086,
        0.044034719467163086
      ],
      "sigma_gp_mean": 0.01000000350177288,
      "sigma_gp_max": 0.010000008158385754,
      "mu_gp_mean": -16.66665267944336
    }
  ]
}