{
  "violation_rate": [
    0.0016666666666666668,
    0.0023570226039551583
  ],
  "cumulative_reward": [
    -520.7498181896905,
    18.824204362113115
  ],
  "tracking_rmse": {
    "pressure": [
      0.020800056019253315,
      0.0019208967216344736
    ],
    "enthalpy": [
      9.801547400039565,
      0.424632976196694
    ],
    "power": [
      15.823168870412326,
      0.2940481933792575
    ]
  },
  "control_cost": [
    890.0193481445312,
    12.020374031240811
  ],
  "min_barrier_value": [
    0.7351703643798828,
    0.8903174251738537
  ],
  "online_time_ms": [
    0.0,
    0.0
  ],
  "convergence_episode": 200,
  "n_training_episodes": 200,
  "reward_history": [
    -1535.5104759112,
    -1482.447073534131,
    -1480.907218337059,
    -499.5732683967799,
    -1526.7566650658846,
    -1501.0474427193403,
    -1430.494277253747,
    -605.5074431700632,
    -660.2868568003178,
    -419.7672092039138,
    -1485.430024139583,
    -1544.7519161105156,
    -1574.0828126966953,
    -1570.7351873219013,
    -1398.662644021213,
    -517.9328147773631,
    -1343.410093255341,
    -464.5855595720932,
    -1569.7019328474998,
    -1320.6508872061968,
    -1308.5404831916094,
    -447.44755480159074,
    -553.8129993589246,
    -1328.7417564988136,
    -1527.2002080827951,
    -1427.9558093249798,
    -1462.196058474481,
    -1325.4470386728644,
    -649.8320412952453,
    -571.0490067489445,
    -559.803199141752,
    -1377.333676353097,
    -586.2528850585222,
    -1600.4758878424764,
    -577.8045657845214,
    -660.9368384014815,
    -1493.8093520402908,
    -1511.9672924876213,
    -491.000943842344,
    -498.88243009592406,
    -1593.1054800152779,
    -1608.7505033016205,
    -430.53918752330355,
    -1397.994994416833,
    -1404.4450432360172,
    -1329.077220223844,
    -585.9741528797895,
    -1317.1900275796652,
    -496.2047068029642,
    -1436.396253556013,
    -1407.4712198674679,
    -1385.3703729137778,
    -1302.1916601881385,
    -584.5585328713059,
    -1472.9822271615267,
    -584.0383630916476,
    -681.4637400060892,
    -453.0070458583068,
    -509.48245187755674,
    -1587.3011956363916,
    -1550.343207463622,
    -603.3734162300825,
    -1520.1327173262835,
    -1231.5657672435045,
    -1551.0956204682589,
    -1409.5170925930142,
    -1492.006092056632,
    -1476.217564292252,
    -566.8633381326217,
    -1379.4381490051746,
    -1525.507363639772,
    -1483.1536452397704,
    -1371.8592378795147,
    -1417.248501099646,
    -1602.017853870988,
    -575.7362813765649,
    -1522.1490596234798,
    -583.6631728974171,
    -1512.3428699970245,
    -1417.6140577420592,
    -1451.4275261312723,
    -1369.1242212876678,
    -1451.3969615101814,
    -584.9526996426284,
    -1476.8196825236082,
    -672.4042541235685,
    -1562.19844930619,
    -1400.7338199317455,
    -1419.872806534171,
    -1384.5198209285736,
    -480.660473968368,
    -1388.4101946353912,
    -453.28162205033004,
    -1424.751990571618,
    -511.67937872186303,
    -559.2789238695987,
    -573.0518311467022,
    -1530.6778142303228,
    -1343.6464924663305,
    -1696.4214878380299
  ]
}