{
  "violation_rate": [
    0.30452,
    0.021617807474394807
  ],
  "cbf_violation_rate": [
    0.21176000000000003,
    0.018657502512394317
  ],
  "cumulative_reward": [
    -6636.43283261016,
    227.41791314916128
  ]
}