{
  "violation_rate": [
    0.0,
    0.0
  ],
  "cbf_violation_rate": [
    0.0,
    0.0
  ],
  "cumulative_reward": [
    -474.5111584670182,
    30.513375244202845
  ],
  "tracking_rmse": {
    "pressure": [
      0.021062745779204115,
      0.002729031809346999
    ],
    "enthalpy": [
      9.33804368524334,
      0.40082263602492435
    ],
    "power": [
      15.103407008124515,
      0.47923147201580474
    ]
  },
  "control_cost": [
    835.1753946940104,
    66.48867751565976
  ],
  "min_barrier_value": [
    1.365369160970052,
    0.0048566905124807
  ],
  "online_time_ms": [
    521.4935470807055,
    34.618773234897155
  ],
  "convergence_episode": 200,
  "n_training_episodes": 200,
  "reward_history": [
    -533.0368096355232,
    -449.8389465881046,
    -535.9610459697433,
    -462.45891221100464,
    -513.4095674864948,
    -492.2857200683793,
    -433.6157109029591,
    -531.1426236853004,
    -591.6469786958769,
    -394.8089925063541,
    -454.0041880561039,
    -522.874575707363,
    -537.5196643956006,
    -557.8774492943194,
    -560.5102724838071,
    -484.4271937138401,
    -465.0021815257496,
    -421.0930974120274,
    -528.6291043539532,
    -517.8502433481626,
    -466.42323068203405,
    -507.9411954432726,
    -575.4346223426983,
    -526.6787630710751,
    -436.3262121807784,
    -459.1288156325463,
    -530.5751682971604,
    -500.22908951179124,
    -506.6543804593384,
    -550.2263782885857,
    -414.533362081158,
    -493.31847424735315,
    -544.7166161921341,
    -407.1607257873984,
    -527.4244528058916,
    -465.3390486026183,
    -442.9930703076534,
    -509.98043281398714,
    -472.07612721575424,
    -563.4815875042696,
    -530.1976620741189,
    -565.9037319407798,
    -542.0466678021476,
    -567.2274862457998,
    -511.12806178675964,
    -495.5612521376461,
    -504.90800787322223,
    -491.32728542294353,
    -552.378352892003,
    -444.60614735726267,
    -538.2149855681928,
    -496.4324937798083,
    -608.3879860485904,
    -470.2974845934659,
    -575.9248142661527,
    -560.1215112827485,
    -522.6081320643425,
    -618.2641619257629,
    -606.0623823720962,
    -529.5620492966846,
    -469.66903709154576,
    -464.337812658865,
    -595.5657447185367,
    -456.1479818932712,
    -498.8337484076619,
    -492.42660397384316,
    -526.7684920602478,
    -480.18689828459173,
    -578.006777914241,
    -491.4901453615166,
    -493.70467023178935,
    -455.06315596960485,
    -414.3823990453966,
    -445.0256532654166,
    -501.4282022458501,
    -523.2224030047655,
    -591.5498398672789,
    -524.0737336878665,
    -550.5277727041394,
    -495.83048050047364,
    -562.0820058793761,
    -519.473759365268,
    -545.3349458249286,
    -528.1668700454757,
    -517.6452391850762,
    -547.4251718176529,
    -609.4020079588518,
    -537.6582664251328,
    -511.4408230744302,
    -501.26498636230826,
    -504.7256480585784,
    -478.57818671222776,
    -522.9549429637846,
    -542.3728589378297,
    -645.1844817954116,
    -528.1176551450044,
    -494.10432184208184,
    -517.5559497042559,
    -539.0579830770148,
    -520.2570536211133
  ],
  "epsilon_log": [
    {
      "episode": 50,
      "n_gp_points": 2000,
      "epsilon_total": 0.4152263104915619,
      "epsilon_per_constraint": [
        0.16357846558094025,
        0.16357846558094025,
        0.0440346896648407,
        0.0440346896648407
      ],
      "sigma_gp_mean": 0.009999999776482582,
      "sigma_gp_max": 0.010000000707805157,
      "mu_gp_mean": -1.196762923427741e-06
    },
    {
      "episode": 100,
      "n_gp_points": 2000,
      "epsilon_total": 0.4152263104915619,
      "epsilon_per_constraint": [
        0.16357846558094025,
        0.16357846558094025,
        0.0440346896648407,
        0.0440346896648407
      ],
      "sigma_gp_mean": 0.009999999776482582,
      "sigma_gp_max": 0.010000000707805157,
      "mu_gp_mean": -1.196762923427741e-06
    },
    {
      "episode": 150,
      "n_gp_points": 2000,
      "epsilon_total": 0.4152263104915619,
      "epsilon_per_constraint": [
        0.16357846558094025,
        0.16357846558094025,
        0.0440346896648407,
        0.0440346896648407
      ],
      "sigma_gp_mean": 0.009999999776482582,
      "sigma_gp_max": 0.010000000707805157,
      "mu_gp_mean": -1.196762923427741e-06
    },
    {
      "episode": 200,
      "n_gp_points": 2000,
      "epsilon_total": 0.4152263104915619,
      "epsilon_per_constraint": [
        0.16357846558094025,
        0.16357846558094025,
        0.0440346896648407,
        0.0440346896648407
      ],
      "sigma_gp_mean": 0.009999999776482582,
      "sigma_gp_max": 0.010000000707805157,
      "mu_gp_mean": -1.196762923427741e-06
    }
  ]
}