{
  "violation_rate": [
    0.9497199999999999,
    0.011142782417331847
  ],
  "cbf_violation_rate": [
    0.0,
    0.0
  ],
  "cumulative_reward": [
    -28207.35926849842,
    478.7470923498631
  ],
  "tracking_rmse": {
    "pressure": [
      1.3052921699193256,
      0.001705416721886577
    ],
    "enthalpy": [
      9.660761306264575,
      0.3180120333629037
    ],
    "power": [
      73.84728077280916,
      0.6499017638872512
    ]
  },
  "control_cost": [
    2281.9035693359374,
    85.03258596987213
  ],
  "min_barrier_value": [
    -64.2028515625,
    5.03510528494624
  ],
  "online_time_ms": [
    3.901345633137971,
    1.40784433080902
  ],
  "per_constraint_type": {
    "pressure": {
      "violation_rate": 0.0,
      "violation_count": 0,
      "total_steps": 25000
    },
    "enthalpy": {
      "violation_rate": 0.0,
      "violation_count": 0,
      "total_steps": 25000
    },
    "power": {
      "violation_rate": 0.94972,
      "violation_count": 23743,
      "total_steps": 25000
    }
  },
  "convergence_episode": 200,
  "n_training_episodes": 200,
  "reward_history": [
    -11582.153310775757,
    -10948.153158187866,
    -11845.177320480347,
    -11868.226992607117,
    -11062.321775436401,
    -10640.306854248047,
    -11028.09192943573,
    -11054.512986183167,
    -11039.06128692627,
    -11490.060789108276,
    -10949.510774612427,
    -11549.416090965271,
    -11979.858082771301,
    -11053.767372131348,
    -11256.503193855286,
    -10742.935521125793,
    -10981.063886642456,
    -11064.501507759094,
    -11341.091848373413,
    -11090.094148635864,
    -11151.038166999817,
    -11698.571378707886,
    -11029.563081741333,
    -11129.372179031372,
    -10993.30734539032,
    -10976.077858924866,
    -11001.297872543335,
    -11251.771291732788,
    -11529.088959693909,
    -11281.577157974243,
    -10873.723447799683,
    -11243.232280731201,
    -10860.990507125854,
    -10996.742424964905,
    -11135.748399734497,
    -10935.178584098816,
    -11148.835861206055,
    -11395.234552383423,
    -10954.15207195282,
    -11458.867691040039,
    -11043.977647781372,
    -11533.452589035034,
    -11359.4352684021,
    -11332.68039226532,
    -10959.700075149536,
    -10775.915315628052,
    -10949.626720428467,
    -11607.957239151001,
    -11177.55304145813,
    -11382.173363685608,
    -10986.56927204132,
    -10877.508081436157,
    -11251.697584152222,
    -11659.015957832336,
    -11044.31071472168,
    -11545.793228149414,
    -11171.78558921814,
    -11475.008516311646,
    -11486.530986785889,
    -10914.700876235962,
    -11118.525338172913,
    -11622.862384319305,
    -10584.513060569763,
    -11154.023114204407,
    -11464.790452957153,
    -10802.89510345459,
    -11286.617638587952,
    -11284.80931186676,
    -11080.82631111145,
    -11170.752771377563,
    -11912.711826324463,
    -11156.08747291565,
    -11444.637182235718,
    -11202.549751281738,
    -11768.688846588135,
    -11387.504114151001,
    -11526.339078903198,
    -11194.835534095764,
    -11327.083170890808,
    -11079.867979049683,
    -11565.391408920288,
    -11221.916381835938,
    -10956.945816040039,
    -10994.333154678345,
    -11728.741774559021,
    -11409.753505706787,
    -11660.888999938965,
    -10635.91413116455,
    -11438.656356811523,
    -11308.812637805939,
    -10913.520136833191,
    -11104.918518066406,
    -10835.44902420044,
    -11404.778024673462,
    -11212.359762191772,
    -11175.625648498535,
    -11275.785026550293,
    -11083.167045593262,
    -11124.501023292542,
    -11038.170427322388
  ],
  "epsilon_log": [
    {
      "episode": 50,
      "n_gp_points": 2000,
      "epsilon_total": 0.4152268171310425,
      "epsilon_per_constraint": [
        0.16357871890068054,
        0.16357871890068054,
        0.0440346896648407,
        0.0440346896648407
      ],
      "sigma_gp_mean": 0.01000000536441803,
      "sigma_gp_max": 0.01000001560896635,
      "mu_gp_mean": 0.464647501707077
    },
    {
      "episode": 100,
      "n_gp_points": 2000,
      "epsilon_total": 0.4152268171310425,
      "epsilon_per_constraint": [
        0.16357871890068054,
        0.16357871890068054,
        0.0440346896648407,
        0.0440346896648407
      ],
      "sigma_gp_mean": 0.01000000536441803,
      "sigma_gp_max": 0.01000001560896635,
      "mu_gp_mean": 0.464647501707077
    },
    {
      "episode": 150,
      "n_gp_points": 2000,
      "epsilon_total": 0.4152268171310425,
      "epsilon_per_constraint": [
        0.16357871890068054,
        0.16357871890068054,
        0.0440346896648407,
        0.0440346896648407
      ],
      "sigma_gp_mean": 0.01000000536441803,
      "sigma_gp_max": 0.01000001560896635,
      "mu_gp_mean": 0.464647501707077
    },
    {
      "episode": 200,
      "n_gp_points": 2000,
      "epsilon_total": 0.4152268171310425,
      "epsilon_per_constraint": [
        0.16357871890068054,
        0.16357871890068054,
        0.0440346896648407,
        0.0440346896648407
      ],
      "sigma_gp_mean": 0.01000000536441803,
      "sigma_gp_max": 0.01000001560896635,
      "mu_gp_mean": 0.464647501707077
    }
  ]
}