{
  "violation_rate": [
    0.012440000000000001,
    0.0045482304251214
  ],
  "cbf_violation_rate": [
    0.0016799999999999999,
    0.0022039963702329456
  ],
  "cumulative_reward": [
    -2628.307195571661,
    119.7572799314411
  ]
}