{
  "violation_rate": [
    0.9746000000000001,
    0.006315061361538784
  ],
  "cbf_violation_rate": [
    0.0,
    0.0
  ],
  "cumulative_reward": [
    -34403.48561645508,
    559.997002984241
  ]
}