{
  "violation_rate": [
    0.025000000000000005,
    0.01224744871391589
  ],
  "cbf_violation_rate": [
    0.0,
    0.0
  ],
  "cumulative_reward": [
    -1566.601922268669,
    47.4277828165049
  ],
  "tracking_rmse": {
    "pressure": [
      0.3473063155940366,
      0.0032634563924392283
    ],
    "enthalpy": [
      9.303438782507547,
      0.3483643098427354
    ],
    "power": [
      27.549170035939294,
      0.4014726613337891
    ]
  },
  "control_cost": [
    835.5991821289062,
    66.28784992103299
  ],
  "min_barrier_value": [
    -7.9234619140625,
    4.346026778723722
  ],
  "online_time_ms": [
    519.6068868134171,
    28.61048734488026
  ],
  "convergence_episode": 200,
  "n_training_episodes": 200,
  "reward_history": [
    -1729.3027275800705,
    -1540.9317864179611,
    -1669.4038758575916,
    -1581.0485732853413,
    -1653.6274257451296,
    -1644.1764766424894,
    -1527.0713720917702,
    -1723.7001556158066,
    -1832.1341738551855,
    -1472.6373919844627,
    -1507.273699015379,
    -1746.1808482706547,
    -1779.772265791893,
    -1765.8799443393946,
    -1767.1794346868992,
    -1593.9334002286196,
    -1640.9870751351118,
    -1532.7159820199013,
    -1642.3330564945936,
    -1743.4012166410685,
    -1592.3933630436659,
    -1618.0875152647495,
    -1779.4081902503967,
    -1674.6371508836746,
    -1507.2782277464867,
    -1622.2398019433022,
    -1696.4328273683786,
    -1623.853018477559,
    -1686.586265027523,
    -1729.9038608521223,
    -1462.247076228261,
    -1572.3945976048708,
    -1656.543156772852,
    -1464.9428351968527,
    -1737.651949211955,
    -1554.1610845029354,
    -1530.1255694627762,
    -1649.0655072033405,
    -1546.5139091461897,
    -1738.534353941679,
    -1652.895594060421,
    -1795.2870315089822,
    -1598.6143827959895,
    -1655.6716462224722,
    -1582.0131764113903,
    -1681.5339449495077,
    -1655.5487246140838,
    -1587.9591251313686,
    -1740.4980849474669,
    -1609.0547773987055,
    -1691.3963705599308,
    -1636.7862422764301,
    -1838.5075656920671,
    -1557.5711485296488,
    -1787.3985995352268,
    -1772.8642249554396,
    -1611.568715929985,
    -1816.033657297492,
    -1898.8271485567093,
    -1693.7602114081383,
    -1588.5457190275192,
    -1588.1864863932133,
    -1817.3469122052193,
    -1543.1170996278524,
    -1659.3511813879013,
    -1627.6934544742107,
    -1719.6407018452883,
    -1561.7235115617514,
    -1760.709539860487,
    -1678.1384532153606,
    -1681.924249574542,
    -1587.2831960618496,
    -1498.1408469080925,
    -1491.2370272874832,
    -1730.0709155797958,
    -1679.5991391092539,
    -1836.1920249313116,
    -1755.3146377801895,
    -1734.6562977209687,
    -1611.543620660901,
    -1813.828060373664,
    -1664.1682939082384,
    -1721.4975074082613,
    -1637.4281740933657,
    -1700.493033759296,
    -1758.4271728098392,
    -1811.5030427575111,
    -1777.1017442643642,
    -1732.0682522952557,
    -1633.0302781686187,
    -1693.0709898918867,
    -1615.3633691444993,
    -1652.617808714509,
    -1678.7244093865156,
    -1926.9501044005156,
    -1598.8904865533113,
    -1531.4206220954657,
    -1580.9969085007906,
    -1675.3185817450285,
    -1668.7047388255596
  ],
  "epsilon_log": [
    {
      "episode": 50,
      "n_gp_points": 2000,
      "epsilon_total": 0.49219371378421783,
      "epsilon_per_constraint": [
        0.16358360648155212,
        0.16358360648155212,
        0.0825132504105568,
        0.0825132504105568
      ],
      "sigma_gp_mean": 0.012941981665790081,
      "sigma_gp_max": 0.018825622275471687,
      "mu_gp_mean": -1.5490164756774902
    },
    {
      "episode": 100,
      "n_gp_points": 2000,
      "epsilon_total": 0.49219371378421783,
      "epsilon_per_constraint": [
        0.16358360648155212,
        0.16358360648155212,
        0.0825132504105568,
        0.0825132504105568
      ],
      "sigma_gp_mean": 0.012941981665790081,
      "sigma_gp_max": 0.018825622275471687,
      "mu_gp_mean": -1.5490164756774902
    },
    {
      "episode": 150,
      "n_gp_points": 2000,
      "epsilon_total": 0.49219371378421783,
      "epsilon_per_constraint": [
        0.16358360648155212,
        0.16358360648155212,
        0.0825132504105568,
        0.0825132504105568
      ],
      "sigma_gp_mean": 0.012941981665790081,
      "sigma_gp_max": 0.018825622275471687,
      "mu_gp_mean": -1.5490164756774902
    },
    {
      "episode": 200,
      "n_gp_points": 2000,
      "epsilon_total": 0.49219371378421783,
      "epsilon_per_constraint": [
        0.16358360648155212,
        0.16358360648155212,
        0.0825132504105568,
        0.0825132504105568
      ],
      "sigma_gp_mean": 0.012941981665790081,
      "sigma_gp_max": 0.018825622275471687,
      "mu_gp_mean": -1.5490164756774902
    }
  ]
}