{
  "violation_rate": [
    0.13676,
    0.014707222715387156
  ],
  "cbf_violation_rate": [
    0.0023200000000000004,
    0.0021301643129110954
  ],
  "cumulative_reward": [
    -6855.716635217071,
    225.6875790057056
  ]
}