{
  "violation_rate": [
    0.9264800000000001,
    0.010202431082835091
  ],
  "cbf_violation_rate": [
    0.92644,
    0.010200313720665636
  ],
  "cumulative_reward": [
    -2550.0029689843955,
    94.08863942140539
  ]
}