{
  "violation_rate": [
    0.03144,
    0.007777300302804309
  ],
  "cbf_violation_rate": [
    0.0,
    0.0
  ],
  "cumulative_reward": [
    -4205.375769953132,
    179.34554121523175
  ],
  "tracking_rmse": {
    "pressure": [
      0.3514384415632318,
      0.0014930137840736826
    ],
    "enthalpy": [
      9.548245605623624,
      0.3258813620255228
    ],
    "power": [
      28.60274507072731,
      0.6244828706261464
    ]
  },
  "control_cost": [
    2304.3745556640624,
    79.9848864058866
  ],
  "min_barrier_value": [
    -15.56748046875,
    6.2332736931770025
  ],
  "online_time_ms": [
    2.4686667932756245,
    0.25956899733953614
  ],
  "per_constraint_type": {
    "pressure": {
      "violation_rate": 0.0,
      "violation_count": 0,
      "total_steps": 25000
    },
    "enthalpy": {
      "violation_rate": 0.0,
      "violation_count": 0,
      "total_steps": 25000
    },
    "power": {
      "violation_rate": 0.03144,
      "violation_count": 786,
      "total_steps": 25000
    }
  },
  "convergence_episode": 200,
  "n_training_episodes": 200,
  "reward_history": [
    -1545.0146366208792,
    -1544.2413249760866,
    -1601.0174215435982,
    -1644.8387012779713,
    -1730.8055439293385,
    -1732.7719269394875,
    -1667.8344901949167,
    -1692.5443452894688,
    -1470.3432095050812,
    -1643.238724693656,
    -1645.6456417441368,
    -1630.2995461076498,
    -1849.2084714621305,
    -1725.1877234056592,
    -1649.8413091748953,
    -1764.8272086679935,
    -1568.509844377637,
    -1710.3801545798779,
    -1742.4280641824007,
    -1572.1130070239305,
    -1801.5167680159211,
    -1518.918523773551,
    -1656.2172101140022,
    -1716.7955500036478,
    -1590.143003642559,
    -1549.9135353267193,
    -1597.1651369780302,
    -1711.007979951799,
    -1650.2642196267843,
    -1714.2917632758617,
    -1622.7865775674582,
    -1593.5838151276112,
    -1675.241108328104,
    -1616.1471187770367,
    -1629.6773754656315,
    -1800.0078623965383,
    -1609.1502336338162,
    -1687.8812202066183,
    -1592.549015596509,
    -1747.9355387836695,
    -1710.3321488201618,
    -1690.6509787589312,
    -1759.8664012402296,
    -1610.2201951146126,
    -1656.3677368611097,
    -1676.4640947580338,
    -1603.4280930757523,
    -1528.1308658868074,
    -1576.393582649529,
    -1720.7004318386316,
    -1631.0508920103312,
    -1922.8276517540216,
    -1659.4923380166292,
    -1549.9629505872726,
    -1816.334840118885,
    -1756.5230959057808,
    -1586.969301059842,
    -1737.1617251262069,
    -1607.2060124203563,
    -1769.3910059928894,
    -1704.4874127805233,
    -1590.3132348954678,
    -1719.6873044520617,
    -1533.381054326892,
    -1581.7505848258734,
    -1873.349586069584,
    -1514.2638730406761,
    -1760.3334737196565,
    -1535.954824373126,
    -1574.6850900501013,
    -1599.349630177021,
    -1769.8350571990013,
    -1735.9811379760504,
    -1716.8753132671118,
    -1453.191094622016,
    -1630.4411927089095,
    -1419.636701092124,
    -1684.6245041638613,
    -1779.483372285962,
    -1500.5372566729784,
    -1582.7473961412907,
    -1714.5446148961782,
    -1591.6158962249756,
    -1641.063922598958,
    -1826.5461380779743,
    -1843.658893853426,
    -1682.7427765578032,
    -1672.8452248573303,
    -1605.2632430940866,
    -1804.918211787939,
    -1529.4230847507715,
    -1624.1529515832663,
    -1657.3362240120769,
    -1634.6918211579323,
    -1772.5047100633383,
    -1737.98364803195,
    -1777.6490952074528,
    -1626.4574258625507,
    -1738.4371606856585,
    -1540.9997810721397
  ],
  "epsilon_log": [
    {
      "episode": 50,
      "n_gp_points": 2000,
      "epsilon_total": 0.49010351300239563,
      "epsilon_per_constraint": [
        0.1635848730802536,
        0.1635848730802536,
        0.08146688342094421,
        0.08146688342094421
      ],
      "sigma_gp_mean": 0.012862009927630424,
      "sigma_gp_max": 0.018585622310638428,
      "mu_gp_mean": -1.5491241216659546
    },
    {
      "episode": 100,
      "n_gp_points": 2000,
      "epsilon_total": 0.49010351300239563,
      "epsilon_per_constraint": [
        0.1635848730802536,
        0.1635848730802536,
        0.08146688342094421,
        0.08146688342094421
      ],
      "sigma_gp_mean": 0.012862009927630424,
      "sigma_gp_max": 0.018585622310638428,
      "mu_gp_mean": -1.5491241216659546
    },
    {
      "episode": 150,
      "n_gp_points": 2000,
      "epsilon_total": 0.49010351300239563,
      "epsilon_per_constraint": [
        0.1635848730802536,
        0.1635848730802536,
        0.08146688342094421,
        0.08146688342094421
      ],
      "sigma_gp_mean": 0.012862009927630424,
      "sigma_gp_max": 0.018585622310638428,
      "mu_gp_mean": -1.5491241216659546
    },
    {
      "episode": 200,
      "n_gp_points": 2000,
      "epsilon_total": 0.49010351300239563,
      "epsilon_per_constraint": [
        0.1635848730802536,
        0.1635848730802536,
        0.08146688342094421,
        0.08146688342094421
      ],
      "sigma_gp_mean": 0.012862009927630424,
      "sigma_gp_max": 0.018585622310638428,
      "mu_gp_mean": -1.5491241216659546
    }
  ]
}