{
  "violation_rate": [
    0.9616666666666666,
    0.016996731711975962
  ],
  "cbf_violation_rate": [
    0.0,
    0.0
  ],
  "cumulative_reward": [
    -11229.493758042654,
    81.22720108762144
  ],
  "tracking_rmse": {
    "pressure": [
      1.303508263205005,
      0.0017915898420401242
    ],
    "enthalpy": [
      9.539804703146944,
      0.5693428632261591
    ],
    "power": [
      73.57916391222713,
      0.28929100664386787
    ]
  },
  "control_cost": [
    909.9604085286459,
    44.992701675654416
  ],
  "min_barrier_value": [
    -54.561116536458336,
    2.206063221627924
  ],
  "online_time_ms": [
    94.49952156050131,
    50.2661760034831
  ],
  "convergence_episode": 200,
  "n_training_episodes": 200,
  "reward_history": [
    -826.9117923378944,
    -1615.1431731879711,
    -11215.500696182251,
    -1530.5455395430326,
    -970.1256979107857,
    -10783.980958938599,
    -1658.9273245334625,
    -883.1963541507721,
    -11066.492490768433,
    -10784.88702583313,
    -10785.98344039917,
    -2488.9143644571304,
    -1715.1086033433676,
    -11463.99687576294,
    -2258.715878099203,
    -2728.967700481415,
    -11751.668740272522,
    -11238.80097579956,
    -1623.0681310594082,
    -2428.4015965759754,
    -975.6481533050537,
    -2315.0947149693966,
    -866.6114389896393,
    -886.1447386741638,
    -11099.20234298706,
    -11003.97426700592,
    -2417.4776617586613,
    -1542.2649889290333,
    -2822.405508160591,
    -2341.519297391176,
    -2207.2669256031513,
    -1825.9141188263893,
    -11444.758407592773,
    -871.6531752943993,
    -2416.0616880357265,
    -1513.5126558989286,
    -2302.9540843963623,
    -11582.95104598999,
    -979.3807038068771,
    -11138.007026672363,
    -2468.967128545046,
    -11032.926153182983,
    -1813.0881042778492,
    -11521.465906143188,
    -899.0266721248627,
    -11427.882377624512,
    -2481.3049976825714,
    -11009.424046516418,
    -1701.07877805084,
    -939.750686198473,
    -2260.8335983753204,
    -10986.428548812866,
    -1737.5717316567898,
    -2464.268982887268,
    -11425.058757781982,
    -11232.54637336731,
    -2546.8864825963974,
    -2503.6026314496994,
    -10885.441020965576,
    -11073.882426261902,
    -11106.036546707153,
    -1034.8183379173279,
    -1829.9793338775635,
    -11160.445627212524,
    -10636.441307067871,
    -2759.1394785642624,
    -2650.4788947701454,
    -11784.71513557434,
    -11359.111143112183,
    -919.6515294313431,
    -11328.991920471191,
    -11523.79720211029,
    -2602.0106326043606,
    -11636.474527359009,
    -2574.4951581656933,
    -952.9408485889435,
    -11764.761619567871,
    -10915.365398406982,
    -2680.379421710968,
    -1655.5795632451773,
    -885.1397460103035,
    -11214.677181243896,
    -2335.113428592682,
    -11544.657670021057,
    -2402.4803476929665,
    -11368.597862243652,
    -2582.9149607419968,
    -10742.427955627441,
    -922.3772889971733,
    -11425.592378616333,
    -11733.390707015991,
    -931.8286590576172,
    -2607.4154370725155,
    -10983.951615333557,
    -974.7947190403938,
    -992.9552421569824,
    -912.8736362457275,
    -11146.65461730957,
    -2195.405191272497,
    -2534.8176744431257
  ],
  "epsilon_log": []
}