{
  "violation_rate": [
    0.08807999999999999,
    0.011845404172082944
  ],
  "cbf_violation_rate": [
    0.0,
    0.0
  ],
  "cumulative_reward": [
    -6247.02962969184,
    173.54937982906824
  ],
  "tracking_rmse": {
    "pressure": [
      0.4856781228113746,
      0.0014590103618454145
    ],
    "enthalpy": [
      9.566087658699377,
      0.2788652795770366
    ],
    "power": [
      34.8549017768264,
      0.49424054891615155
    ]
  },
  "control_cost": [
    2321.6849560546875,
    79.1194304883813
  ],
  "min_barrier_value": [
    -22.96468505859375,
    4.998286395354254
  ],
  "online_time_ms": [
    2.5023277205321937,
    0.2584367686285178
  ],
  "per_constraint_type": {
    "pressure": {
      "violation_rate": 0.0,
      "violation_count": 0,
      "total_steps": 25000
    },
    "enthalpy": {
      "violation_rate": 0.0,
      "violation_count": 0,
      "total_steps": 25000
    },
    "power": {
      "violation_rate": 0.08808,
      "violation_count": 2202,
      "total_steps": 25000
    }
  },
  "convergence_episode": 200,
  "n_training_episodes": 200,
  "reward_history": [
    -2443.599904835224,
    -2617.2943633794785,
    -2524.6398708224297,
    -2451.2711021900177,
    -2206.960881471634,
    -2562.395223379135,
    -2242.150904625654,
    -2534.354305267334,
    -2486.261839300394,
    -2534.0520240962505,
    -2246.8510891497135,
    -2485.7805181890726,
    -2462.5292104184628,
    -2649.4496674388647,
    -2556.661513596773,
    -2587.485707551241,
    -2370.053907454014,
    -2348.9355154931545,
    -2486.5081076920033,
    -2414.5086507201195,
    -2254.4579700529575,
    -2220.6891545057297,
    -2400.1346030533314,
    -2784.098063290119,
    -2660.3188565075397,
    -2504.8847392201424,
    -2301.18733894825,
    -2207.276811093092,
    -2568.829573661089,
    -2482.812378883362,
    -2525.2763618528843,
    -2509.434845596552,
    -2350.786577284336,
    -2600.9406261593103,
    -2239.133367151022,
    -2414.0879709124565,
    -2614.3103252649307,
    -2331.1006483733654,
    -2566.5739577561617,
    -2533.6337317228317,
    -2333.0631821751595,
    -2519.0220260322094,
    -2434.900907367468,
    -2325.2983151078224,
    -2605.920274913311,
    -2324.7530402243137,
    -2451.3339665681124,
    -2295.8461489081383,
    -2388.8690780103207,
    -2437.4506442844868,
    -2396.7241281569004,
    -2535.0540934205055,
    -2654.2855814546347,
    -2484.3658852279186,
    -2383.0012270510197,
    -2525.0537119209766,
    -2470.7884704768658,
    -2315.3673209249973,
    -2476.7469578683376,
    -2364.4161082208157,
    -2301.0932487249374,
    -2411.425459742546,
    -2437.4541531801224,
    -2393.8995418548584,
    -2433.1231226176023,
    -2622.1136378645897,
    -2576.991918593645,
    -2607.1427872776985,
    -2498.3526097238064,
    -2254.691804409027,
    -2359.70318582654,
    -2208.4854303598404,
    -2282.268678933382,
    -2389.4497984051704,
    -2301.2445587813854,
    -2435.22713381052,
    -2132.409940600395,
    -2511.214540988207,
    -2239.23523157835,
    -2481.85519605875,
    -2348.107562035322,
    -2537.216247111559,
    -2365.052608817816,
    -2301.6631330549717,
    -2395.5320784151554,
    -2558.1310491263866,
    -2294.463952422142,
    -2428.825645893812,
    -2487.658161610365,
    -2414.481360554695,
    -2558.218551978469,
    -2430.563887655735,
    -2394.691136687994,
    -2339.485567420721,
    -2514.4651699364185,
    -2326.3417060673237,
    -2326.0603107511997,
    -2318.3374685645103,
    -2366.2064698934555,
    -2552.872402369976
  ],
  "epsilon_log": [
    {
      "episode": 50,
      "n_gp_points": 2000,
      "epsilon_total": 0.41522637009620667,
      "epsilon_per_constraint": [
        0.16357849538326263,
        0.16357849538326263,
        0.0440346896648407,
        0.0440346896648407
      ],
      "sigma_gp_mean": 0.010000000707805157,
      "sigma_gp_max": 0.010000000707805157,
      "mu_gp_mean": -1.4991636276245117
    },
    {
      "episode": 100,
      "n_gp_points": 2000,
      "epsilon_total": 0.41522637009620667,
      "epsilon_per_constraint": [
        0.16357849538326263,
        0.16357849538326263,
        0.0440346896648407,
        0.0440346896648407
      ],
      "sigma_gp_mean": 0.010000000707805157,
      "sigma_gp_max": 0.010000000707805157,
      "mu_gp_mean": -1.4991636276245117
    },
    {
      "episode": 150,
      "n_gp_points": 2000,
      "epsilon_total": 0.41522637009620667,
      "epsilon_per_constraint": [
        0.16357849538326263,
        0.16357849538326263,
        0.0440346896648407,
        0.0440346896648407
      ],
      "sigma_gp_mean": 0.010000000707805157,
      "sigma_gp_max": 0.010000000707805157,
      "mu_gp_mean": -1.4991636276245117
    },
    {
      "episode": 200,
      "n_gp_points": 2000,
      "epsilon_total": 0.41522637009620667,
      "epsilon_per_constraint": [
        0.16357849538326263,
        0.16357849538326263,
        0.0440346896648407,
        0.0440346896648407
      ],
      "sigma_gp_mean": 0.010000000707805157,
      "sigma_gp_max": 0.010000000707805157,
      "mu_gp_mean": -1.4991636276245117
    }
  ]
}