{
  "violation_rate": [
    0.021666666666666667,
    0.008498365855987976
  ],
  "cbf_violation_rate": [
    0.0,
    0.0
  ],
  "cumulative_reward": [
    -1637.7065862715244,
    32.28677037505138
  ],
  "tracking_rmse": {
    "pressure": [
      0.35059638546587396,
      0.002194584249706646
    ],
    "enthalpy": [
      9.537442784433628,
      0.3027900765299404
    ],
    "power": [
      28.183698339914073,
      0.30217284813653794
    ]
  },
  "control_cost": [
    908.7643636067709,
    44.93816370824672
  ],
  "min_barrier_value": [
    -6.106892903645833,
    2.1734158023117134
  ],
  "online_time_ms": [
    93.85566137187804,
    4.058157502568172
  ],
  "convergence_episode": 200,
  "n_training_episodes": 200,
  "reward_history": [
    -825.0968093276024,
    -1607.2484374791384,
    -11191.778141021729,
    -1522.9045624136925,
    -967.7078084945679,
    -10762.06259727478,
    -1651.5221446156502,
    -881.5555588006973,
    -11046.866883277893,
    -10766.452793121338,
    -10768.860973358154,
    -2481.9930605590343,
    -1709.969904884696,
    -11450.069639205933,
    -2253.4488911926746,
    -2723.6739694178104,
    -11740.12457370758,
    -11228.289860725403,
    -1619.799591049552,
    -2424.61893004179,
    -974.5795019865036,
    -2311.81464651227,
    -865.9231886863708,
    -885.431823849678,
    -1590.2457710653543,
    -10996.59026813507,
    -2414.1609385311604,
    -1539.71112331748,
    -2818.9045628905296,
    -2338.333827018738,
    -2204.241685003042,
    -1823.2646764218807,
    -1753.8672159165144,
    -870.9013667106628,
    -2412.7520220279694,
    -1510.879249215126,
    -2299.584027647972,
    -1748.7124400436878,
    -978.3778410553932,
    -11129.187059402466,
    -2465.1134862303734,
    -1581.9841936081648,
    -1809.7967107594013,
    -1744.9782113730907,
    -898.1860285997391,
    -11417.569531440735,
    -2476.833854049444,
    -10999.32863998413,
    -1697.6441899687052,
    -938.7628416419029,
    -2257.046995639801,
    -1578.9844539910555,
    -1734.3082388341427,
    -2460.23025777936,
    -1742.820378780365,
    -11222.840559005737,
    -2542.6865591704845,
    -2499.354734659195,
    -1505.6284119486809,
    -1575.5219648331404,
    -1589.1262049004436,
    -1033.5737017393112,
    -1825.9531322866678,
    -11149.085376739502,
    -10625.404251098633,
    -2754.0812260508537,
    -2645.603435099125,
    -11773.944593429565,
    -11348.915205001831,
    -918.5426152944565,
    -1676.3309474140406,
    -1785.5859881341457,
    -2597.943371027708,
    -1765.606200993061,
    -2570.2695119678974,
    -951.9012055397034,
    -11754.555967330933,
    -1540.6649736389518,
    -2675.9134244918823,
    -1652.1631006151438,
    -884.2216908931732,
    -1619.427007600665,
    -2331.0905615091324,
    -11534.56118965149,
    -2398.361358374357,
    -11358.834190368652,
    -2578.7782009243965,
    -1487.6171064525843,
    -921.3745903372765,
    -11416.442653656006,
    -1824.0794417783618,
    -930.9863086342812,
    -2603.5018452703953,
    -1573.8831506371498,
    -973.8294520378113,
    -991.8203595280647,
    -912.0433402061462,
    -1625.6071267426014,
    -2191.69198769331,
    -2530.810487344861
  ],
  "epsilon_log": []
}