{
  "violation_rate": [
    0.018333333333333337,
    0.009428090415820633
  ],
  "cumulative_reward": [
    -1462.3186934490998,
    28.705181262027622
  ],
  "tracking_rmse": {
    "pressure": [
      0.3140032076327518,
      0.00195977097901408
    ],
    "enthalpy": [
      10.56789329769463,
      0.2828847210302476
    ],
    "power": [
      26.59826101278114,
      0.29343261627270434
    ]
  },
  "control_cost": [
    911.8773396809896,
    45.076735891746694
  ],
  "min_barrier_value": [
    -4.253662109375,
    2.144737819689217
  ],
  "online_time_ms": [
    0.0,
    0.0
  ],
  "convergence_episode": 200,
  "n_training_episodes": 200,
  "reward_history": [
    -494.61831367760897,
    -1453.029793791473,
    -1416.3609169125557,
    -1376.244586110115,
    -650.7207318507135,
    -1284.596091285348,
    -1494.5805904120207,
    -556.3091538101435,
    -1378.778326511383,
    -1276.9838947951794,
    -1255.1789095625281,
    -1446.3627930432558,
    -1543.9692858681083,
    -1464.6365274563432,
    -1278.9210411980748,
    -1657.8958911374211,
    -1596.2300855368376,
    -1425.4505139142275,
    -1458.5057440847158,
    -1402.034863077104,
    -647.8385991863906,
    -1322.3343479335308,
    -543.1432606782764,
    -553.7272520586848,
    -481.87631762283854,
    -1381.8860333263874,
    -1390.609164133668,
    -1380.2373044490814,
    -1717.8118366375566,
    -1335.6056453734636,
    -1243.6407197788358,
    -1645.2062370553613,
    -580.0062094731256,
    -536.414503030479,
    -1402.069812439382,
    -1353.4103830382228,
    -1308.9960577487946,
    -536.6072605066001,
    -646.3366749063134,
    -1375.9707188159227,
    -1426.6395311579108,
    -486.26803717017174,
    -1629.339986398816,
    -553.8844008247834,
    -559.6470806188881,
    -1504.6655147373676,
    -1435.1315812394023,
    -1331.2419539690018,
    -1525.532012656331,
    -613.6756840460002,
    -1289.507230617106,
    -499.6393986695912,
    -1554.771278642118,
    -1429.5335238054395,
    -576.9294392021839,
    -1434.2106594592333,
    -1516.5319013521075,
    -1450.1525486707687,
    -432.64952947641723,
    -464.5803374890238,
    -483.01727342931554,
    -712.1399203790352,
    -1646.9290578961372,
    -1464.761474326253,
    -1274.2825030833483,
    -1649.3835395127535,
    -1551.2631164640188,
    -1585.2712830975652,
    -1450.344668470323,
    -589.7576678991318,
    -511.41490717290435,
    -600.5115714163985,
    -1539.200794428587,
    -536.7166736680083,
    -1515.8733084201813,
    -620.241929449141,
    -1548.1346718147397,
    -471.9461438297294,
    -1572.335949651897,
    -1474.2620339244604,
    -563.5016447752714,
    -478.44812720268965,
    -1357.3966129124165,
    -1518.4875260591507,
    -1396.9525070115924,
    -1431.7642716765404,
    -1519.585629813373,
    -451.46271729737055,
    -584.6388163696975,
    -1478.6243482232094,
    -576.0201354192104,
    -599.3349072635174,
    -1538.5927224978805,
    -494.88129419088364,
    -649.7033303638455,
    -657.3387107737362,
    -579.251472838223,
    -510.1161756827496,
    -1221.7752167284489,
    -1482.9334272667766
  ]
}