{
  "violation_rate": [
    0.00112,
    0.0013948476619330156
  ],
  "cbf_violation_rate": [
    0.0,
    0.0
  ],
  "cumulative_reward": [
    -110767.2370505385,
    863.8991194662766
  ],
  "tracking_rmse": {
    "pressure": [
      0.023594729462828933,
      0.001615739681773249
    ],
    "enthalpy": [
      9.694667124122818,
      0.3104734906160588
    ],
    "power": [
      15.962223080871404,
      0.4989844761057536
    ]
  },
  "control_cost": [
    2300.2756005859374,
    82.84926227245174
  ],
  "min_barrier_value": [
    -0.8974916458129882,
    2.7479453153917133
  ],
  "online_time_ms": [
    2.799050355125219,
    1.8168970170330772
  ],
  "per_constraint_type": {
    "pressure": {
      "violation_rate": 0.0,
      "violation_count": 0,
      "total_steps": 25000
    },
    "enthalpy": {
      "violation_rate": 0.0,
      "violation_count": 0,
      "total_steps": 25000
    },
    "power": {
      "violation_rate": 0.00112,
      "violation_count": 28,
      "total_steps": 25000
    }
  },
  "convergence_episode": 200,
  "n_training_episodes": 200,
  "reward_history": [
    -480.56284051574767,
    -510.36089755315334,
    -505.42028319928795,
    -487.41063105128706,
    -530.7484514140524,
    -544.3855722835287,
    -456.8053996814415,
    -552.0392208839767,
    -440.95101798826363,
    -499.4858860296663,
    -484.9275931980228,
    -393.0979871437885,
    -395.5136150661856,
    -634.7438458907418,
    -491.9070647637127,
    -541.3268058326212,
    -447.15612059948035,
    -479.5483310644049,
    -534.9956244131317,
    -467.79536402318627,
    -393.5397713202983,
    -473.92924194340594,
    -578.1273936307989,
    -490.78560696868226,
    -551.4458975947928,
    -536.4912651483901,
    -487.4092778060585,
    -489.55879460525466,
    -606.3254583543167,
    -523.4681956828572,
    -609.6118574396241,
    -432.7679550712928,
    -552.043893088121,
    -483.3211206108099,
    -594.9017570540309,
    -584.9389085918665,
    -550.259289611131,
    -547.8686236385256,
    -500.00938273221254,
    -483.45596767554525,
    -474.5912749366835,
    -414.0128370542079,
    -447.03445331176044,
    -378.03271690855036,
    -435.3211049931124,
    -600.5061614820734,
    -477.2863901881501,
    -551.4145100079477,
    -456.3007238083519,
    -405.19444595836103,
    -558.7375358892605,
    -505.20758578553796,
    -461.91841717995703,
    -465.3343608707655,
    -507.2540816758992,
    -602.4364399272017,
    -492.0748102478683,
    -459.08916157938074,
    -410.5159597280435,
    -564.0231031766161,
    -494.5871202405542,
    -506.9013579702005,
    -477.4777172979666,
    -489.1058591734618,
    -533.967704499606,
    -539.1297427807003,
    -519.3964886567555,
    -511.22742794966325,
    -595.0441652660957,
    -450.1081365477294,
    -552.4965913007036,
    -461.87205199711025,
    -492.5382505324669,
    -521.1597638989333,
    -508.42067927122116,
    -545.5751809906214,
    -565.188955867663,
    -466.49554552091286,
    -544.2191603217507,
    -571.5928867808543,
    -539.8905079963151,
    -577.8515130542219,
    -514.9125679589342,
    -464.92355818580836,
    -564.5238022101112,
    -564.5010400546016,
    -605.8327975798165,
    -502.66581224487163,
    -591.1638032617047,
    -562.7813387624919,
    -470.5967127662152,
    -533.1228709686548,
    -445.69863505475223,
    -520.8963968092576,
    -577.8959645880386,
    -479.45710779423825,
    -489.8437377377413,
    -444.0506095646415,
    -493.4449895378202,
    -557.8791364987846
  ],
  "epsilon_log": [
    {
      "episode": 50,
      "n_gp_points": 2000,
      "epsilon_total": 0.4290003329515457,
      "epsilon_per_constraint": [
        0.17090146243572235,
        0.17090146243572235,
        0.04359870404005051,
        0.04359870404005051
      ],
      "sigma_gp_mean": 0.009999999776482582,
      "sigma_gp_max": 0.010000000707805157,
      "mu_gp_mean": 2.8886174732178915e-06
    },
    {
      "episode": 100,
      "n_gp_points": 2000,
      "epsilon_total": 0.4290003329515457,
      "epsilon_per_constraint": [
        0.17090146243572235,
        0.17090146243572235,
        0.04359870404005051,
        0.04359870404005051
      ],
      "sigma_gp_mean": 0.009999999776482582,
      "sigma_gp_max": 0.010000000707805157,
      "mu_gp_mean": 2.8886174732178915e-06
    },
    {
      "episode": 150,
      "n_gp_points": 2000,
      "epsilon_total": 0.4290003329515457,
      "epsilon_per_constraint": [
        0.17090146243572235,
        0.17090146243572235,
        0.04359870404005051,
        0.04359870404005051
      ],
      "sigma_gp_mean": 0.009999999776482582,
      "sigma_gp_max": 0.010000000707805157,
      "mu_gp_mean": 2.8886174732178915e-06
    },
    {
      "episode": 200,
      "n_gp_points": 2000,
      "epsilon_total": 0.4290003329515457,
      "epsilon_per_constraint": [
        0.17090146243572235,
        0.17090146243572235,
        0.04359870404005051,
        0.04359870404005051
      ],
      "sigma_gp_mean": 0.009999999776482582,
      "sigma_gp_max": 0.010000000707805157,
      "mu_gp_mean": 2.8886174732178915e-06
    }
  ]
}