{
  "violation_rate": [
    0.0,
    0.0
  ],
  "cbf_violation_rate": [
    0.0,
    0.0
  ],
  "cumulative_reward": [
    -635.7743455370268,
    43.076361887717
  ],
  "tracking_rmse": {
    "pressure": [
      0.021411752512750345,
      0.0013092295104265282
    ],
    "enthalpy": [
      27.82651900487534,
      0.06430227649308255
    ],
    "power": [
      15.465759779712032,
      0.6979636293562884
    ]
  },
  "control_cost": [
    1964.2894287109375,
    27.194504029872796
  ],
  "min_barrier_value": [
    0.0439453125,
    0.0
  ],
  "online_time_ms": [
    529.742457610167,
    22.078199601766222
  ],
  "convergence_episode": 200,
  "n_training_episodes": 200,
  "reward_history": [
    -977.2614427804947,
    -829.3226838707924,
    -974.9461861848831,
    -992.8200765252113,
    -893.715562582016,
    -845.6220836639404,
    -936.1984872221947,
    -899.4385468959808,
    -907.7469812631607,
    -901.8501193523407,
    -831.6123814582825,
    -909.3320453763008,
    -1039.5674406290054,
    -918.0270478129387,
    -923.6117321252823,
    -810.890199303627,
    -913.0469396710396,
    -892.1973959207535,
    -895.2196931540966,
    -877.2294488549232,
    -922.9755410552025,
    -954.4991903305054,
    -877.6928105354309,
    -858.2570090293884,
    -870.805945277214,
    -872.7755427956581,
    -896.9726666212082,
    -861.5724756419659,
    -925.5844093561172,
    -953.7610254883766,
    -851.3483122587204,
    -923.1855282783508,
    -871.4227290153503,
    -931.6804597973824,
    -952.3347702622414,
    -921.5000106692314,
    -896.2962000370026,
    -942.030492246151,
    -887.3142973780632,
    -931.2885938882828,
    -900.4917997717857,
    -930.8826282024384,
    -952.6344893574715,
    -903.9071387052536,
    -885.9045962095261,
    -925.0952632427216,
    -888.8473451733589,
    -933.9792114496231,
    -908.0053642988205,
    -927.893646299839,
    -878.3534087538719,
    -884.1980315446854,
    -917.3968516588211,
    -951.7772200107574,
    -895.8170566558838,
    -948.3577978014946,
    -896.8809149861336,
    -1027.124428987503,
    -927.0966282486916,
    -814.8599829077721,
    -925.3076039552689,
    -945.02809715271,
    -848.2317618131638,
    -955.5502132177353,
    -922.8536050021648,
    -842.2633064985275,
    -927.6079816222191,
    -927.1773827672005,
    -822.6935543417931,
    -932.144983291626,
    -991.0223063826561,
    -913.1468942761421,
    -938.7244582176208,
    -930.001406610012,
    -1000.0509334206581,
    -987.7899397611618,
    -1001.5299352407455,
    -928.9357737898827,
    -959.6045264005661,
    -889.4629262089729,
    -966.8900012373924,
    -877.4040918946266,
    -873.4000253677368,
    -966.9686822295189,
    -1024.0882863998413,
    -953.7309066057205,
    -942.9175039827824,
    -895.2308986186981,
    -939.9751675724983,
    -964.1017262935638,
    -898.1370167732239,
    -902.6480121016502,
    -865.0117555260658,
    -974.2219746112823,
    -941.9307863116264,
    -924.6578018665314,
    -883.4347836375237,
    -904.7549828886986,
    -930.6539313793182,
    -947.6158714294434
  ],
  "epsilon_log": [
    {
      "episode": 50,
      "n_gp_points": 2000,
      "epsilon_total": 0.4152263477444649,
      "epsilon_per_constraint": [
        0.16357846558094025,
        0.16357846558094025,
        0.04403470829129219,
        0.04403470829129219
      ],
      "sigma_gp_mean": 0.010000001639127731,
      "sigma_gp_max": 0.01000000536441803,
      "mu_gp_mean": -16.666658401489258
    },
    {
      "episode": 100,
      "n_gp_points": 2000,
      "epsilon_total": 0.4152263477444649,
      "epsilon_per_constraint": [
        0.16357846558094025,
        0.16357846558094025,
        0.04403470829129219,
        0.04403470829129219
      ],
      "sigma_gp_mean": 0.010000001639127731,
      "sigma_gp_max": 0.01000000536441803,
      "mu_gp_mean": -16.666658401489258
    },
    {
      "episode": 150,
      "n_gp_points": 2000,
      "epsilon_total": 0.4152263477444649,
      "epsilon_per_constraint": [
        0.16357846558094025,
        0.16357846558094025,
        0.04403470829129219,
        0.04403470829129219
      ],
      "sigma_gp_mean": 0.010000001639127731,
      "sigma_gp_max": 0.01000000536441803,
      "mu_gp_mean": -16.666658401489258
    },
    {
      "episode": 200,
      "n_gp_points": 2000,
      "epsilon_total": 0.4152263477444649,
      "epsilon_per_constraint": [
        0.16357846558094025,
        0.16357846558094025,
        0.04403470829129219,
        0.04403470829129219
      ],
      "sigma_gp_mean": 0.010000001639127731,
      "sigma_gp_max": 0.01000000536441803,
      "mu_gp_mean": -16.666658401489258
    }
  ]
}