{
  "violation_rate": [
    0.9264,
    0.010221545871344492
  ],
  "cbf_violation_rate": [
    0.9263600000000001,
    0.010211287871762289
  ],
  "cumulative_reward": [
    -2553.2746204790474,
    93.47061736471824
  ]
}