{
  "violation_rate": [
    0.0032400000000000007,
    0.0025263412279421006
  ],
  "cbf_violation_rate": [
    0.0,
    0.0
  ],
  "cumulative_reward": [
    -1723.266443335649,
    96.6393671724828
  ]
}