{
  "violation_rate": [
    0.06736,
    0.009460993605324972
  ],
  "cbf_violation_rate": [
    0.011040000000000001,
    0.0048865529773041445
  ],
  "cumulative_reward": [
    -4821.553158918917,
    135.16552426976077
  ]
}