{
  "violation_rate": [
    0.9833333333333334,
    0.004714045207910321
  ],
  "cumulative_reward": [
    -1086.9023997721572,
    94.39842128540744
  ],
  "tracking_rmse": {
    "pressure": [
      0.023458159667541265,
      0.002165752981990961
    ],
    "enthalpy": [
      41.95760221935018,
      0.032950327436935954
    ],
    "power": [
      19.083162795460993,
      1.2621739057234747
    ]
  },
  "control_cost": [
    5613.8037109375,
    69.45750022469409
  ],
  "min_barrier_value": [
    -15.100179036458334,
    0.012145570101102024
  ],
  "online_time_ms": [
    72.20083930607264,
    5.517498222913217
  ],
  "convergence_episode": 200,
  "n_training_episodes": 200,
  "reward_history": [
    -512.9040231788531,
    -549.547249074385,
    -508.1992757515982,
    -1272.1658413559198,
    -1381.9919277504086,
    -1274.0995743051171,
    -491.2329236436635,
    -1330.4079422354698,
    -1354.0334144234657,
    -1467.565289273858,
    -1237.7233401536942,
    -1412.1407540738583,
    -577.3992920294404,
    -526.6678680549376,
    -557.6443273209734,
    -1655.4491219520569,
    -1388.9411383271217,
    -504.2339956158539,
    -485.91461439896375,
    -1403.9400719702244,
    -1341.23992562294,
    -1284.2288137748837,
    -612.9520033448935,
    -1431.2265449687839,
    -572.6047142972238,
    -1500.307999804616,
    -548.1550931688398,
    -1374.6853308230639,
    -476.36508901347406,
    -533.1774892173707,
    -1366.3270921856165,
    -1524.8145987465978,
    -1411.5027272254229,
    -493.1606402406469,
    -1238.4175267219543,
    -1515.370694488287,
    -1564.1355588808656,
    -1661.3983666747808,
    -1335.7621308490634,
    -1355.7806463688612,
    -660.1255928874016,
    -565.3777602957562,
    -1524.124941661954,
    -1553.140858642757,
    -504.6983751144726,
    -1233.7541250437498,
    -1367.9861731156707,
    -493.2458409727551,
    -437.0918198642321,
    -548.0495657864958,
    -1504.2128922194242,
    -1464.5177885219455,
    -478.11533632455394,
    -1624.7112104296684,
    -1528.0312457978725,
    -1282.5868908762932,
    -660.2771053118631,
    -504.1319721248001,
    -1443.968942657113,
    -670.9012568965554,
    -1643.9743578061461,
    -680.3486902043223,
    -1505.371973618865,
    -1553.6256533265114,
    -1607.604553155601,
    -549.2167128510773,
    -618.9240189008415,
    -499.561216105707,
    -1497.8622072339058,
    -1561.1974020674825,
    -1749.9588441997766,
    -1420.4183220341802,
    -583.809625249356,
    -1592.4170594513416,
    -1196.359149262309,
    -1628.6251977980137,
    -615.866501102224,
    -565.3467683552299,
    -1310.8982091099024,
    -452.4749358340632,
    -672.9501171158627,
    -1523.6234511435032,
    -1373.3489167913795,
    -551.053481863346,
    -561.723136946559,
    -1612.8940789625049,
    -1602.507122978568,
    -1635.7536175996065,
    -1322.6304735541344,
    -549.5579449138604,
    -1415.6149501726031,
    -1492.9218821525574,
    -1499.829338684678,
    -565.4944187179208,
    -1573.3443226963282,
    -1512.6750197336078,
    -1354.0091106891632,
    -651.8526323349215,
    -1489.4711469113827,
    -1255.131919145584
  ]
}