{
  "violation_rate": [
    0.985,
    0.007071067811865482
  ],
  "cbf_violation_rate": [
    0.985,
    0.007071067811865482
  ],
  "cumulative_reward": [
    -913.3794410030047,
    19.311028803504033
  ],
  "tracking_rmse": {
    "pressure": [
      0.02342565270380571,
      0.0021154010361394368
    ],
    "enthalpy": [
      48.19294889031081,
      0.6717275816638252
    ],
    "power": [
      14.930842236288294,
      0.3128181913476081
    ]
  },
  "control_cost": [
    908.5479736328125,
    44.92808173556572
  ],
  "min_barrier_value": [
    -42.055257161458336,
    1.2157733191515698
  ],
  "online_time_ms": [
    97.22952918421167,
    52.22755852469996
  ],
  "convergence_episode": 200,
  "n_training_episodes": 200,
  "reward_history": [
    -824.8338268995285,
    -1606.1330582499504,
    -11188.420632362366,
    -1521.8200416862965,
    -967.3594622612,
    -10758.888633728027,
    -1650.4351470172405,
    -881.3093750476837,
    -11043.927032470703,
    -10763.65347290039,
    -10766.193717956543,
    -2480.881088912487,
    -1709.125183492899,
    -11447.724584579468,
    -2252.539011269808,
    -2722.732437491417,
    -11738.031925201416,
    -11226.32632446289,
    -1619.1697648763657,
    -2423.861734509468,
    -974.3568960428238,
    -2311.1208727657795,
    -865.7745144963264,
    -885.2746188640594,
    -893.981117606163,
    -10994.978152275085,
    -2413.4625369906425,
    -1539.1707378923893,
    -2818.1674570143223,
    -2337.6577316224575,
    -2203.60022431612,
    -1822.6958140134811,
    -970.1163755059242,
    -870.7421092391014,
    -2412.0631670355797,
    -1510.3340571075678,
    -2298.892061755061,
    -949.60260617733,
    -978.1751648187637,
    -11127.441390037537,
    -2464.3512755036354,
    -913.4847390651703,
    -1809.1570811122656,
    -969.7760702967644,
    -898.0261914134026,
    -11415.654968261719,
    -2476.0118359029293,
    -10997.454720497131,
    -1697.0023917332292,
    -938.5765181779861,
    -2256.3263094723225,
    -908.3822021484375,
    -1733.6868693977594,
    -2459.4697601795197,
    -998.0048305988312,
    -11221.0357837677,
    -2541.915781378746,
    -2498.568146765232,
    -861.2113243341446,
    -887.539250433445,
    -887.6337383985519,
    -1033.3533728122711,
    -1825.246162891388,
    -11147.100483894348,
    -10623.469485282898,
    -2753.193008482456,
    -2644.74817353487,
    -11772.03243637085,
    -11347.097438812256,
    -918.3438299894333,
    -929.4010688066483,
    -1010.6382982730865,
    -2597.2027710974216,
    -936.1070771813393,
    -2569.507744759321,
    -951.7149777412415,
    -11752.712900161743,
    -886.5146535038948,
    -2675.1112380325794,
    -1651.5515834838152,
    -884.057181417942,
    -900.6095987558365,
    -2330.3680777549744,
    -11532.746406555176,
    -2397.62725225091,
    -11357.072692871094,
    -2578.0384603738785,
    -886.4475538134575,
    -921.1943148374557,
    -11414.801372528076,
    -1000.6729358434677,
    -930.8359966874123,
    -2602.7941560149193,
    -901.2423537373543,
    -973.656963288784,
    -991.6186156272888,
    -911.895094871521,
    -917.875877737999,
    -2191.0227086544037,
    -2530.0940091609955
  ],
  "epsilon_log": []
}