{
  "violation_rate": [
    0.0030400000000000006,
    0.0022712111306525426
  ],
  "cbf_violation_rate": [
    0.0,
    0.0
  ],
  "cumulative_reward": [
    -1573.9294975716434,
    95.93367974642045
  ]
}