{
  "violation_rate": [
    0.0016400000000000004,
    0.0019468949637820733
  ],
  "cbf_violation_rate": [
    0.0,
    0.0
  ],
  "cumulative_reward": [
    -1349.2549456785246,
    83.22541003752377
  ]
}