{
  "violation_rate": [
    0.65396,
    0.020542599640746544
  ],
  "cbf_violation_rate": [
    0.0,
    0.0
  ],
  "cumulative_reward": [
    -18009.490316956042,
    381.8633596960168
  ]
}