{
  "violation_rate": [
    0.87048,
    0.016461154273015016
  ],
  "cbf_violation_rate": [
    0.0,
    0.0
  ],
  "cumulative_reward": [
    -24667.807771377564,
    351.4292593930252
  ]
}