{
  "violation_rate": [
    0.0,
    0.0
  ],
  "cumulative_reward": [
    -554.2954200800353,
    13.982583484873906
  ],
  "tracking_rmse": {
    "pressure": [
      0.026162599612115728,
      0.0007334851496175787
    ],
    "enthalpy": [
      9.876389097115766,
      0.3362470465129922
    ],
    "power": [
      16.34548043800797,
      0.23313299644917185
    ]
  },
  "control_cost": [
    999.9836222330729,
    9.813986255723977
  ],
  "min_barrier_value": [
    1.2105909983317058,
    0.21028238177477104
  ],
  "online_time_ms": [
    0.0,
    0.0
  ],
  "convergence_episode": 200,
  "n_training_episodes": 200,
  "reward_history": [
    -1512.5118185952306,
    -577.4133236557245,
    -1227.9909854531288,
    -1354.0981585085392,
    -1335.9930197671056,
    -1320.7450803369284,
    -573.5814222283661,
    -571.2522416731808,
    -545.9512389775482,
    -1430.248868688941,
    -411.14220482762903,
    -1402.0425259619951,
    -476.13338695606217,
    -413.7218255568296,
    -462.18988849024754,
    -593.0362797304988,
    -1568.553379021585,
    -1362.762262865901,
    -568.5856554247439,
    -618.330814640969,
    -1616.8720030486584,
    -647.0232209339738,
    -613.0373775139451,
    -632.9843779206276,
    -1394.8392329514027,
    -1313.0959632396698,
    -631.0187987536192,
    -594.2444086149335,
    -484.5648105145665,
    -562.5346108004451,
    -668.9378575235605,
    -566.9758656062186,
    -1330.0217123925686,
    -1440.1802813857794,
    -507.6263234312646,
    -1385.8914235904813,
    -1339.5567854046822,
    -494.57452066102996,
    -549.1572126708925,
    -503.1866082465276,
    -1383.6641966030002,
    -1345.9433038532734,
    -1311.4265755042434,
    -1423.3733559399843,
    -1552.4924181550741,
    -1428.032000400126,
    -1707.7117323055863,
    -653.4736257568002,
    -464.4737044805661,
    -503.0873479093425,
    -1406.7737863361835,
    -1636.9078058227897,
    -1385.7386984154582,
    -531.2140482931864,
    -489.3960022011306,
    -1576.4355439692736,
    -1476.0017601773143,
    -1366.9023754149675,
    -516.2956637125462,
    -1408.616901628673,
    -1469.5460202917457,
    -1414.630654104054,
    -1580.850043296814,
    -1547.706516586244,
    -1443.2397517859936,
    -565.1000303179026,
    -560.9307534443215,
    -630.5898138582706,
    -1374.9053114950657,
    -1425.2990139871836,
    -701.362185690552,
    -1228.2961521074176,
    -1294.1116122230887,
    -502.9142459165305,
    -1258.577268667519,
    -1479.5886603668332,
    -1608.2998924925923,
    -1445.4400025755167,
    -1325.4064178317785,
    -518.2459113812074,
    -1624.2521766126156,
    -1524.413458749652,
    -440.6374004543759,
    -1429.8843024373055,
    -548.4337492287159,
    -646.5410649906844,
    -1596.9627679362893,
    -450.1454706257209,
    -580.9350780546665,
    -1487.0487066954374,
    -550.4278463311493,
    -1494.8974445983768,
    -1344.4804235324264,
    -1389.7655995339155,
    -572.7031693831086,
    -683.5859841108322,
    -1451.2133135199547,
    -588.5445031686686,
    -596.1463233008981,
    -1443.022628262639
  ]
}