{
  "violation_rate": [
    0.95328,
    0.009284481676431913
  ],
  "cbf_violation_rate": [
    0.0,
    0.0
  ],
  "cumulative_reward": [
    -28404.130775299072,
    416.1851740727282
  ],
  "tracking_rmse": {
    "pressure": [
      1.305707665021302,
      0.0014070523168463174
    ],
    "enthalpy": [
      9.752208059830703,
      0.24576146104179603
    ],
    "power": [
      74.11239523752317,
      0.5576352926511969
    ]
  },
  "control_cost": [
    2322.490078125,
    78.79139733861372
  ],
  "min_barrier_value": [
    -64.95771484375,
    5.160642909651497
  ],
  "online_time_ms": [
    3.86568498278968,
    0.22515075017940783
  ],
  "per_constraint_type": {
    "pressure": {
      "violation_rate": 0.0,
      "violation_count": 0,
      "total_steps": 25000
    },
    "enthalpy": {
      "violation_rate": 0.0,
      "violation_count": 0,
      "total_steps": 25000
    },
    "power": {
      "violation_rate": 0.95328,
      "violation_count": 23832,
      "total_steps": 25000
    }
  },
  "convergence_episode": 200,
  "n_training_episodes": 200,
  "reward_history": [
    -11269.426864624023,
    -11567.086404800415,
    -11428.335166931152,
    -11225.740253448486,
    -10770.832777023315,
    -11545.471623420715,
    -10795.627872467041,
    -11435.365862846375,
    -11386.879073143005,
    -11462.225191116333,
    -10833.41665840149,
    -11363.975658416748,
    -11331.351529121399,
    -11637.901990890503,
    -11526.036041259766,
    -11634.862024307251,
    -11100.474885940552,
    -10994.344923973083,
    -11391.23157119751,
    -11159.566935539246,
    -10858.204745292664,
    -10764.610792160034,
    -11213.25202178955,
    -11941.298059463501,
    -11693.041743278503,
    -11407.632583618164,
    -10937.212244033813,
    -10715.750358581543,
    -11480.457686424255,
    -11324.991659164429,
    -11489.671573638916,
    -11351.897525787354,
    -10973.045910358429,
    -11616.18865776062,
    -10825.067337036133,
    -11198.050425052643,
    -11610.382628440857,
    -11020.595223426819,
    -11573.631318092346,
    -11462.0739402771,
    -11011.67191696167,
    -11446.69555091858,
    -11164.87045288086,
    -11056.568698883057,
    -11579.017156600952,
    -10878.833717346191,
    -11258.084060668945,
    -10889.323662757874,
    -11150.654808998108,
    -11164.127957344055,
    -11098.967680931091,
    -11418.782070159912,
    -11652.418131828308,
    -11359.419619560242,
    -11063.766325950623,
    -11451.966187477112,
    -11325.743078231812,
    -10887.412355422974,
    -11319.830989837646,
    -11110.817626953125,
    -10957.449756622314,
    -11152.209066390991,
    -11226.570949554443,
    -11059.782353401184,
    -11189.432695388794,
    -11651.013860702515,
    -11563.789649009705,
    -11656.108481407166,
    -11382.953804016113,
    -10832.697853088379,
    -11037.997884750366,
    -10704.379117965698,
    -10846.266427993774,
    -11089.424627304077,
    -10844.633143424988,
    -11253.600246429443,
    -10506.571166992188,
    -11394.888102531433,
    -10811.189445495605,
    -11317.042924880981,
    -10989.694115638733,
    -11449.025277137756,
    -11102.273174285889,
    -10926.966928482056,
    -11158.132746696472,
    -11468.267499923706,
    -10960.6267080307,
    -11182.383321762085,
    -11336.677917003632,
    -11212.713325500488,
    -11511.625840187073,
    -11231.834097862244,
    -11097.103256225586,
    -10961.171855926514,
    -11362.462934494019,
    -11019.00122833252,
    -10941.55482006073,
    -10929.647253036499,
    -11036.195726394653,
    -11422.578667163849
  ],
  "epsilon_log": [
    {
      "episode": 50,
      "n_gp_points": 2000,
      "epsilon_total": 0.41522663831710815,
      "epsilon_per_constraint": [
        0.16357862949371338,
        0.16357862949371338,
        0.0440346896648407,
        0.0440346896648407
      ],
      "sigma_gp_mean": 0.01000000350177288,
      "sigma_gp_max": 0.010000010021030903,
      "mu_gp_mean": 0.46464139223098755
    },
    {
      "episode": 100,
      "n_gp_points": 2000,
      "epsilon_total": 0.41522663831710815,
      "epsilon_per_constraint": [
        0.16357862949371338,
        0.16357862949371338,
        0.0440346896648407,
        0.0440346896648407
      ],
      "sigma_gp_mean": 0.01000000350177288,
      "sigma_gp_max": 0.010000010021030903,
      "mu_gp_mean": 0.46464139223098755
    },
    {
      "episode": 150,
      "n_gp_points": 2000,
      "epsilon_total": 0.41522663831710815,
      "epsilon_per_constraint": [
        0.16357862949371338,
        0.16357862949371338,
        0.0440346896648407,
        0.0440346896648407
      ],
      "sigma_gp_mean": 0.01000000350177288,
      "sigma_gp_max": 0.010000010021030903,
      "mu_gp_mean": 0.46464139223098755
    },
    {
      "episode": 200,
      "n_gp_points": 2000,
      "epsilon_total": 0.41522663831710815,
      "epsilon_per_constraint": [
        0.16357862949371338,
        0.16357862949371338,
        0.0440346896648407,
        0.0440346896648407
      ],
      "sigma_gp_mean": 0.01000000350177288,
      "sigma_gp_max": 0.010000010021030903,
      "mu_gp_mean": 0.46464139223098755
    }
  ]
}