{
  "violation_rate": [
    0.0016666666666666668,
    0.0023570226039551583
  ],
  "cbf_violation_rate": [
    0.0,
    0.0
  ],
  "cumulative_reward": [
    -643.8824958205223,
    47.6135270736614
  ],
  "tracking_rmse": {
    "pressure": [
      0.022179251280114023,
      0.002236670959271368
    ],
    "enthalpy": [
      27.794151232118754,
      0.07967357441555123
    ],
    "power": [
      15.60395965274975,
      0.7711462004965315
    ]
  },
  "control_cost": [
    1979.4724527994792,
    21.599427529944993
  ],
  "min_barrier_value": [
    -1.7464599609375,
    2.532015419839622
  ],
  "online_time_ms": [
    519.1737044536663,
    84.07786857640818
  ],
  "convergence_episode": 200,
  "n_training_episodes": 200,
  "reward_history": [
    -894.5664742588997,
    -876.8088262081146,
    -861.8213719725609,
    -905.3738357424736,
    -930.4411154389381,
    -970.4721295833588,
    -963.5490651130676,
    -916.4114093780518,
    -853.1460904181004,
    -882.3555631637573,
    -886.7798277139664,
    -877.6133725047112,
    -1040.7279828190804,
    -917.6402898430824,
    -912.8524730205536,
    -956.5915457606316,
    -882.5106456875801,
    -967.8788768053055,
    -965.8526067733765,
    -889.5752974152565,
    -978.2197898626328,
    -812.0005642175674,
    -930.1938936114311,
    -990.237410724163,
    -888.6332244277,
    -836.1768199205399,
    -886.4822197556496,
    -933.989940226078,
    -902.2588115334511,
    -920.3156664967537,
    -926.2677907347679,
    -882.3309788703918,
    -923.4818149209023,
    -922.5827741026878,
    -887.3662422895432,
    -994.8959785699844,
    -891.1068176627159,
    -907.9690827131271,
    -896.675535261631,
    -934.4838509559631,
    -949.5534498691559,
    -899.9606595635414,
    -993.4078423976898,
    -903.6676125824451,
    -932.1894196271896,
    -939.535445690155,
    -872.120662689209,
    -854.9225451946259,
    -869.9908009171486,
    -947.4041306972504,
    -931.2251685261726,
    -1055.9871467351913,
    -928.1552962064743,
    -876.117517888546,
    -1027.308987736702,
    -972.3822314739227,
    -909.7714139223099,
    -952.3510580062866,
    -936.7735377550125,
    -1021.3258463144302,
    -918.2439782619476,
    -865.0447075366974,
    -921.3553187251091,
    -879.0168978571892,
    -939.2389143109322,
    -1026.5119461417198,
    -858.8490693569183,
    -982.0707324743271,
    -893.0403189659119,
    -898.5972540974617,
    -912.9601303339005,
    -978.8474386930466,
    -938.0659899711609,
    -966.6100559234619,
    -832.2768889069557,
    -894.4548187255859,
    -868.872576713562,
    -974.9820982217789,
    -1009.196023285389,
    -873.6612412333488,
    -863.2034137248993,
    -949.5467791557312,
    -896.0241464972496,
    -971.8303996324539,
    -1007.8333452939987,
    -1046.0571438074112,
    -919.1605736613274,
    -921.2565070390701,
    -905.5658165216446,
    -985.0785189270973,
    -903.5766387581825,
    -952.793824493885,
    -945.6869901418686,
    -931.1495758891106,
    -976.1386719942093,
    -1041.4691740870476,
    -994.5703076124191,
    -887.5730963945389,
    -946.8470700979233,
    -863.3879397511482
  ],
  "epsilon_log": [
    {
      "episode": 50,
      "n_gp_points": 2000,
      "epsilon_total": 0.4152263477444649,
      "epsilon_per_constraint": [
        0.16357846558094025,
        0.16357846558094025,
        0.04403470829129219,
        0.04403470829129219
      ],
      "sigma_gp_mean": 0.010000001639127731,
      "sigma_gp_max": 0.01000000536441803,
      "mu_gp_mean": -16.666656494140625
    },
    {
      "episode": 100,
      "n_gp_points": 2000,
      "epsilon_total": 0.4152263477444649,
      "epsilon_per_constraint": [
        0.16357846558094025,
        0.16357846558094025,
        0.04403470829129219,
        0.04403470829129219
      ],
      "sigma_gp_mean": 0.010000001639127731,
      "sigma_gp_max": 0.01000000536441803,
      "mu_gp_mean": -16.666656494140625
    },
    {
      "episode": 150,
      "n_gp_points": 2000,
      "epsilon_total": 0.4152263477444649,
      "epsilon_per_constraint": [
        0.16357846558094025,
        0.16357846558094025,
        0.04403470829129219,
        0.04403470829129219
      ],
      "sigma_gp_mean": 0.010000001639127731,
      "sigma_gp_max": 0.01000000536441803,
      "mu_gp_mean": -16.666656494140625
    },
    {
      "episode": 200,
      "n_gp_points": 2000,
      "epsilon_total": 0.4152263477444649,
      "epsilon_per_constraint": [
        0.16357846558094025,
        0.16357846558094025,
        0.04403470829129219,
        0.04403470829129219
      ],
      "sigma_gp_mean": 0.010000001639127731,
      "sigma_gp_max": 0.01000000536441803,
      "mu_gp_mean": -16.666656494140625
    }
  ]
}