{
  "violation_rate": [
    0.9757600000000001,
    0.007251372283919789
  ],
  "cbf_violation_rate": [
    0.97568,
    0.007379539281012067
  ],
  "cumulative_reward": [
    -2342.635683546662,
    57.89253000146654
  ]
}