{
  "violation_rate": [
    0.02666666666666667,
    0.006236095644623237
  ],
  "cumulative_reward": [
    -1563.4023894891143,
    36.23997379827099
  ],
  "tracking_rmse": {
    "pressure": [
      0.3166920886908251,
      0.0008445289819663789
    ],
    "enthalpy": [
      10.501729873509639,
      0.41119829173649025
    ],
    "power": [
      27.558282686028434,
      0.3416029425277918
    ]
  },
  "control_cost": [
    999.983642578125,
    9.813957939750969
  ],
  "min_barrier_value": [
    -11.3497314453125,
    3.158719975366918
  ],
  "online_time_ms": [
    0.0,
    0.0
  ],
  "convergence_episode": 200,
  "n_training_episodes": 200,
  "reward_history": [
    -1512.5118185952306,
    -577.4133491665125,
    -1227.9909840524197,
    -1354.0981591641903,
    -1335.9930221512914,
    -1320.7451594918966,
    -573.5813696589321,
    -571.252242984483,
    -545.9512349243741,
    -1430.248874410987,
    -411.1422028178349,
    -1402.0422527343035,
    -476.1332893273793,
    -413.72169788368046,
    -462.18988849036396,
    -593.0363289639354,
    -1568.5533265694976,
    -1362.7622629851103,
    -568.5856554247439,
    -618.3307846002281,
    -1616.872010678053,
    -647.0232419446111,
    -613.0373893156648,
    -632.9844716787338,
    -1394.8393495827913,
    -1313.0959198474884,
    -631.0188047140837,
    -594.2443330660462,
    -484.56484401226044,
    -562.5346233174205,
    -668.9377104789019,
    -566.9757349528372,
    -1330.0220697820187,
    -1440.1802233308554,
    -507.6261982615106,
    -1385.8914235904813,
    -1339.5567896962166,
    -494.57453732099384,
    -549.1572126708925,
    -503.18662367761135,
    -1383.6641275808215,
    -1345.9433249533176,
    -1311.4263811334968,
    -1423.3733559399843,
    -1552.4926233142614,
    -1428.0316279008985,
    -1707.711590923369,
    -653.4736257568002,
    -464.47372930217534,
    -503.0873478795402,
    -1406.7737863361835,
    -1636.9079452976584,
    -1385.7385161444545,
    -531.2138640701305,
    -489.39603236853145,
    -1576.435369744897,
    -1476.0018421933055,
    -1366.9025318175554,
    -516.2956559937447,
    -1408.6170875951648,
    -1469.5461442694068,
    -1414.630517937243,
    -1580.8500804901123,
    -1547.7070536240935,
    -1443.2397526800632,
    -565.099956408143,
    -560.9308020817116,
    -630.5898372232914,
    -1374.9052299559116,
    -1425.299391105771,
    -701.3622095324099,
    -1228.2963848635554,
    -1294.111854456365,
    -502.9142898633145,
    -1258.5769634321332,
    -1479.5886439159513,
    -1608.3000032380223,
    -1445.4396029859781,
    -1325.40642260015,
    -518.2459366661496,
    -1624.252529233694,
    -1524.4135702103376,
    -440.63742262730375,
    -1429.8845208138227,
    -548.4337410032749,
    -646.5410550441593,
    -1596.9628401771188,
    -450.14540318306535,
    -580.9351251423359,
    -1487.0487098544836,
    -550.4277888713405,
    -1494.8974445983768,
    -1344.4806131497025,
    -1389.7657633274794,
    -572.703202046454,
    -683.5859118700027,
    -1451.2133097052574,
    -588.5445149706211,
    -596.1465012803674,
    -1443.022628262639
  ]
}