{
  "violation_rate": [
    0.03004,
    0.007205442387529027
  ],
  "cbf_violation_rate": [
    0.01016,
    0.00494513902736819
  ],
  "cumulative_reward": [
    -3136.8043100595473,
    102.8088062055359
  ]
}