{
  "violation_rate": [
    0.08780000000000002,
    0.012707478113300056
  ],
  "cbf_violation_rate": [
    0.0,
    0.0
  ],
  "cumulative_reward": [
    -6165.349143361449,
    205.48716845489562
  ],
  "tracking_rmse": {
    "pressure": [
      0.4852477049394882,
      0.001768813586799218
    ],
    "enthalpy": [
      9.540683583099835,
      0.2964955330802026
    ],
    "power": [
      34.61948889919809,
      0.5930271818603985
    ]
  },
  "control_cost": [
    2280.9263671875,
    84.90612368858245
  ],
  "min_barrier_value": [
    -22.230185546875,
    4.87159466633928
  ],
  "online_time_ms": [
    2.5326052597165107,
    3.2205513948896063
  ],
  "per_constraint_type": {
    "pressure": {
      "violation_rate": 0.0,
      "violation_count": 0,
      "total_steps": 25000
    },
    "enthalpy": {
      "violation_rate": 0.0,
      "violation_count": 0,
      "total_steps": 25000
    },
    "power": {
      "violation_rate": 0.0878,
      "violation_count": 2195,
      "total_steps": 25000
    }
  },
  "convergence_episode": 200,
  "n_training_episodes": 200,
  "reward_history": [
    -2614.149418324232,
    -2291.567450284958,
    -2690.2079460024834,
    -2728.2125709056854,
    -2351.7047744095325,
    -2191.748472034931,
    -2379.5548195689917,
    -2374.0582424402237,
    -2359.482563018799,
    -2519.5783792436123,
    -2292.9783097207546,
    -2551.5193488001823,
    -2788.6337566375732,
    -2358.527629137039,
    -2443.7646611332893,
    -2194.403243303299,
    -2346.174575358629,
    -2355.852034598589,
    -2467.9890345931053,
    -2364.127160668373,
    -2406.3966463655233,
    -2619.6170496940613,
    -2338.9113534092903,
    -2353.4237034618855,
    -2322.865913927555,
    -2316.209205329418,
    -2331.740952193737,
    -2408.5112802386284,
    -2555.985503524542,
    -2471.145169198513,
    -2274.0916447639465,
    -2435.677682429552,
    -2269.077452391386,
    -2363.1368533968925,
    -2430.862775206566,
    -2325.2872273623943,
    -2384.66433057189,
    -2501.5231049358845,
    -2322.335652321577,
    -2528.358595877886,
    -2366.67946767807,
    -2552.66791549325,
    -2498.7584001123905,
    -2461.6240918040276,
    -2317.3224773705006,
    -2259.572702586651,
    -2308.9843544363976,
    -2571.749317139387,
    -2413.9896124601364,
    -2496.883432030678,
    -2325.733969092369,
    -2291.603742033243,
    -2443.122889459133,
    -2614.308133214712,
    -2359.0542180240154,
    -2572.891971319914,
    -2396.54969124496,
    -2576.2441257834435,
    -2522.983637750149,
    -2258.3996160924435,
    -2399.440979063511,
    -2589.363883316517,
    -2147.066297620535,
    -2423.156100153923,
    -2522.7739444971085,
    -2246.935106664896,
    -2448.1446881890297,
    -2454.9956634640694,
    -2325.066442012787,
    -2415.844987541437,
    -2719.9907295256853,
    -2402.8650383651257,
    -2525.7903356850147,
    -2439.7615320682526,
    -2678.4143282175064,
    -2548.609722971916,
    -2577.740121424198,
    -2431.5479941666126,
    -2489.524447798729,
    -2359.220881521702,
    -2595.8344574272633,
    -2398.1895418167114,
    -2308.0303724706173,
    -2372.5063064694405,
    -2662.8600073456764,
    -2515.174514621496,
    -2605.170935422182,
    -2192.080862700939,
    -2533.8256688714027,
    -2488.7838276028633,
    -2303.2547385692596,
    -2397.728922188282,
    -2244.796822473407,
    -2535.3096368014812,
    -2443.2570302784443,
    -2417.0771675109863,
    -2418.91523873806,
    -2369.25000423193,
    -2405.0707673430443,
    -2366.6292396187782
  ],
  "epsilon_log": [
    {
      "episode": 50,
      "n_gp_points": 2000,
      "epsilon_total": 0.41522639989852905,
      "epsilon_per_constraint": [
        0.16357851028442383,
        0.16357851028442383,
        0.0440346896648407,
        0.0440346896648407
      ],
      "sigma_gp_mean": 0.010000000707805157,
      "sigma_gp_max": 0.010000001639127731,
      "mu_gp_mean": -1.4991669654846191
    },
    {
      "episode": 100,
      "n_gp_points": 2000,
      "epsilon_total": 0.41522639989852905,
      "epsilon_per_constraint": [
        0.16357851028442383,
        0.16357851028442383,
        0.0440346896648407,
        0.0440346896648407
      ],
      "sigma_gp_mean": 0.010000000707805157,
      "sigma_gp_max": 0.010000001639127731,
      "mu_gp_mean": -1.4991669654846191
    },
    {
      "episode": 150,
      "n_gp_points": 2000,
      "epsilon_total": 0.41522639989852905,
      "epsilon_per_constraint": [
        0.16357851028442383,
        0.16357851028442383,
        0.0440346896648407,
        0.0440346896648407
      ],
      "sigma_gp_mean": 0.010000000707805157,
      "sigma_gp_max": 0.010000001639127731,
      "mu_gp_mean": -1.4991669654846191
    },
    {
      "episode": 200,
      "n_gp_points": 2000,
      "epsilon_total": 0.41522639989852905,
      "epsilon_per_constraint": [
        0.16357851028442383,
        0.16357851028442383,
        0.0440346896648407,
        0.0440346896648407
      ],
      "sigma_gp_mean": 0.010000000707805157,
      "sigma_gp_max": 0.010000001639127731,
      "mu_gp_mean": -1.4991669654846191
    }
  ]
}