{
  "violation_rate": [
    0.95016,
    0.00897855222182284
  ],
  "cbf_violation_rate": [
    0.0,
    0.0
  ],
  "cumulative_reward": [
    -28218.848470039367,
    500.78089476160125
  ],
  "tracking_rmse": {
    "pressure": [
      1.3055131129817696,
      0.0012378505072387733
    ],
    "enthalpy": [
      9.708332620420093,
      0.34058417122404566
    ],
    "power": [
      73.85964985934696,
      0.6779108027552658
    ]
  },
  "control_cost": [
    2305.8303955078127,
    80.87565929440755
  ],
  "min_barrier_value": [
    -64.3445751953125,
    6.497901135078019
  ],
  "online_time_ms": [
    3.8539224272966384,
    0.2918753238053285
  ],
  "per_constraint_type": {
    "pressure": {
      "violation_rate": 0.0,
      "violation_count": 0,
      "total_steps": 25000
    },
    "enthalpy": {
      "violation_rate": 0.0,
      "violation_count": 0,
      "total_steps": 25000
    },
    "power": {
      "violation_rate": 0.95016,
      "violation_count": 23754,
      "total_steps": 25000
    }
  },
  "convergence_episode": 200,
  "n_training_episodes": 200,
  "reward_history": [
    -10855.729267597198,
    -10907.394435882568,
    -11145.812419891357,
    -11214.35673904419,
    -11452.463640213013,
    -11364.781070232391,
    -11188.994039535522,
    -11383.772514343262,
    -10698.25082397461,
    -11288.59592628479,
    -11256.45958518982,
    -11206.105993270874,
    -11665.493536949158,
    -11504.07561302185,
    -11253.888591766357,
    -11555.270253181458,
    -11003.493551254272,
    -11326.273090362549,
    -11433.161050796509,
    -11002.973138809204,
    -11623.992062568665,
    -11000.023393630981,
    -11230.605345726013,
    -11328.046959877014,
    -11102.617780685425,
    -11059.057725906372,
    -11077.516664028168,
    -11365.41208076477,
    -11288.50269317627,
    -11465.099773406982,
    -11078.7154006958,
    -11102.692594528198,
    -11275.249265670776,
    -11112.754731178284,
    -11264.756786346436,
    -11600.475102424622,
    -11163.539302825928,
    -11397.073198318481,
    -11041.717988014221,
    -11513.28792476654,
    -11362.325881004333,
    -11427.600053787231,
    -11429.190591812134,
    -11066.821077346802,
    -11221.59123802185,
    -11280.942468643188,
    -11151.589771270752,
    -10934.428686141968,
    -11048.773656845093,
    -11422.929463386536,
    -11161.457607269287,
    -11899.8982629776,
    -11209.905174255371,
    -10938.23334312439,
    -11632.753015518188,
    -11495.815648078918,
    -11012.979822158813,
    -11450.166652679443,
    -11043.795202255249,
    -11405.47412109375,
    -11434.62121963501,
    -11164.243476867676,
    -11491.01030921936,
    -10919.460688591003,
    -10945.947051048279,
    -11786.14970111847,
    -10861.936091423035,
    -11492.850942611694,
    -10819.582634925842,
    -10940.3428440094,
    -11057.774055480957,
    -11533.270700454712,
    -11498.497539520264,
    -11344.36315536499,
    -10685.27919960022,
    -11175.633447647095,
    -10493.716720581055,
    -11263.900159835815,
    -11509.592005729675,
    -10788.455324172974,
    -11086.548840522766,
    -11462.741177558899,
    -11068.864221572876,
    -11090.939867973328,
    -11717.597919464111,
    -11648.636170387268,
    -11315.250833511353,
    -11299.400954246521,
    -11054.725311279297,
    -11633.390635490417,
    -10853.436957359314,
    -11129.269879341125,
    -11195.783528327942,
    -11107.560821533203,
    -11489.65748500824,
    -11275.569373130798,
    -11540.526439666748,
    -11232.59492778778,
    -11457.413535118103,
    -10933.759651184082
  ],
  "epsilon_log": [
    {
      "episode": 50,
      "n_gp_points": 2000,
      "epsilon_total": 0.41522663831710815,
      "epsilon_per_constraint": [
        0.16357862949371338,
        0.16357862949371338,
        0.0440346896648407,
        0.0440346896648407
      ],
      "sigma_gp_mean": 0.01000000350177288,
      "sigma_gp_max": 0.010000010021030903,
      "mu_gp_mean": 0.4646459221839905
    },
    {
      "episode": 100,
      "n_gp_points": 2000,
      "epsilon_total": 0.41522663831710815,
      "epsilon_per_constraint": [
        0.16357862949371338,
        0.16357862949371338,
        0.0440346896648407,
        0.0440346896648407
      ],
      "sigma_gp_mean": 0.01000000350177288,
      "sigma_gp_max": 0.010000010021030903,
      "mu_gp_mean": 0.4646459221839905
    },
    {
      "episode": 150,
      "n_gp_points": 2000,
      "epsilon_total": 0.41522663831710815,
      "epsilon_per_constraint": [
        0.16357862949371338,
        0.16357862949371338,
        0.0440346896648407,
        0.0440346896648407
      ],
      "sigma_gp_mean": 0.01000000350177288,
      "sigma_gp_max": 0.010000010021030903,
      "mu_gp_mean": 0.4646459221839905
    },
    {
      "episode": 200,
      "n_gp_points": 2000,
      "epsilon_total": 0.41522663831710815,
      "epsilon_per_constraint": [
        0.16357862949371338,
        0.16357862949371338,
        0.0440346896648407,
        0.0440346896648407
      ],
      "sigma_gp_mean": 0.01000000350177288,
      "sigma_gp_max": 0.010000010021030903,
      "mu_gp_mean": 0.4646459221839905
    }
  ]
}