{
  "violation_rate": [
    0.0010400000000000001,
    0.001399428454762872
  ],
  "cbf_violation_rate": [
    0.0,
    0.0
  ],
  "cumulative_reward": [
    -1199.1285476857004,
    54.67893516867992
  ]
}