{
  "violation_rate": [
    0.06833333333333334,
    0.006236095644623236
  ],
  "cumulative_reward": [
    -1368.9177523776889,
    22.791730155770242
  ],
  "tracking_rmse": {
    "pressure": [
      0.29831751757935826,
      0.0014516528403096566
    ],
    "enthalpy": [
      15.835351054726871,
      0.07895503849145279
    ],
    "power": [
      25.49252801545506,
      0.2169401151340546
    ]
  },
  "control_cost": [
    920.6004231770834,
    39.420967486050394
  ],
  "min_barrier_value": [
    -8.359578450520834,
    2.2403165836728314
  ],
  "online_time_ms": [
    0.0,
    0.0
  ],
  "convergence_episode": 200,
  "n_training_episodes": 200,
  "reward_history": [
    -1378.2113636434078,
    -1265.2689611837268,
    -544.5029639676213,
    -1537.5918917506933,
    -1421.2644656151533,
    -1418.242147102952,
    -574.5108177107759,
    -1436.130582459271,
    -541.9526981557719,
    -525.9764304310083,
    -1273.5036079734564,
    -584.3148692888208,
    -1467.0173215568066,
    -1407.740174971521,
    -603.8521238267422,
    -1499.164704889059,
    -1428.7791103869677,
    -1286.4539190381765,
    -1312.885200291872,
    -1417.4902479201555,
    -1309.2292497456074,
    -1380.821403004229,
    -1461.8571797013283,
    -441.0893647605553,
    -1543.574887380004,
    -1392.492854654789,
    -1449.8891844674945,
    -1629.694352850318,
    -585.0222907923162,
    -527.7414086358622,
    -497.33257989306003,
    -1338.0980873405933,
    -1508.7569208145142,
    -1320.0393566712737,
    -478.8820537268184,
    -1191.0707618296146,
    -1433.900650858879,
    -1691.0846797823906,
    -1488.811597071588,
    -1495.3821586668491,
    -615.1086551249027,
    -1605.6319063976407,
    -1378.8318347781897,
    -1361.6754289716482,
    -1512.9191074222326,
    -1378.6189811825752,
    -1299.1111505255103,
    -1362.1686831116676,
    -1231.607462450862,
    -1327.6191770881414,
    -1424.4209056124091,
    -637.7122276723385,
    -1455.4815558344126,
    -1355.0162718594074,
    -529.5221689615864,
    -1383.4142936095595,
    -548.2325847349712,
    -1444.5015531629324,
    -1358.397072121501,
    -1386.5137442052364,
    -1233.12863150239,
    -518.8970313542522,
    -1427.2875623106956,
    -1301.8475732579827,
    -478.0148322554305,
    -1513.5275586396456,
    -1383.2473922669888,
    -1403.466935761273,
    -1406.7833493202925,
    -649.1507180267945,
    -1388.1768815219402,
    -576.6716560311615,
    -430.3242353256792,
    -1536.2798304334283,
    -1409.0980187952518,
    -587.0034822531743,
    -1408.8240665271878,
    -529.8273179009557,
    -1263.1708858162165,
    -1557.6129482835531,
    -613.6521562854759,
    -1475.7799712345004,
    -1689.186425410211,
    -517.3121731095016,
    -566.9660888295621,
    -474.0289366967045,
    -535.8326511578634,
    -537.1553428098559,
    -523.5622175484896,
    -501.14696492441,
    -1311.7172411829233,
    -1537.8835535347462,
    -1517.9863171577454,
    -580.2166111709084,
    -547.5890103951097,
    -1452.3826189860702,
    -545.5099235781236,
    -1227.9384164512157,
    -1175.4623309448361,
    -587.9380932152271
  ]
}