{
  "violation_rate": [
    0.08816,
    0.013604940279178001
  ],
  "cbf_violation_rate": [
    0.0,
    0.0
  ],
  "cumulative_reward": [
    -6168.890357648433,
    222.19586224798235
  ],
  "tracking_rmse": {
    "pressure": [
      0.4854789053303179,
      0.0012829932934496663
    ],
    "enthalpy": [
      9.541596022254952,
      0.3284918194391707
    ],
    "power": [
      34.62713173301147,
      0.6393650087085433
    ]
  },
  "control_cost": [
    2304.048544921875,
    79.89941968130242
  ],
  "min_barrier_value": [
    -22.37474365234375,
    6.283625449340517
  ],
  "online_time_ms": [
    2.5157928854972123,
    2.7396087886115192
  ],
  "per_constraint_type": {
    "pressure": {
      "violation_rate": 0.0,
      "violation_count": 0,
      "total_steps": 25000
    },
    "enthalpy": {
      "violation_rate": 0.0,
      "violation_count": 0,
      "total_steps": 25000
    },
    "power": {
      "violation_rate": 0.08816,
      "violation_count": 2204,
      "total_steps": 25000
    }
  },
  "convergence_episode": 200,
  "n_training_episodes": 200,
  "reward_history": [
    -2291.7961573302746,
    -2300.3736461102962,
    -2380.9537211060524,
    -2426.581077992916,
    -2534.2641985416412,
    -2524.0445242226124,
    -2445.002191245556,
    -2490.9206173717976,
    -2206.034172773361,
    -2436.8439313471317,
    -2431.401691108942,
    -2413.9067980349064,
    -2664.2190134823322,
    -2534.7317922115326,
    -2434.992948681116,
    -2578.1815120875835,
    -2331.9929515719414,
    -2501.367093130946,
    -2540.6068508327007,
    -2336.651091247797,
    -2619.2272701859474,
    -2291.0679988265038,
    -2440.7003467679024,
    -2507.815648853779,
    -2365.656508654356,
    -2326.712852060795,
    -2366.054274275899,
    -2506.9907119870186,
    -2442.765657246113,
    -2521.839025348425,
    -2393.094444513321,
    -2366.405088827014,
    -2461.5415873527527,
    -2391.2196646928787,
    -2423.019698292017,
    -2613.673791319132,
    -2389.733848184347,
    -2488.663397014141,
    -2357.654176771641,
    -2556.836277395487,
    -2504.8307037055492,
    -2495.1293638944626,
    -2553.086928188801,
    -2375.613311499357,
    -2438.557146936655,
    -2462.959044009447,
    -2384.1733530163765,
    -2290.3207803219557,
    -2346.566346347332,
    -2522.1244026720524,
    -2409.4141070842743,
    -2760.4679374694824,
    -2438.983731597662,
    -2307.866331487894,
    -2630.8352286815643,
    -2563.8868132829666,
    -2347.973305851221,
    -2539.07915019989,
    -2371.074778109789,
    -2562.3817460536957,
    -2507.6064515709877,
    -2374.1521559357643,
    -2530.6109205782413,
    -2292.086337953806,
    -2335.751185029745,
    -2700.4657766520977,
    -2265.485594332218,
    -2564.7425652742386,
    -2277.2988889813423,
    -2329.7408660054207,
    -2368.165307044983,
    -2579.01097920537,
    -2542.968969285488,
    -2508.8373803198338,
    -2189.8409581184387,
    -2409.622898310423,
    -2133.841361194849,
    -2468.6857347637415,
    -2584.138106405735,
    -2245.0487279593945,
    -2356.6625151634216,
    -2523.2073277831078,
    -2361.798715531826,
    -2408.473537117243,
    -2651.6172277629375,
    -2656.1903826892376,
    -2472.4171557724476,
    -2461.700295329094,
    -2373.122191488743,
    -2621.7740625739098,
    -2279.2098301947117,
    -2402.000667512417,
    -2436.7113331854343,
    -2404.381234332919,
    -2573.5545049011707,
    -2516.670458227396,
    -2585.091897457838,
    -2414.661781579256,
    -2539.4037329256535,
    -2297.746346414089
  ],
  "epsilon_log": [
    {
      "episode": 50,
      "n_gp_points": 2000,
      "epsilon_total": 0.41522637009620667,
      "epsilon_per_constraint": [
        0.16357849538326263,
        0.16357849538326263,
        0.0440346896648407,
        0.0440346896648407
      ],
      "sigma_gp_mean": 0.010000000707805157,
      "sigma_gp_max": 0.010000000707805157,
      "mu_gp_mean": -1.499161720275879
    },
    {
      "episode": 100,
      "n_gp_points": 2000,
      "epsilon_total": 0.41522637009620667,
      "epsilon_per_constraint": [
        0.16357849538326263,
        0.16357849538326263,
        0.0440346896648407,
        0.0440346896648407
      ],
      "sigma_gp_mean": 0.010000000707805157,
      "sigma_gp_max": 0.010000000707805157,
      "mu_gp_mean": -1.499161720275879
    },
    {
      "episode": 150,
      "n_gp_points": 2000,
      "epsilon_total": 0.41522637009620667,
      "epsilon_per_constraint": [
        0.16357849538326263,
        0.16357849538326263,
        0.0440346896648407,
        0.0440346896648407
      ],
      "sigma_gp_mean": 0.010000000707805157,
      "sigma_gp_max": 0.010000000707805157,
      "mu_gp_mean": -1.499161720275879
    },
    {
      "episode": 200,
      "n_gp_points": 2000,
      "epsilon_total": 0.41522637009620667,
      "epsilon_per_constraint": [
        0.16357849538326263,
        0.16357849538326263,
        0.0440346896648407,
        0.0440346896648407
      ],
      "sigma_gp_mean": 0.010000000707805157,
      "sigma_gp_max": 0.010000000707805157,
      "mu_gp_mean": -1.499161720275879
    }
  ]
}