{
  "violation_rate": [
    0.03168,
    0.007226174644997172
  ],
  "cbf_violation_rate": [
    0.0,
    0.0
  ],
  "cumulative_reward": [
    -4202.586507683545,
    164.35306886054147
  ],
  "tracking_rmse": {
    "pressure": [
      0.35116788183510667,
      0.00205971596985291
    ],
    "enthalpy": [
      9.533041302566351,
      0.30756844613571493
    ],
    "power": [
      28.596286657568932,
      0.5724000213486907
    ]
  },
  "control_cost": [
    2281.2555322265625,
    84.81456038191894
  ],
  "min_barrier_value": [
    -15.39384521484375,
    4.8426007938486775
  ],
  "online_time_ms": [
    2.4777089413814246,
    0.16849173553763708
  ],
  "per_constraint_type": {
    "pressure": {
      "violation_rate": 0.0,
      "violation_count": 0,
      "total_steps": 25000
    },
    "enthalpy": {
      "violation_rate": 0.0,
      "violation_count": 0,
      "total_steps": 25000
    },
    "power": {
      "violation_rate": 0.03168,
      "violation_count": 792,
      "total_steps": 25000
    }
  },
  "convergence_episode": 200,
  "n_training_episodes": 200,
  "reward_history": [
    -1804.6326719224453,
    -1529.3864872157574,
    -1850.0234536528587,
    -1888.9742744863033,
    -1580.8058501034975,
    -1462.2851434350014,
    -1619.425618648529,
    -1607.6053448617458,
    -1593.9313310831785,
    -1704.5992713421583,
    -1530.343767002225,
    -1736.4980874732137,
    -1940.0745806097984,
    -1586.2909973859787,
    -1659.2199422195554,
    -1443.75028000772,
    -1586.4760853797197,
    -1587.781938418746,
    -1668.278845012188,
    -1591.4047475010157,
    -1631.3331925421953,
    -1787.3561228960752,
    -1567.1655818521976,
    -1570.7416001558304,
    -1562.4577482044697,
    -1552.8337139934301,
    -1567.8863261118531,
    -1616.3575983196497,
    -1740.100759923458,
    -1685.5110128372908,
    -1521.3440253585577,
    -1650.0248245596886,
    -1518.6028659641743,
    -1607.216472223401,
    -1660.9969664365053,
    -1568.4612787514925,
    -1604.5421545952559,
    -1701.6006638258696,
    -1566.013555958867,
    -1721.7986901775002,
    -1601.6457508206367,
    -1740.7560790330172,
    -1706.3434263914824,
    -1669.1959577947855,
    -1557.78362429142,
    -1517.9810332357883,
    -1547.5254742056131,
    -1748.2909378558397,
    -1634.4365701079369,
    -1698.1719931587577,
    -1563.7264744192362,
    -1540.320449322462,
    -1654.542238742113,
    -1791.551980867982,
    -1595.427500218153,
    -1759.7177314907312,
    -1615.1108614206314,
    -1775.7963482737541,
    -1716.8325827121735,
    -1495.723225966096,
    -1629.4256357252598,
    -1768.1108516454697,
    -1420.412589326501,
    -1648.907697275281,
    -1716.3904578238726,
    -1504.254586905241,
    -1655.283918350935,
    -1664.1314867585897,
    -1548.716681227088,
    -1640.7417795956135,
    -1874.062899634242,
    -1622.5686336010695,
    -1723.0133932977915,
    -1660.9420187473297,
    -1846.85299757123,
    -1757.239490494132,
    -1769.7918078452349,
    -1653.6892826408148,
    -1701.9674456119537,
    -1588.051111906767,
    -1785.4806971251965,
    -1609.225745394826,
    -1548.5867033749819,
    -1616.5178191065788,
    -1838.8668994009495,
    -1717.613014653325,
    -1781.2027559280396,
    -1463.0987789928913,
    -1736.4088797941804,
    -1702.1487583220005,
    -1546.3618181496859,
    -1630.4909063726664,
    -1492.8190412670374,
    -1741.585353501141,
    -1665.4778411984444,
    -1640.5299523621798,
    -1628.6520606130362,
    -1599.2839345932007,
    -1631.38376891613,
    -1601.1769775599241
  ],
  "epsilon_log": [
    {
      "episode": 50,
      "n_gp_points": 2000,
      "epsilon_total": 0.48997828364372253,
      "epsilon_per_constraint": [
        0.16358716785907745,
        0.16358716785907745,
        0.08140197396278381,
        0.08140197396278381
      ],
      "sigma_gp_mean": 0.012857094407081604,
      "sigma_gp_max": 0.018570734187960625,
      "mu_gp_mean": -1.5491795539855957
    },
    {
      "episode": 100,
      "n_gp_points": 2000,
      "epsilon_total": 0.48997828364372253,
      "epsilon_per_constraint": [
        0.16358716785907745,
        0.16358716785907745,
        0.08140197396278381,
        0.08140197396278381
      ],
      "sigma_gp_mean": 0.012857094407081604,
      "sigma_gp_max": 0.018570734187960625,
      "mu_gp_mean": -1.5491795539855957
    },
    {
      "episode": 150,
      "n_gp_points": 2000,
      "epsilon_total": 0.48997828364372253,
      "epsilon_per_constraint": [
        0.16358716785907745,
        0.16358716785907745,
        0.08140197396278381,
        0.08140197396278381
      ],
      "sigma_gp_mean": 0.012857094407081604,
      "sigma_gp_max": 0.018570734187960625,
      "mu_gp_mean": -1.5491795539855957
    },
    {
      "episode": 200,
      "n_gp_points": 2000,
      "epsilon_total": 0.48997828364372253,
      "epsilon_per_constraint": [
        0.16358716785907745,
        0.16358716785907745,
        0.08140197396278381,
        0.08140197396278381
      ],
      "sigma_gp_mean": 0.012857094407081604,
      "sigma_gp_max": 0.018570734187960625,
      "mu_gp_mean": -1.5491795539855957
    }
  ]
}