{
  "violation_rate": [
    0.03,
    0.0040824829046386315
  ],
  "cumulative_reward": [
    -1471.0954286108415,
    24.798437338873796
  ],
  "tracking_rmse": {
    "pressure": [
      0.31216340382670366,
      0.0010579392697572735
    ],
    "enthalpy": [
      10.72775835028448,
      0.43544898394620285
    ],
    "power": [
      26.687773830829347,
      0.22312237577579208
    ]
  },
  "control_cost": [
    918.8294067382812,
    38.98629991306023
  ],
  "min_barrier_value": [
    -11.0267333984375,
    4.788773838613853
  ],
  "online_time_ms": [
    0.0,
    0.0
  ],
  "convergence_episode": 200,
  "n_training_episodes": 200,
  "reward_history": [
    -1468.8027436360717,
    -1417.114142857492,
    -1353.298972710967,
    -456.35173890646547,
    -543.7273553647101,
    -1515.821308478713,
    -1499.04231454432,
    -1514.8666651248932,
    -575.9918037522584,
    -1575.9753161370754,
    -579.8116289996542,
    -1249.5485022813082,
    -1335.516490995884,
    -1287.1943954899907,
    -1259.4541944414377,
    -1380.4950063377619,
    -681.2156561650336,
    -1481.9116662591696,
    -1372.679812528193,
    -1466.1657165288925,
    -647.5408567339182,
    -552.7940064803697,
    -1599.1864376664162,
    -1451.6288949847221,
    -532.8777665495872,
    -1466.1179772913456,
    -591.3616215884686,
    -524.788887295872,
    -1564.4536102414131,
    -695.6151489466429,
    -1384.184336900711,
    -1358.4421594813466,
    -1301.7811245173216,
    -551.2885896265507,
    -1583.1610804349184,
    -1409.7098300158978,
    -1523.1092511862516,
    -1300.0001055449247,
    -1307.099447786808,
    -1427.4806175604463,
    -1480.2101847827435,
    -1360.212581396103,
    -1356.5007897540927,
    -1507.559220008552,
    -1553.3070568963885,
    -569.431963250041,
    -1451.0562907457352,
    -647.0266061797738,
    -544.1955598795321,
    -1399.4852058142424,
    -1638.236164495349,
    -1430.5841884166002,
    -1443.4168212786317,
    -1384.1116191446781,
    -1632.2735741063952,
    -1675.1783828809857,
    -1398.778213724494,
    -444.3220617431216,
    -590.5528830960393,
    -1404.9481754004955,
    -603.8463436318561,
    -650.6139724217355,
    -567.4960969127715,
    -1426.750131212175,
    -593.6976339356042,
    -616.5073309540749,
    -1458.8062480464578,
    -648.433888901025,
    -1540.2462150976062,
    -1538.0118943825364,
    -1366.2270800620317,
    -1519.583887308836,
    -1452.2479644194245,
    -622.6423978954554,
    -1476.0962050259113,
    -1492.9178457260132,
    -1523.8310405313969,
    -558.3693935908377,
    -1366.5997720137239,
    -599.6179457958788,
    -1382.7400970160961,
    -568.3025199472904,
    -1349.2434236258268,
    -545.4276257762685,
    -580.9582857554778,
    -457.49586024926975,
    -1528.1737297847867,
    -676.0962779447436,
    -1475.201983615756,
    -1423.7729862183332,
    -1412.5226753279567,
    -1374.4493737518787,
    -1461.8562759459019,
    -1370.6810379475355,
    -1388.3999032080173,
    -516.5510659078136,
    -1437.679336503148,
    -1560.450087711215,
    -624.2597379535437,
    -1303.8424321115017
  ]
}