{
  "violation_rate": [
    0.03124,
    0.0077654619952711125
  ],
  "cbf_violation_rate": [
    0.0,
    0.0
  ],
  "cumulative_reward": [
    -4200.189973816276,
    152.0682439877196
  ],
  "tracking_rmse": {
    "pressure": [
      0.3514457369014159,
      0.001985791612724509
    ],
    "enthalpy": [
      9.544682612068195,
      0.29694113266853767
    ],
    "power": [
      28.585056758898276,
      0.537228572931971
    ]
  },
  "control_cost": [
    2300.7794482421873,
    82.90599031468646
  ],
  "min_barrier_value": [
    -15.856787109375,
    4.692333402343754
  ],
  "online_time_ms": [
    2.475463593509048,
    0.29659526406125175
  ],
  "per_constraint_type": {
    "pressure": {
      "violation_rate": 0.0,
      "violation_count": 0,
      "total_steps": 25000
    },
    "enthalpy": {
      "violation_rate": 0.0,
      "violation_count": 0,
      "total_steps": 25000
    },
    "power": {
      "violation_rate": 0.03124,
      "violation_count": 781,
      "total_steps": 25000
    }
  },
  "convergence_episode": 200,
  "n_training_episodes": 200,
  "reward_history": [
    -1645.549274072051,
    -1729.5200298279524,
    -1683.888832807541,
    -1635.0699096173048,
    -1695.8922794163227,
    -1702.522180646658,
    -1632.5257890969515,
    -1747.8871041834354,
    -1511.6418952345848,
    -1581.9220987707376,
    -1615.5388964116573,
    -1444.096464946866,
    -1428.475343734026,
    -1840.4753679931164,
    -1657.2431915402412,
    -1785.882443383336,
    -1568.6346687674522,
    -1646.9238377511501,
    -1672.451410189271,
    -1598.1175792515278,
    -1452.5440706387162,
    -1654.8026970773935,
    -1765.0483873412013,
    -1589.0376069694757,
    -1837.0118698775768,
    -1705.4431559443474,
    -1598.7308968156576,
    -1638.4732390344143,
    -1854.3085051476955,
    -1690.5502825677395,
    -1835.0722324252129,
    -1546.597556143999,
    -1803.95088391006,
    -1635.1161382198334,
    -1827.974074035883,
    -1857.487563535571,
    -1727.8490350916982,
    -1756.4340486079454,
    -1595.058956503868,
    -1648.6487849280238,
    -1599.8072551190853,
    -1466.1271218061447,
    -1516.5620889365673,
    -1420.7252255380154,
    -1482.2325173467398,
    -1816.2198024690151,
    -1581.835458099842,
    -1691.958922073245,
    -1573.2547277510166,
    -1423.0840263143182,
    -1775.9604759514332,
    -1647.6360978782177,
    -1593.644500643015,
    -1544.231076925993,
    -1626.1453012526035,
    -1813.4191584140062,
    -1609.5181344300508,
    -1531.2793919369578,
    -1473.6293953806162,
    -1783.6598704755306,
    -1548.089174464345,
    -1705.4461046904325,
    -1543.1090078055859,
    -1515.8553641587496,
    -1732.7161024957895,
    -1692.3162309676409,
    -1662.5425165593624,
    -1652.4272318184376,
    -1854.042569026351,
    -1534.4286561310291,
    -1762.5492018163204,
    -1544.3331508487463,
    -1546.9535258188844,
    -1688.6135159283876,
    -1651.6464921534061,
    -1700.2571083158255,
    -1757.8487340658903,
    -1583.807032585144,
    -1806.3927919566631,
    -1851.52509444952,
    -1783.2884276658297,
    -1729.9518904089928,
    -1640.5470314472914,
    -1546.2501601427794,
    -1767.202104702592,
    -1741.5101957917213,
    -1793.7999990284443,
    -1637.089726537466,
    -1826.373008057475,
    -1757.169719055295,
    -1602.1213480979204,
    -1600.854280769825,
    -1502.8169779777527,
    -1685.8440257161856,
    -1783.8963975459337,
    -1557.182649627328,
    -1629.9796494692564,
    -1507.1676137000322,
    -1623.3915022313595,
    -1745.458406880498
  ],
  "epsilon_log": [
    {
      "episode": 50,
      "n_gp_points": 2000,
      "epsilon_total": 0.4916601926088333,
      "epsilon_per_constraint": [
        0.16358402371406555,
        0.16358402371406555,
        0.0822460725903511,
        0.0822460725903511
      ],
      "sigma_gp_mean": 0.012921564280986786,
      "sigma_gp_max": 0.01876434125006199,
      "mu_gp_mean": -1.549146056175232
    },
    {
      "episode": 100,
      "n_gp_points": 2000,
      "epsilon_total": 0.4916601926088333,
      "epsilon_per_constraint": [
        0.16358402371406555,
        0.16358402371406555,
        0.0822460725903511,
        0.0822460725903511
      ],
      "sigma_gp_mean": 0.012921564280986786,
      "sigma_gp_max": 0.01876434125006199,
      "mu_gp_mean": -1.549146056175232
    },
    {
      "episode": 150,
      "n_gp_points": 2000,
      "epsilon_total": 0.4916601926088333,
      "epsilon_per_constraint": [
        0.16358402371406555,
        0.16358402371406555,
        0.0822460725903511,
        0.0822460725903511
      ],
      "sigma_gp_mean": 0.012921564280986786,
      "sigma_gp_max": 0.01876434125006199,
      "mu_gp_mean": -1.549146056175232
    },
    {
      "episode": 200,
      "n_gp_points": 2000,
      "epsilon_total": 0.4916601926088333,
      "epsilon_per_constraint": [
        0.16358402371406555,
        0.16358402371406555,
        0.0822460725903511,
        0.0822460725903511
      ],
      "sigma_gp_mean": 0.012921564280986786,
      "sigma_gp_max": 0.01876434125006199,
      "mu_gp_mean": -1.549146056175232
    }
  ]
}