{
  "violation_rate": [
    0.0,
    0.0
  ],
  "cbf_violation_rate": [
    0.0,
    0.0
  ],
  "cumulative_reward": [
    -646.5712646842003,
    23.40540498110504
  ],
  "tracking_rmse": {
    "pressure": [
      0.022806984585686477,
      0.0019558232076249907
    ],
    "enthalpy": [
      27.81912559866504,
      0.041308131290067794
    ],
    "power": [
      15.65268047857161,
      0.37009757417667427
    ]
  },
  "control_cost": [
    2011.6922607421875,
    20.76434266264537
  ],
  "min_barrier_value": [
    0.0439453125,
    0.0
  ],
  "online_time_ms": [
    528.3136323521225,
    22.646626404491982
  ],
  "convergence_episode": 200,
  "n_training_episodes": 200,
  "reward_history": [
    -882.1606633663177,
    -994.567236661911,
    -937.3390607833862,
    -937.5008280277252,
    -809.8634298443794,
    -930.8706706762314,
    -839.8191187977791,
    -969.0720512270927,
    -915.5742309093475,
    -952.1613352894783,
    -837.6571992635727,
    -923.2101289629936,
    -894.047958612442,
    -1036.8959141373634,
    -921.424847483635,
    -940.6581169068813,
    -882.6343404650688,
    -904.8752589821815,
    -902.6723245978355,
    -919.3430400490761,
    -857.7645007371902,
    -848.391995370388,
    -865.7076126337051,
    -1050.904104232788,
    -1000.6502011865377,
    -932.0905455946922,
    -887.9233512878418,
    -838.0225447416306,
    -979.9485558867455,
    -940.0933928489685,
    -924.4254679083824,
    -970.9786756038666,
    -953.0815813541412,
    -956.084957420826,
    -833.0657662153244,
    -919.3772311210632,
    -1010.6172787547112,
    -864.2076592445374,
    -923.7997564673424,
    -959.456513106823,
    -878.0298494100571,
    -928.3632084727287,
    -953.9038196206093,
    -827.5240773558617,
    -1008.9748062491417,
    -916.3615028262138,
    -938.3248501420021,
    -881.5307796597481,
    -905.9340905547142,
    -956.5969678163528,
    -935.1414827108383,
    -978.6459293961525,
    -1042.9675133228302,
    -941.642835855484,
    -923.3519970178604,
    -957.6322749853134,
    -917.7626956701279,
    -931.195198059082,
    -947.8776252269745,
    -889.0146601200104,
    -865.9680540561676,
    -928.8820001482964,
    -930.8661241531372,
    -959.8184549212456,
    -929.4983384609222,
    -973.4575170278549,
    -964.686438024044,
    -955.3264998197556,
    -950.310240983963,
    -867.764605820179,
    -923.2794386148453,
    -858.0942205190659,
    -878.3163447380066,
    -919.9548126459122,
    -922.1089441776276,
    -902.0133759379387,
    -850.9305135011673,
    -944.8848484158516,
    -849.7689519524574,
    -935.3817856907845,
    -919.6291605234146,
    -963.2851991355419,
    -872.396933734417,
    -882.1110566854477,
    -907.2693916559219,
    -977.2213441133499,
    -853.9482533931732,
    -944.0092338621616,
    -942.1238290667534,
    -905.6005779504776,
    -962.4290559887886,
    -911.9195976257324,
    -924.8694910407066,
    -913.3661306500435,
    -977.3118840456009,
    -885.9415661096573,
    -894.5013570785522,
    -907.1101297736168,
    -926.5115158855915,
    -1007.2774035334587
  ],
  "epsilon_log": [
    {
      "episode": 50,
      "n_gp_points": 2000,
      "epsilon_total": 0.4152263477444649,
      "epsilon_per_constraint": [
        0.16357846558094025,
        0.16357846558094025,
        0.04403470829129219,
        0.04403470829129219
      ],
      "sigma_gp_mean": 0.010000001639127731,
      "sigma_gp_max": 0.01000000536441803,
      "mu_gp_mean": -16.666656494140625
    },
    {
      "episode": 100,
      "n_gp_points": 2000,
      "epsilon_total": 0.4152263477444649,
      "epsilon_per_constraint": [
        0.16357846558094025,
        0.16357846558094025,
        0.04403470829129219,
        0.04403470829129219
      ],
      "sigma_gp_mean": 0.010000001639127731,
      "sigma_gp_max": 0.01000000536441803,
      "mu_gp_mean": -16.666656494140625
    },
    {
      "episode": 150,
      "n_gp_points": 2000,
      "epsilon_total": 0.4152263477444649,
      "epsilon_per_constraint": [
        0.16357846558094025,
        0.16357846558094025,
        0.04403470829129219,
        0.04403470829129219
      ],
      "sigma_gp_mean": 0.010000001639127731,
      "sigma_gp_max": 0.01000000536441803,
      "mu_gp_mean": -16.666656494140625
    },
    {
      "episode": 200,
      "n_gp_points": 2000,
      "epsilon_total": 0.4152263477444649,
      "epsilon_per_constraint": [
        0.16357846558094025,
        0.16357846558094025,
        0.04403470829129219,
        0.04403470829129219
      ],
      "sigma_gp_mean": 0.010000001639127731,
      "sigma_gp_max": 0.01000000536441803,
      "mu_gp_mean": -16.666656494140625
    }
  ]
}