{
  "violation_rate": [
    0.4382400000000001,
    0.025306568317336114
  ],
  "cbf_violation_rate": [
    0.26212,
    0.022146457956070537
  ],
  "cumulative_reward": [
    -9205.697791889608,
    272.8393198336593
  ]
}