{
  "violation_rate": [
    0.90688,
    0.01322518808939972
  ],
  "cbf_violation_rate": [
    0.9066,
    0.013310146505579882
  ],
  "cumulative_reward": [
    -2246.0426533018053,
    88.05833249202976
  ]
}