{
  "violation_rate": [
    0.06833333333333334,
    0.0023570226039551605
  ],
  "cbf_violation_rate": [
    0.0,
    0.0
  ],
  "cumulative_reward": [
    -2331.1792382597923,
    56.2412104077798
  ],
  "tracking_rmse": {
    "pressure": [
      0.48177743364182324,
      0.0028017720911763934
    ],
    "enthalpy": [
      9.333660908780358,
      0.38444786453851637
    ],
    "power": [
      33.58578866298874,
      0.3949414744814997
    ]
  },
  "control_cost": [
    835.2673746744791,
    66.17990947762291
  ],
  "min_barrier_value": [
    -14.692708333333334,
    4.426659084636373
  ],
  "online_time_ms": [
    521.6211944469251,
    31.09852261656862
  ],
  "convergence_episode": 200,
  "n_training_episodes": 200,
  "reward_history": [
    -2534.8259989619255,
    -2300.9595854878426,
    -2444.3431570231915,
    -2353.0120936632156,
    -2431.430691808462,
    -2429.7259269356728,
    -2289.6058064103127,
    -2522.436336606741,
    -2652.693013161421,
    -2227.269574970007,
    -2247.571953713894,
    -2555.3955023288727,
    -2600.782151043415,
    -2569.1573138833046,
    -2574.41711717844,
    -2361.7437449097633,
    -2438.8180216550827,
    -2297.66637301445,
    -2415.0067962110043,
    -2566.3129027485847,
    -2364.0175451934338,
    -2387.318875938654,
    -2585.28493013978,
    -2456.3007898032665,
    -2254.9403918087482,
    -2413.9786098599434,
    -2485.5666679143906,
    -2398.628069907427,
    -2479.533914357424,
    -2527.8626865446568,
    -2207.196857601404,
    -2324.131611838937,
    -2425.109866708517,
    -2214.100163578987,
    -2544.9949821531773,
    -2309.9305581599474,
    -2291.400143325329,
    -2430.856165230274,
    -2296.4711561501026,
    -2531.4620099663734,
    -2428.9467389285564,
    -2611.517269730568,
    -2346.3242816329002,
    -2415.6944767832756,
    -2332.097406387329,
    -2482.8985972106457,
    -2441.4579192996025,
    -2347.463657423854,
    -2548.6218939721584,
    -2404.5801798701286,
    -2479.7438186705112,
    -2419.739874660969,
    -2658.082177758217,
    -2317.4485560059547,
    -2598.0040481984615,
    -2582.3416704535484,
    -2377.2891902327538,
    -2624.958660662174,
    -2743.9384302794933,
    -2490.6728849112988,
    -2359.55101031065,
    -2363.1539681851864,
    -2632.8809699863195,
    -2308.8978952765465,
    -2447.0733678489923,
    -2401.063944339752,
    -2522.387351721525,
    -2317.9733104407787,
    -2558.4116853773594,
    -2475.3106699585915,
    -2479.521689236164,
    -2366.870112121105,
    -2260.059091627598,
    -2227.8466058671474,
    -2549.2652576565742,
    -2462.3980184793472,
    -2660.0278773605824,
    -2570.8246969878674,
    -2533.7044139802456,
    -2380.7907415628433,
    -2647.3492560386658,
    -2447.588415235281,
    -2513.7924296557903,
    -2407.966572999954,
    -2500.115035712719,
    -2565.1633248776197,
    -2622.918092727661,
    -2596.7428154945374,
    -2548.4098182320595,
    -2407.0525110065937,
    -2494.570666760206,
    -2400.5278619229794,
    -2427.3951520323753,
    -2464.9427769482136,
    -2768.3364294469357,
    -2353.398570328951,
    -2278.9137341678143,
    -2328.4841701984406,
    -2451.250081092119,
    -2454.2855910658836
  ],
  "epsilon_log": [
    {
      "episode": 50,
      "n_gp_points": 2000,
      "epsilon_total": 0.41522637009620667,
      "epsilon_per_constraint": [
        0.16357849538326263,
        0.16357849538326263,
        0.0440346896648407,
        0.0440346896648407
      ],
      "sigma_gp_mean": 0.010000000707805157,
      "sigma_gp_max": 0.010000000707805157,
      "mu_gp_mean": -1.4991596937179565
    },
    {
      "episode": 100,
      "n_gp_points": 2000,
      "epsilon_total": 0.41522637009620667,
      "epsilon_per_constraint": [
        0.16357849538326263,
        0.16357849538326263,
        0.0440346896648407,
        0.0440346896648407
      ],
      "sigma_gp_mean": 0.010000000707805157,
      "sigma_gp_max": 0.010000000707805157,
      "mu_gp_mean": -1.4991596937179565
    },
    {
      "episode": 150,
      "n_gp_points": 2000,
      "epsilon_total": 0.41522637009620667,
      "epsilon_per_constraint": [
        0.16357849538326263,
        0.16357849538326263,
        0.0440346896648407,
        0.0440346896648407
      ],
      "sigma_gp_mean": 0.010000000707805157,
      "sigma_gp_max": 0.010000000707805157,
      "mu_gp_mean": -1.4991596937179565
    },
    {
      "episode": 200,
      "n_gp_points": 2000,
      "epsilon_total": 0.41522637009620667,
      "epsilon_per_constraint": [
        0.16357849538326263,
        0.16357849538326263,
        0.0440346896648407,
        0.0440346896648407
      ],
      "sigma_gp_mean": 0.010000000707805157,
      "sigma_gp_max": 0.010000000707805157,
      "mu_gp_mean": -1.4991596937179565
    }
  ]
}