{
  "violation_rate": [
    0.0008800000000000001,
    0.0012749901960407383
  ],
  "cbf_violation_rate": [
    0.0,
    0.0
  ],
  "cumulative_reward": [
    -1321.5084461248155,
    71.65512149435659
  ],
  "tracking_rmse": {
    "pressure": [
      0.023354539854571355,
      0.0016938842285003346
    ],
    "enthalpy": [
      9.66033314195801,
      0.3179904742457002
    ],
    "power": [
      15.954734831127762,
      0.4435473698732807
    ]
  },
  "control_cost": [
    2280.6668994140623,
    84.99230911332988
  ],
  "min_barrier_value": [
    -0.902981834411621,
    2.9096026517994042
  ],
  "online_time_ms": [
    2.6585625603795053,
    1.375943389072778
  ],
  "per_constraint_type": {
    "pressure": {
      "violation_rate": 0.0,
      "violation_count": 0,
      "total_steps": 25000
    },
    "enthalpy": {
      "violation_rate": 0.0,
      "violation_count": 0,
      "total_steps": 25000
    },
    "power": {
      "violation_rate": 0.00088,
      "violation_count": 22,
      "total_steps": 25000
    }
  },
  "convergence_episode": 200,
  "n_training_episodes": 200,
  "reward_history": [
    -583.238955127541,
    -429.48205018555745,
    -556.4668803146342,
    -609.0807930422015,
    -455.9118510391563,
    -442.3122499687597,
    -520.7333031333983,
    -501.648590084631,
    -482.78800055687316,
    -491.514777880162,
    -434.03801477188244,
    -508.38524257577956,
    -643.5408811843954,
    -474.6594194089994,
    -495.39406088599935,
    -395.5476704724133,
    -497.67587512661703,
    -463.1918522543274,
    -496.27944772833143,
    -466.64155007945374,
    -496.7101757125929,
    -535.0216361625935,
    -463.16716884754715,
    -428.9718213666929,
    -453.3160246638581,
    -455.240616682102,
    -461.58555049612187,
    -450.76255030510947,
    -533.0397279970348,
    -527.3665481182979,
    -447.97257793461904,
    -493.8160359824542,
    -442.0802964644972,
    -516.1580532835796,
    -550.0244321902283,
    -491.1771064065397,
    -467.9440961764194,
    -515.3071172102354,
    -478.71027456299635,
    -526.4984824024141,
    -500.6208356979769,
    -521.2818090975052,
    -530.2002423000522,
    -489.05267372418894,
    -467.577857208089,
    -473.2572738628369,
    -459.46607305452926,
    -512.2630089852028,
    -503.05423959111795,
    -519.732357728295,
    -467.02823027106933,
    -474.84497210290283,
    -508.1380757042207,
    -552.1324976049364,
    -487.02588975429535,
    -550.4427103084745,
    -477.71524489234434,
    -586.5654482591199,
    -497.8038025018759,
    -404.72517473902553,
    -509.7824342385866,
    -532.5463503557257,
    -403.65999346552417,
    -526.2115087807178,
    -515.6730400363449,
    -446.7253315234557,
    -493.7067873098422,
    -507.67506033653626,
    -417.6077510169707,
    -504.4433757524821,
    -578.6751711047255,
    -497.8343698841054,
    -531.0291361464188,
    -530.9709460929153,
    -593.7044250911567,
    -601.4934225075413,
    -563.6904459297657,
    -520.0797871495597,
    -534.7074544685893,
    -468.16731523768976,
    -577.0987120065838,
    -453.68855240149423,
    -457.96894943062216,
    -534.469208735507,
    -583.6117984689772,
    -531.3307431179564,
    -539.1473427594174,
    -447.569214085117,
    -548.8496430097148,
    -546.8928117998876,
    -474.5965747158043,
    -521.0128972316161,
    -421.7034130906686,
    -568.1198629494756,
    -527.7760302852839,
    -507.59223043650854,
    -453.7929360358976,
    -483.4544302773429,
    -519.5582886308548,
    -500.4779013735242
  ],
  "epsilon_log": [
    {
      "episode": 50,
      "n_gp_points": 2000,
      "epsilon_total": 0.4290003329515457,
      "epsilon_per_constraint": [
        0.17090146243572235,
        0.17090146243572235,
        0.04359870404005051,
        0.04359870404005051
      ],
      "sigma_gp_mean": 0.009999999776482582,
      "sigma_gp_max": 0.010000000707805157,
      "mu_gp_mean": 1.3418920161711867e-06
    },
    {
      "episode": 100,
      "n_gp_points": 2000,
      "epsilon_total": 0.4290003329515457,
      "epsilon_per_constraint": [
        0.17090146243572235,
        0.17090146243572235,
        0.04359870404005051,
        0.04359870404005051
      ],
      "sigma_gp_mean": 0.009999999776482582,
      "sigma_gp_max": 0.010000000707805157,
      "mu_gp_mean": 1.3418920161711867e-06
    },
    {
      "episode": 150,
      "n_gp_points": 2000,
      "epsilon_total": 0.4290003329515457,
      "epsilon_per_constraint": [
        0.17090146243572235,
        0.17090146243572235,
        0.04359870404005051,
        0.04359870404005051
      ],
      "sigma_gp_mean": 0.009999999776482582,
      "sigma_gp_max": 0.010000000707805157,
      "mu_gp_mean": 1.3418920161711867e-06
    },
    {
      "episode": 200,
      "n_gp_points": 2000,
      "epsilon_total": 0.4290003329515457,
      "epsilon_per_constraint": [
        0.17090146243572235,
        0.17090146243572235,
        0.04359870404005051,
        0.04359870404005051
      ],
      "sigma_gp_mean": 0.009999999776482582,
      "sigma_gp_max": 0.010000000707805157,
      "mu_gp_mean": 1.3418920161711867e-06
    }
  ]
}