{
  "violation_rate": [
    0.001,
    0.001216552506059644
  ],
  "cbf_violation_rate": [
    0.0,
    0.0
  ],
  "cumulative_reward": [
    -110789.06362776637,
    874.5322245263195
  ],
  "tracking_rmse": {
    "pressure": [
      0.0236244141334452,
      0.0012271035515632495
    ],
    "enthalpy": [
      9.707983310711986,
      0.3405711869265237
    ],
    "power": [
      15.948217556228158,
      0.5161754972834204
    ]
  },
  "control_cost": [
    2304.8166943359374,
    80.85008077086167
  ],
  "min_barrier_value": [
    -1.6277072525024414,
    3.448238311968621
  ],
  "online_time_ms": [
    2.702832758054137,
    1.4116618037225608
  ],
  "per_constraint_type": {
    "pressure": {
      "violation_rate": 0.0,
      "violation_count": 0,
      "total_steps": 25000
    },
    "enthalpy": {
      "violation_rate": 0.0,
      "violation_count": 0,
      "total_steps": 25000
    },
    "power": {
      "violation_rate": 0.001,
      "violation_count": 25,
      "total_steps": 25000
    }
  },
  "convergence_episode": 200,
  "n_training_episodes": 200,
  "reward_history": [
    -476.2838652115315,
    -464.28757505724207,
    -461.07941188197583,
    -491.28179085138254,
    -532.4111753180623,
    -563.4566438482143,
    -532.9795798570849,
    -500.8189957223367,
    -430.6585430393461,
    -471.6589000832755,
    -477.16963518969715,
    -482.35402897838503,
    -614.5145932883024,
    -503.6747831129469,
    -482.5185746932402,
    -545.3657432098407,
    -461.4839783469215,
    -551.0336817244533,
    -553.735978777986,
    -472.0260246563703,
    -574.9901770319557,
    -405.80144240520895,
    -509.3509380891919,
    -559.5679142144509,
    -462.3055392494425,
    -431.1255563995801,
    -477.2993249138817,
    -545.3551308684982,
    -481.8942975336686,
    -510.3043672647327,
    -522.4619629136287,
    -463.6459693261422,
    -520.9147208696231,
    -498.669706386514,
    -467.10398026322946,
    -578.807951791212,
    -468.2744376374176,
    -496.13349804934114,
    -486.5105907744728,
    -542.8008363712579,
    -541.9290779717267,
    -490.41820509172976,
    -576.2100670384243,
    -500.92090054252185,
    -514.0277767581865,
    -517.2875244219613,
    -471.4057009909302,
    -443.4683648983482,
    -467.9948517717421,
    -536.2124083747622,
    -500.5369340046309,
    -645.8004859276116,
    -522.6042261105031,
    -467.36237515695393,
    -584.245603707619,
    -563.4284801154863,
    -485.05536948191,
    -549.3598804924404,
    -503.1173600151669,
    -609.1115268324502,
    -507.1950266789645,
    -447.9018302075565,
    -514.4973381236196,
    -451.4489986412227,
    -501.21515379985794,
    -614.5450840215199,
    -441.3225301192142,
    -564.2009240728803,
    -483.06445300066844,
    -503.8527960985666,
    -497.20967071224004,
    -564.9129398823716,
    -528.4955604514107,
    -561.6415257293265,
    -422.3389187026769,
    -500.2599301915616,
    -435.1386637338437,
    -536.8182052508928,
    -584.0123779093847,
    -451.15643162920605,
    -467.0439895708114,
    -515.9921518964693,
    -480.8063215810107,
    -538.1701719001867,
    -574.3683844506741,
    -618.1137202871032,
    -521.0181932551786,
    -509.97325844550505,
    -510.6688108590897,
    -578.9552884921432,
    -467.3597813794622,
    -508.5126157416962,
    -529.2018311349675,
    -528.0116403931752,
    -584.7983389995061,
    -603.7742255033227,
    -569.6966159155127,
    -476.51550448220223,
    -547.5505400870461,
    -455.6572285578586
  ],
  "epsilon_log": [
    {
      "episode": 50,
      "n_gp_points": 2000,
      "epsilon_total": 0.4290003329515457,
      "epsilon_per_constraint": [
        0.17090146243572235,
        0.17090146243572235,
        0.04359870404005051,
        0.04359870404005051
      ],
      "sigma_gp_mean": 0.009999999776482582,
      "sigma_gp_max": 0.010000000707805157,
      "mu_gp_mean": 3.375973165020696e-06
    },
    {
      "episode": 100,
      "n_gp_points": 2000,
      "epsilon_total": 0.4290003329515457,
      "epsilon_per_constraint": [
        0.17090146243572235,
        0.17090146243572235,
        0.04359870404005051,
        0.04359870404005051
      ],
      "sigma_gp_mean": 0.009999999776482582,
      "sigma_gp_max": 0.010000000707805157,
      "mu_gp_mean": 3.375973165020696e-06
    },
    {
      "episode": 150,
      "n_gp_points": 2000,
      "epsilon_total": 0.4290003329515457,
      "epsilon_per_constraint": [
        0.17090146243572235,
        0.17090146243572235,
        0.04359870404005051,
        0.04359870404005051
      ],
      "sigma_gp_mean": 0.009999999776482582,
      "sigma_gp_max": 0.010000000707805157,
      "mu_gp_mean": 3.375973165020696e-06
    },
    {
      "episode": 200,
      "n_gp_points": 2000,
      "epsilon_total": 0.4290003329515457,
      "epsilon_per_constraint": [
        0.17090146243572235,
        0.17090146243572235,
        0.04359870404005051,
        0.04359870404005051
      ],
      "sigma_gp_mean": 0.009999999776482582,
      "sigma_gp_max": 0.010000000707805157,
      "mu_gp_mean": 3.375973165020696e-06
    }
  ]
}