{
  "violation_rate": [
    0.00492,
    0.003254781098630137
  ],
  "cbf_violation_rate": [
    0.00188,
    0.0021320412753978286
  ],
  "cumulative_reward": [
    -1729.3776334409415,
    88.14186182674257
  ]
}