{
  "violation_rate": [
    0.0016666666666666668,
    0.0023570226039551583
  ],
  "cbf_violation_rate": [
    0.0,
    0.0
  ],
  "cumulative_reward": [
    -653.8068451782068,
    30.045284111210286
  ],
  "tracking_rmse": {
    "pressure": [
      0.023026593395189223,
      0.0010925578180648059
    ],
    "enthalpy": [
      27.81989113730606,
      0.03592946189174574
    ],
    "power": [
      15.770278165539125,
      0.4714062954136872
    ]
  },
  "control_cost": [
    1998.0470377604167,
    38.97235804117831
  ],
  "min_barrier_value": [
    -0.8132731119791666,
    1.2122899218145342
  ],
  "online_time_ms": [
    503.7438956252299,
    82.03722463097657
  ],
  "convergence_episode": 200,
  "n_training_episodes": 200,
  "reward_history": [
    -889.1505565047264,
    -908.5116595625877,
    -925.2286028862,
    -920.4135962724686,
    -940.8650854229927,
    -972.8011662364006,
    -870.3332726359367,
    -965.5169488191605,
    -853.9319906234741,
    -891.7297402620316,
    -901.8994104862213,
    -807.6108426451683,
    -805.3785399198532,
    -1044.4862607717514,
    -929.1417866945267,
    -959.2805787324905,
    -856.3798960447311,
    -902.5409263968468,
    -913.2326378822327,
    -881.8198873996735,
    -790.2639285624027,
    -907.8720336556435,
    -976.3946365714073,
    -901.3971882164478,
    -971.5483140945435,
    -959.0507257580757,
    -914.9146990180016,
    -875.7004650235176,
    -1021.7209415435791,
    -939.8481220006943,
    -1030.2239540815353,
    -856.7371891736984,
    -955.6599015593529,
    -903.8690785765648,
    -1016.2711474895477,
    -1003.3718457818031,
    -948.8946404457092,
    -942.2510477900505,
    -911.4736784696579,
    -891.3495070338249,
    -879.9499387145042,
    -835.6689713001251,
    -868.1613527536392,
    -818.3451394736767,
    -856.33865660429,
    -991.1169790029526,
    -897.4041774272919,
    -960.4064071774483,
    -878.9364847540855,
    -827.8081432580948,
    -960.1679302453995,
    -934.7155365645885,
    -878.7253606319427,
    -892.5211676359177,
    -914.720089495182,
    -999.9672239124775,
    -911.4742498397827,
    -872.2159112095833,
    -837.6493852138519,
    -965.1195211410522,
    -920.8359633684158,
    -925.8313171863556,
    -908.0973211526871,
    -907.7397649288177,
    -947.4341195821762,
    -967.507670044899,
    -941.2933769822121,
    -925.430690407753,
    -1020.5005280971527,
    -885.0469337105751,
    -969.5007746815681,
    -875.1597388386726,
    -894.8344622254372,
    -903.9867950081825,
    -938.3242303729057,
    -974.349728345871,
    -983.4931377768517,
    -895.0891538858414,
    -942.6441900134087,
    -992.6600291132927,
    -979.7568132281303,
    -997.1500654816628,
    -952.493966281414,
    -889.2829242944717,
    -962.9330136179924,
    -975.2632445991039,
    -1004.1877637505531,
    -921.3022484183311,
    -989.3672956824303,
    -987.0166264176369,
    -910.1013006567955,
    -938.7773021161556,
    -847.0898169279099,
    -967.862925350666,
    -1005.2824198007584,
    -879.564188182354,
    -902.9981945753098,
    -889.3369017839432,
    -894.3127653598785,
    -977.7115156054497
  ],
  "epsilon_log": [
    {
      "episode": 50,
      "n_gp_points": 2000,
      "epsilon_total": 0.4152263328433037,
      "epsilon_per_constraint": [
        0.16357846558094025,
        0.16357846558094025,
        0.044034700840711594,
        0.044034700840711594
      ],
      "sigma_gp_mean": 0.010000001639127731,
      "sigma_gp_max": 0.01000000350177288,
      "mu_gp_mean": -16.666656494140625
    },
    {
      "episode": 100,
      "n_gp_points": 2000,
      "epsilon_total": 0.4152263328433037,
      "epsilon_per_constraint": [
        0.16357846558094025,
        0.16357846558094025,
        0.044034700840711594,
        0.044034700840711594
      ],
      "sigma_gp_mean": 0.010000001639127731,
      "sigma_gp_max": 0.01000000350177288,
      "mu_gp_mean": -16.666656494140625
    },
    {
      "episode": 150,
      "n_gp_points": 2000,
      "epsilon_total": 0.4152263328433037,
      "epsilon_per_constraint": [
        0.16357846558094025,
        0.16357846558094025,
        0.044034700840711594,
        0.044034700840711594
      ],
      "sigma_gp_mean": 0.010000001639127731,
      "sigma_gp_max": 0.01000000350177288,
      "mu_gp_mean": -16.666656494140625
    },
    {
      "episode": 200,
      "n_gp_points": 2000,
      "epsilon_total": 0.4152263328433037,
      "epsilon_per_constraint": [
        0.16357846558094025,
        0.16357846558094025,
        0.044034700840711594,
        0.044034700840711594
      ],
      "sigma_gp_mean": 0.010000001639127731,
      "sigma_gp_max": 0.01000000350177288,
      "mu_gp_mean": -16.666656494140625
    }
  ]
}