{
  "violation_rate": [
    0.03252,
    0.007373574438493179
  ],
  "cbf_violation_rate": [
    0.0,
    0.0
  ],
  "cumulative_reward": [
    -4267.18660687536,
    137.89889469541137
  ],
  "tracking_rmse": {
    "pressure": [
      0.35166814564265236,
      0.0016981675778605639
    ],
    "enthalpy": [
      9.56598562791484,
      0.2817615308343478
    ],
    "power": [
      28.820890164075557,
      0.4749321355334817
    ]
  },
  "control_cost": [
    2321.9849853515625,
    79.03347232668963
  ],
  "min_barrier_value": [
    -16.14079345703125,
    4.987136290482904
  ],
  "online_time_ms": [
    2.4648912820313127,
    0.2502608722929451
  ],
  "per_constraint_type": {
    "pressure": {
      "violation_rate": 0.0,
      "violation_count": 0,
      "total_steps": 25000
    },
    "enthalpy": {
      "violation_rate": 0.0,
      "violation_count": 0,
      "total_steps": 25000
    },
    "power": {
      "violation_rate": 0.03252,
      "violation_count": 813,
      "total_steps": 25000
    }
  },
  "convergence_episode": 200,
  "n_training_episodes": 200,
  "reward_history": [
    -1656.3889463841915,
    -1809.2788821011782,
    -1723.5069707632065,
    -1671.7753398418427,
    -1458.7481044381857,
    -1749.0415946096182,
    -1497.6753969788551,
    -1728.6956021040678,
    -1687.199192404747,
    -1731.0353352725506,
    -1496.2833628505468,
    -1686.4932243078947,
    -1667.0093218684196,
    -1836.0454680472612,
    -1746.830628439784,
    -1764.0225889086723,
    -1598.408571317792,
    -1589.08517614007,
    -1684.9023107737303,
    -1635.5677277222276,
    -1498.2884512394667,
    -1477.4660177826881,
    -1614.9987660646439,
    -1942.4285538494587,
    -1840.7939607650042,
    -1707.3883504867554,
    -1539.660441443324,
    -1468.4017775207758,
    -1767.8019965812564,
    -1691.8702739402652,
    -1715.063993230462,
    -1716.3512289375067,
    -1594.6748149842024,
    -1782.231216877699,
    -1489.3077333271503,
    -1630.3695944845676,
    -1798.896376401186,
    -1563.9639131054282,
    -1750.5483703762293,
    -1725.3190900087357,
    -1569.5320456176996,
    -1713.2223976701498,
    -1662.2088461518288,
    -1553.7691601365805,
    -1792.8265376389027,
    -1579.3102871924639,
    -1663.9088473916054,
    -1543.5028566122055,
    -1611.9358099400997,
    -1661.5643160790205,
    -1629.0845607221127,
    -1735.015473678708,
    -1837.9859582036734,
    -1688.6026130616665,
    -1614.6965501010418,
    -1721.9199330061674,
    -1676.1480007469654,
    -1566.1023549884558,
    -1687.0011333823204,
    -1591.13061439991,
    -1540.3805136978626,
    -1635.824073329568,
    -1654.7131360024214,
    -1627.210373684764,
    -1655.8739685863256,
    -1805.8230463266373,
    -1764.9961932003498,
    -1783.8479702025652,
    -1701.1977107524872,
    -1503.3696591854095,
    -1596.0324812754989,
    -1470.4192206859589,
    -1536.3398716449738,
    -1618.7331014946103,
    -1557.9035743176937,
    -1649.4451313018799,
    -1414.3260345160961,
    -1712.1360099315643,
    -1489.6584165245295,
    -1692.696691557765,
    -1590.5324001312256,
    -1735.3130142390728,
    -1587.5290979892015,
    -1545.7599789351225,
    -1617.0779913961887,
    -1756.2222740501165,
    -1529.0514346659184,
    -1650.1751240938902,
    -1696.2166440486908,
    -1629.0787744820118,
    -1747.1809172406793,
    -1648.3490922898054,
    -1623.8874411582947,
    -1583.7069522589445,
    -1720.6913969367743,
    -1556.2097345292568,
    -1571.4759077131748,
    -1559.6567028164864,
    -1600.8784333914518,
    -1758.2096058428288
  ],
  "epsilon_log": [
    {
      "episode": 50,
      "n_gp_points": 2000,
      "epsilon_total": 0.4913192391395569,
      "epsilon_per_constraint": [
        0.16358354687690735,
        0.16358354687690735,
        0.0820760726928711,
        0.0820760726928711
      ],
      "sigma_gp_mean": 0.012908555567264557,
      "sigma_gp_max": 0.018725348636507988,
      "mu_gp_mean": -1.549128532409668
    },
    {
      "episode": 100,
      "n_gp_points": 2000,
      "epsilon_total": 0.4913192391395569,
      "epsilon_per_constraint": [
        0.16358354687690735,
        0.16358354687690735,
        0.0820760726928711,
        0.0820760726928711
      ],
      "sigma_gp_mean": 0.012908555567264557,
      "sigma_gp_max": 0.018725348636507988,
      "mu_gp_mean": -1.549128532409668
    },
    {
      "episode": 150,
      "n_gp_points": 2000,
      "epsilon_total": 0.4913192391395569,
      "epsilon_per_constraint": [
        0.16358354687690735,
        0.16358354687690735,
        0.0820760726928711,
        0.0820760726928711
      ],
      "sigma_gp_mean": 0.012908555567264557,
      "sigma_gp_max": 0.018725348636507988,
      "mu_gp_mean": -1.549128532409668
    },
    {
      "episode": 200,
      "n_gp_points": 2000,
      "epsilon_total": 0.4913192391395569,
      "epsilon_per_constraint": [
        0.16358354687690735,
        0.16358354687690735,
        0.0820760726928711,
        0.0820760726928711
      ],
      "sigma_gp_mean": 0.012908555567264557,
      "sigma_gp_max": 0.018725348636507988,
      "mu_gp_mean": -1.549128532409668
    }
  ]
}