{
  "violation_rate": [
    0.011040000000000001,
    0.0049838138006952065
  ],
  "cbf_violation_rate": [
    0.0,
    0.0
  ],
  "cumulative_reward": [
    -2590.005287757332,
    131.84876916417616
  ]
}