{
  "violation_rate": [
    0.03833333333333333,
    0.0062360956446232355
  ],
  "cumulative_reward": [
    -1468.1729955052335,
    132.91575742498085
  ],
  "tracking_rmse": {
    "pressure": [
      0.31161349521102716,
      0.000594654712127149
    ],
    "enthalpy": [
      10.631584919576278,
      0.48413685130677114
    ],
    "power": [
      26.612918250777767,
      1.24603569793627
    ]
  },
  "control_cost": [
    925.3984578450521,
    38.1337202268753
  ],
  "min_barrier_value": [
    -9.0142822265625,
    2.3333628126110084
  ],
  "online_time_ms": [
    0.0,
    0.0
  ],
  "convergence_episode": 200,
  "n_training_episodes": 200,
  "reward_history": [
    -1404.4399698674679,
    -567.0091055333614,
    -597.5094168521464,
    -487.0997480843216,
    -557.2485193992034,
    -1446.2141806259751,
    -501.8627416182717,
    -1494.4579415097833,
    -1459.423668295145,
    -498.02457542996854,
    -1402.2596358060837,
    -568.0694800466299,
    -1536.8214998468757,
    -1376.1898685917258,
    -458.2826933384058,
    -1261.1109428182244,
    -579.1289914511144,
    -1355.6206292659044,
    -476.07765978295356,
    -541.0509457727894,
    -1519.6029847934842,
    -1390.2618257775903,
    -493.88124990602955,
    -439.72146080061793,
    -518.842996762367,
    -537.3443672931753,
    -613.2382548628375,
    -1563.5510525628924,
    -585.5849083550274,
    -636.0406245365739,
    -1325.1424691975117,
    -530.8039538725279,
    -1398.8892942741513,
    -1409.6635847911239,
    -523.9360595562612,
    -628.9164465889335,
    -461.5468650246039,
    -1518.1305349469185,
    -1440.0041960701346,
    -1640.4223433732986,
    -703.2560952398926,
    -1550.345238789916,
    -561.9734119749628,
    -527.4848008514382,
    -1585.119860805571,
    -663.2283515706658,
    -579.8229667549022,
    -618.6771833719686,
    -1417.8199177235365,
    -1420.9191567897797,
    -556.1981224343181,
    -1438.1541341245174,
    -566.3104064487852,
    -1453.5068061053753,
    -1501.95859529078,
    -1543.8580831289291,
    -1567.3575555160642,
    -555.3097321353853,
    -1342.2839080169797,
    -638.7434820178896,
    -610.1135344728827,
    -1437.4805702492595,
    -1569.4528299868107,
    -665.2067926228046,
    -1401.9520057290792,
    -663.7590020671487,
    -644.8282942771912,
    -1442.0384904816747,
    -593.9539432991296,
    -1428.3079905211926,
    -1326.4500944465399,
    -1339.5135860145092,
    -1346.5458498969674,
    -1517.650742545724,
    -619.8234156481922,
    -1410.2787292823195,
    -513.4805704867467,
    -1454.3016813769937,
    -1435.125225380063,
    -607.0181465633214,
    -1523.5122502669692,
    -1386.6628588214517,
    -1411.8046876862645,
    -1410.940795481205,
    -1390.5467733889818,
    -1399.2559807151556,
    -1480.7870821878314,
    -1393.0488931536674,
    -565.2011094391346,
    -1365.060445152223,
    -640.2041843123734,
    -1235.0455705597997,
    -601.6966314539313,
    -547.3012724602595,
    -1484.2426189929247,
    -1379.8871465921402,
    -1507.1284511834383,
    -1281.4041678607464,
    -1404.281727656722,
    -565.959664362832
  ]
}