{
  "violation_rate": [
    0.9418000000000001,
    0.010470912090166705
  ],
  "cbf_violation_rate": [
    0.0,
    0.0
  ],
  "cumulative_reward": [
    -29658.58901479721,
    493.09805250292146
  ]
}