{
  "violation_rate": [
    0.985,
    0.007071067811865482
  ],
  "cbf_violation_rate": [
    0.985,
    0.007071067811865482
  ],
  "cumulative_reward": [
    -911.1604548494021,
    18.76050342108804
  ],
  "tracking_rmse": {
    "pressure": [
      0.023425656010828726,
      0.002115398146257327
    ],
    "enthalpy": [
      48.077163357031225,
      0.6805007119378896
    ],
    "power": [
      14.930985722021822,
      0.31264580957070875
    ]
  },
  "control_cost": [
    904.3930257161459,
    44.370762766136174
  ],
  "min_barrier_value": [
    -38.106119791666664,
    0.00011508899433374797
  ],
  "online_time_ms": [
    522.4646990191346,
    86.50768930491304
  ],
  "convergence_episode": 200,
  "n_training_episodes": 200,
  "reward_history": [
    -824.8337755203247,
    -1606.1334010958672,
    -11188.420796394348,
    -1521.8200412094593,
    -967.3594837188721,
    -10758.888633728027,
    -1650.4350020587444,
    -881.3093750476837,
    -11043.927839279175,
    -10763.653633117676,
    -10766.193717956543,
    -2480.8812348246574,
    -1709.1255053579807,
    -11447.724576950073,
    -2252.539011746645,
    -2722.732099890709,
    -11738.031925201416,
    -11226.32632446289,
    -1619.1697634458542,
    -2423.861734509468,
    -974.3567298650742,
    -2311.1208727657795,
    -865.7746452689171,
    -885.2746164798737,
    -893.981138586998,
    -10994.978446006775,
    -2413.462535083294,
    -1539.1708659231663,
    -2818.167592436075,
    -2337.657765954733,
    -2203.60022431612,
    -1822.695879817009,
    -970.1164026856422,
    -870.7419471144676,
    -2412.0631472468376,
    -1510.334351554513,
    -2298.892061755061,
    -949.60260617733,
    -978.1752158403397,
    -11127.441390037537,
    -2464.351604938507,
    -913.4847390651703,
    -1809.1568794101477,
    -969.7760983705521,
    -898.0261586308479,
    -11415.655166625977,
    -2476.0118347108364,
    -10997.454720497131,
    -1697.0025891438127,
    -938.5765377283096,
    -2256.326293259859,
    -908.3821697235107,
    -1733.6866400390863,
    -2459.4697568416595,
    -998.0047996044159,
    -11221.035619735718,
    -2541.915781378746,
    -2498.568146765232,
    -861.2113567590714,
    -887.539250433445,
    -887.6337383985519,
    -1033.3533728122711,
    -1825.2461025714874,
    -11147.099873542786,
    -10623.469485282898,
    -2753.193131506443,
    -2644.748070538044,
    -11772.031936645508,
    -11347.097297668457,
    -918.3437856435776,
    -929.4010926485062,
    -1010.6382722854614,
    -2597.2027710974216,
    -936.107060611248,
    -2569.50738081336,
    -951.7149591445923,
    -11752.71201133728,
    -886.5146769881248,
    -2675.111562281847,
    -1651.551776126027,
    -884.0572062134743,
    -900.6095842123032,
    -2330.3681750297546,
    -11532.746406555176,
    -2397.627038627863,
    -11357.072853088379,
    -2578.0384603738785,
    -886.4475232958794,
    -921.1943148374557,
    -11414.800525665283,
    -1000.6729615926743,
    -930.8359729647636,
    -2602.794389665127,
    -901.2423306107521,
    -973.6569386124611,
    -991.6186156272888,
    -911.8951277732849,
    -917.8759278059006,
    -2191.022899389267,
    -2530.0936172008514
  ],
  "epsilon_log": [
    {
      "episode": 50,
      "n_gp_points": 2000,
      "epsilon_total": 2.761592775583267,
      "epsilon_per_constraint": [
        0.18298883736133575,
        0.18298883736133575,
        1.1978075504302979,
        1.1978075504302979
      ],
      "sigma_gp_mean": 0.09861917793750763,
      "sigma_gp_max": 0.2746347188949585,
      "mu_gp_mean": -3.9810738563537598
    },
    {
      "episode": 100,
      "n_gp_points": 2000,
      "epsilon_total": 2.761592775583267,
      "epsilon_per_constraint": [
        0.18298883736133575,
        0.18298883736133575,
        1.1978075504302979,
        1.1978075504302979
      ],
      "sigma_gp_mean": 0.09861917793750763,
      "sigma_gp_max": 0.2746347188949585,
      "mu_gp_mean": -3.9810738563537598
    },
    {
      "episode": 150,
      "n_gp_points": 2000,
      "epsilon_total": 2.761592775583267,
      "epsilon_per_constraint": [
        0.18298883736133575,
        0.18298883736133575,
        1.1978075504302979,
        1.1978075504302979
      ],
      "sigma_gp_mean": 0.09861917793750763,
      "sigma_gp_max": 0.2746347188949585,
      "mu_gp_mean": -3.9810738563537598
    },
    {
      "episode": 200,
      "n_gp_points": 2000,
      "epsilon_total": 2.761592775583267,
      "epsilon_per_constraint": [
        0.18298883736133575,
        0.18298883736133575,
        1.1978075504302979,
        1.1978075504302979
      ],
      "sigma_gp_mean": 0.09861917793750763,
      "sigma_gp_max": 0.2746347188949585,
      "mu_gp_mean": -3.9810738563537598
    }
  ]
}