{
  "violation_rate": [
    0.04666666666666667,
    0.016996731711975955
  ],
  "cumulative_reward": [
    -1446.3737347250183,
    52.07244751534377
  ],
  "tracking_rmse": {
    "pressure": [
      0.2953644215602534,
      0.0016255531287700663
    ],
    "enthalpy": [
      15.254223748782026,
      0.30113979517071104
    ],
    "power": [
      26.238541401623735,
      0.5174966036457713
    ]
  },
  "control_cost": [
    887.9662679036459,
    70.84419073485219
  ],
  "min_barrier_value": [
    -12.354207356770834,
    5.69883872683922
  ],
  "online_time_ms": [
    0.0,
    0.0
  ],
  "convergence_episode": 200,
  "n_training_episodes": 200,
  "reward_history": [
    -1362.687386378646,
    -1395.7178986817598,
    -1410.5522300302982,
    -1470.195340141654,
    -1514.4393978491426,
    -1432.6637614816427,
    -1469.1660113707185,
    -1425.514183305204,
    -1319.3639240711927,
    -518.8745398940518,
    -1351.7219518125057,
    -534.4782558567822,
    -1448.2070102840662,
    -547.0766245163977,
    -470.68494253465906,
    -1529.4548530131578,
    -1657.9314951747656,
    -612.914544660598,
    -457.4802944599651,
    -1341.091152265668,
    -1396.4132052659988,
    -491.85844922252,
    -602.4283190816641,
    -1491.2277832627296,
    -509.1260696388781,
    -537.7895196974277,
    -665.0645976066589,
    -509.1300354418345,
    -1384.5333389937878,
    -1372.0419051423669,
    -496.46943548321724,
    -1321.3503006845713,
    -1371.8265027925372,
    -595.3458404182456,
    -1443.4554952010512,
    -1312.0243008434772,
    -486.754873983562,
    -1370.9553188458085,
    -1526.2655143588781,
    -1458.4934259206057,
    -1573.5701904296875,
    -1506.9429024755955,
    -561.0917450931156,
    -525.1750493058935,
    -1477.401950918138,
    -541.3804206699133,
    -1350.1717961728573,
    -1330.186125010252,
    -1429.1268076449633,
    -579.8130013141781,
    -1497.8126562312245,
    -1335.3248465657234,
    -474.90278409048915,
    -1615.0158391296864,
    -497.09336059185443,
    -1610.8032470792532,
    -1622.0991434976459,
    -1583.7766111046076,
    -637.7310669571161,
    -506.7363582737744,
    -509.1940165227279,
    -656.9637384042144,
    -531.2126356139779,
    -1403.9807025939226,
    -1491.0840502083302,
    -1440.858895868063,
    -1363.1378240287304,
    -1274.9003420844674,
    -1463.386357575655,
    -1239.4914541095495,
    -665.8385834395885,
    -559.7293307103682,
    -1478.3739669546485,
    -1462.6813636794686,
    -1542.8074843287468,
    -544.1743886431213,
    -1417.0371527820826,
    -1401.7227418273687,
    -1495.8792552500963,
    -1488.628685630858,
    -1490.013576298952,
    -539.3966690348461,
    -1493.0540778934956,
    -1552.4157526791096,
    -638.5274120420218,
    -583.8724533803761,
    -588.132508338429,
    -557.2490827615838,
    -1306.3090125024319,
    -1664.4620121717453,
    -541.7154897302389,
    -597.1218444555998,
    -596.1505929450504,
    -1502.9564732462168,
    -1473.2547219917178,
    -535.3037638254464,
    -1606.7810017690063,
    -1476.779881104827,
    -1570.4506135806441,
    -1296.2296222671866
  ]
}