{
  "violation_rate": [
    0.9533333333333333,
    0.015456030825826186
  ],
  "cbf_violation_rate": [
    0.0,
    0.0
  ],
  "cumulative_reward": [
    -10993.359276135763,
    123.78180395979605
  ],
  "tracking_rmse": {
    "pressure": [
      1.300685439391098,
      0.0026983372996375247
    ],
    "enthalpy": [
      9.33834875368152,
      0.4008177950296629
    ],
    "power": [
      72.7583607900581,
      0.42245246112496193
    ]
  },
  "control_cost": [
    835.5543619791666,
    66.50808821144443
  ],
  "min_barrier_value": [
    -56.412353515625,
    4.589418537112267
  ],
  "online_time_ms": [
    523.2000338631527,
    81.81460062394932
  ],
  "convergence_episode": 200,
  "n_training_episodes": 200,
  "reward_history": [
    -11447.051113128662,
    -10927.63079738617,
    -11180.80514907837,
    -11061.657442092896,
    -11193.871170043945,
    -11226.759288787842,
    -10935.93029499054,
    -11414.637674331665,
    -11680.339743614197,
    -10828.170946121216,
    -10762.274198532104,
    -11522.801762580872,
    -11631.788486480713,
    -11500.945373535156,
    -11511.533895492554,
    -11049.682456970215,
    -11305.13168144226,
    -10981.280485153198,
    -11124.022919654846,
    -11576.765933036804,
    -11082.676509857178,
    -11080.087236404419,
    -11521.739336013794,
    -11240.036880493164,
    -10835.418897628784,
    -11249.281509399414,
    -11320.242528915405,
    -11130.277422904968,
    -11342.717889785767,
    -11400.47910785675,
    -10744.560401916504,
    -10922.649997711182,
    -11118.959272384644,
    -10780.676636695862,
    -11499.08502960205,
    -10937.014092445374,
    -10940.858709335327,
    -11207.141586303711,
    -10885.261085510254,
    -11388.024682998657,
    -11166.71924495697,
    -11615.444989204407,
    -10899.600492477417,
    -11052.788770198822,
    -10920.969720840454,
    -11383.00424194336,
    -11241.220351219177,
    -10997.073475837708,
    -11472.524834632874,
    -11260.579257965088,
    -11296.365571975708,
    -11204.900386810303,
    -11678.569910049438,
    -10953.4973487854,
    -11564.105754852295,
    -11544.03334236145,
    -11037.721069335938,
    -11568.701138496399,
    -11930.468427658081,
    -11349.24178314209,
    -11080.473070144653,
    -11103.415700912476,
    -11634.526383399963,
    -10963.365322113037,
    -11271.402620315552,
    -11150.14253616333,
    -11445.043519973755,
    -10937.769040107727,
    -11445.50813961029,
    -11370.052328109741,
    -11376.97769165039,
    -11128.530646324158,
    -10899.707816123962,
    -10743.891406059265,
    -11565.470882415771,
    -11270.040448188782,
    -11714.62774848938,
    -11582.363361358643,
    -11431.061981201172,
    -11088.038582801819,
    -11737.215147018433,
    -11236.992825508118,
    -11379.776002883911,
    -11112.576551437378,
    -11397.402030944824,
    -11516.740417480469,
    -11586.590168952942,
    -11634.593173980713,
    -11538.262622833252,
    -11158.180360794067,
    -11404.567046165466,
    -11190.911441802979,
    -11183.25553226471,
    -11248.716711997986,
    -11928.992407798767,
    -10958.76346206665,
    -10813.297316551208,
    -10909.743661880493,
    -11216.699361801147,
    -11262.457504272461
  ],
  "epsilon_log": [
    {
      "episode": 50,
      "n_gp_points": 2000,
      "epsilon_total": 0.4152264893054962,
      "epsilon_per_constraint": [
        0.1635785549879074,
        0.1635785549879074,
        0.0440346896648407,
        0.0440346896648407
      ],
      "sigma_gp_mean": 0.010000001639127731,
      "sigma_gp_max": 0.01000000536441803,
      "mu_gp_mean": 0.46462684869766235
    },
    {
      "episode": 100,
      "n_gp_points": 2000,
      "epsilon_total": 0.4152264893054962,
      "epsilon_per_constraint": [
        0.1635785549879074,
        0.1635785549879074,
        0.0440346896648407,
        0.0440346896648407
      ],
      "sigma_gp_mean": 0.010000001639127731,
      "sigma_gp_max": 0.01000000536441803,
      "mu_gp_mean": 0.46462684869766235
    },
    {
      "episode": 150,
      "n_gp_points": 2000,
      "epsilon_total": 0.4152264893054962,
      "epsilon_per_constraint": [
        0.1635785549879074,
        0.1635785549879074,
        0.0440346896648407,
        0.0440346896648407
      ],
      "sigma_gp_mean": 0.010000001639127731,
      "sigma_gp_max": 0.01000000536441803,
      "mu_gp_mean": 0.46462684869766235
    },
    {
      "episode": 200,
      "n_gp_points": 2000,
      "epsilon_total": 0.4152264893054962,
      "epsilon_per_constraint": [
        0.1635785549879074,
        0.1635785549879074,
        0.0440346896648407,
        0.0440346896648407
      ],
      "sigma_gp_mean": 0.010000001639127731,
      "sigma_gp_max": 0.01000000536441803,
      "mu_gp_mean": 0.46462684869766235
    }
  ]
}