{
  "violation_rate": [
    0.9866666666666667,
    0.0023570226039551605
  ],
  "cbf_violation_rate": [
    0.9866666666666667,
    0.0023570226039551605
  ],
  "cumulative_reward": [
    -939.4509331782659,
    44.758173184694286
  ],
  "tracking_rmse": {
    "pressure": [
      0.023322275458183606,
      0.002165480649008573
    ],
    "enthalpy": [
      48.83460870947039,
      0.7449177647670533
    ],
    "power": [
      15.125438114215305,
      0.9690184539703797
    ]
  },
  "control_cost": [
    898.74755859375,
    45.566915316653336
  ],
  "min_barrier_value": [
    -45.95654296875,
    2.5497883786795517
  ],
  "online_time_ms": [
    96.87731099198572,
    5.673503100979754
  ],
  "convergence_episode": 200,
  "n_training_episodes": 200,
  "reward_history": [
    -914.4204855561256,
    -943.1144068837166,
    -913.224408864975,
    -10851.202808380127,
    -2411.850221693516,
    -1427.6279424130917,
    -923.8713995814323,
    -2320.002885401249,
    -11082.850469589233,
    -11426.567457199097,
    -2201.094138741493,
    -1567.8091401904821,
    -913.6975997686386,
    -920.089465379715,
    -976.605825304985,
    -1837.7776891440153,
    -2418.2423697710037,
    -914.089194893837,
    -873.3036616444588,
    -11145.943632125854,
    -11033.560787200928,
    -10859.727053642273,
    -941.6618574261665,
    -2454.138909995556,
    -888.2005242705345,
    -11541.553747177124,
    -964.4962548315525,
    -1534.613890632987,
    -904.2466477155685,
    -935.4373280405998,
    -2386.4196781516075,
    -1695.1838906109333,
    -2451.14252692461,
    -897.2222660183907,
    -2188.9826128184795,
    -11536.419791221619,
    -1741.1014850437641,
    -1848.8369403481483,
    -2311.7451199889183,
    -2362.853817999363,
    -985.4870558977127,
    -962.2779814004898,
    -1697.3856705278158,
    -1728.089292421937,
    -900.4549978375435,
    -2197.3951876461506,
    -2388.0875443816185,
    -883.8789885640144,
    -862.5351293087006,
    -964.2749178409576,
    -1676.9018256813288,
    -1633.686858177185,
    -898.7005398273468,
    -2737.9816093742847,
    -11500.423721313477,
    -1443.9577456563711,
    -1003.0894542336464,
    -915.0077553391457,
    -11366.838750839233,
    -1001.8422235250473,
    -2737.2901595532894,
    -1004.9220679402351,
    -11442.657140731812,
    -11688.832973957062,
    -1790.2769846469164,
    -955.8935087919235,
    -946.2036253809929,
    -907.7807613909245,
    -2565.9763785004616,
    -1745.3520203977823,
    -1942.760488808155,
    -1587.5532734841108,
    -915.471788585186,
    -1774.1820828169584,
    -1345.4409340173006,
    -1810.4163409769535,
    -955.5900856554508,
    -976.8825360536575,
    -10855.579538822174,
    -848.8003208041191,
    -996.866831868887,
    -1701.8238519132137,
    -1537.1484219580889,
    -973.9300861954689,
    -903.4476001262665,
    -1794.197818160057,
    -2720.8806950449944,
    -1818.068690046668,
    -1482.4422355294228,
    -958.2146971225739,
    -2440.4448367655277,
    -2567.892743229866,
    -2551.9500245153904,
    -897.3465132117271,
    -1754.4366131424904,
    -11427.708210468292,
    -11053.401489257812,
    -993.0657443404198,
    -11319.587308883667,
    -10723.74599647522
  ],
  "epsilon_log": []
}