{
  "violation_rate": [
    0.9966799999999999,
    0.0024202479211849373
  ],
  "cbf_violation_rate": [
    0.9964399999999999,
    0.0025389761716093384
  ],
  "cumulative_reward": [
    -4060.8747336101533,
    136.87730476526696
  ]
}