{
  "violation_rate": [
    0.94928,
    0.010320930190636882
  ],
  "cbf_violation_rate": [
    0.0,
    0.0
  ],
  "cumulative_reward": [
    -28190.673964157104,
    420.84102978236916
  ],
  "tracking_rmse": {
    "pressure": [
      1.3055212705451842,
      0.0016465537397882762
    ],
    "enthalpy": [
      9.695035863629366,
      0.31047870772503805
    ],
    "power": [
      73.81943928190788,
      0.5719394693309654
    ]
  },
  "control_cost": [
    2301.2964111328124,
    82.87747455742054
  ],
  "min_barrier_value": [
    -64.653955078125,
    4.880723562072178
  ],
  "online_time_ms": [
    3.8429407600499688,
    2.669542801608635
  ],
  "per_constraint_type": {
    "pressure": {
      "violation_rate": 0.0,
      "violation_count": 0,
      "total_steps": 25000
    },
    "enthalpy": {
      "violation_rate": 0.0,
      "violation_count": 0,
      "total_steps": 25000
    },
    "power": {
      "violation_rate": 0.94928,
      "violation_count": 23732,
      "total_steps": 25000
    }
  },
  "convergence_episode": 200,
  "n_training_episodes": 200,
  "reward_history": [
    -11259.237962722778,
    -11501.350379943848,
    -11342.016380310059,
    -11183.984952926636,
    -11306.132888793945,
    -11314.940751075745,
    -11280.526334762573,
    -11448.24236869812,
    -10874.47935295105,
    -10964.237810134888,
    -11120.640634536743,
    -10711.34798526764,
    -10653.849419593811,
    -11588.930498123169,
    -11276.021324157715,
    -11641.254643440247,
    -11068.301612854004,
    -11285.44072341919,
    -11239.855172157288,
    -11142.23666381836,
    -10759.917310714722,
    -11295.735980033875,
    -11472.547149658203,
    -11024.309902191162,
    -11822.899098873138,
    -11339.135744094849,
    -11055.279964447021,
    -11223.836473464966,
    -11740.70559310913,
    -11312.896100997925,
    -11647.531314849854,
    -11015.725610733032,
    -11717.072374343872,
    -11213.722373008728,
    -11662.261434555054,
    -11807.53132724762,
    -11428.67223739624,
    -11514.534816741943,
    -11025.51372718811,
    -11289.847394943237,
    -11106.198196411133,
    -10752.124420166016,
    -10860.501825332642,
    -10664.768045425415,
    -10748.874402999878,
    -11608.11054611206,
    -11023.403108596802,
    -11236.22044467926,
    -11057.759468078613,
    -10617.675188064575,
    -11586.16219329834,
    -11194.958698272705,
    -11113.54754447937,
    -10918.657169342041,
    -11130.989351272583,
    -11602.762170791626,
    -11095.645575523376,
    -10884.790860176086,
    -10804.1736536026,
    -11572.620637893677,
    -10847.353018760681,
    -11438.516746520996,
    -10865.429606437683,
    -10730.658303260803,
    -11459.12804031372,
    -11294.283602714539,
    -11229.599117279053,
    -11211.193037986755,
    -11792.516361236572,
    -10927.782236099243,
    -11534.837743759155,
    -10942.702180862427,
    -10846.139749526978,
    -11334.465631484985,
    -11217.04935836792,
    -11313.3863697052,
    -11493.544131278992,
    -11082.89719581604,
    -11740.581518173218,
    -11820.316014289856,
    -11645.482320785522,
    -11344.444786071777,
    -11145.221816062927,
    -10930.472984313965,
    -11526.652941703796,
    -11413.226921081543,
    -11499.85084438324,
    -11174.370895385742,
    -11674.873406410217,
    -11456.50983428955,
    -11143.746208190918,
    -10931.13281917572,
    -10831.99404335022,
    -11278.870971679688,
    -11534.849103927612,
    -10938.86445236206,
    -11208.32388496399,
    -10822.613991737366,
    -11157.895372390747,
    -11472.71743774414
  ],
  "epsilon_log": [
    {
      "episode": 50,
      "n_gp_points": 2000,
      "epsilon_total": 0.41522642970085144,
      "epsilon_per_constraint": [
        0.16357852518558502,
        0.16357852518558502,
        0.0440346896648407,
        0.0440346896648407
      ],
      "sigma_gp_mean": 0.010000001639127731,
      "sigma_gp_max": 0.01000000350177288,
      "mu_gp_mean": 0.46464473009109497
    },
    {
      "episode": 100,
      "n_gp_points": 2000,
      "epsilon_total": 0.41522642970085144,
      "epsilon_per_constraint": [
        0.16357852518558502,
        0.16357852518558502,
        0.0440346896648407,
        0.0440346896648407
      ],
      "sigma_gp_mean": 0.010000001639127731,
      "sigma_gp_max": 0.01000000350177288,
      "mu_gp_mean": 0.46464473009109497
    },
    {
      "episode": 150,
      "n_gp_points": 2000,
      "epsilon_total": 0.41522642970085144,
      "epsilon_per_constraint": [
        0.16357852518558502,
        0.16357852518558502,
        0.0440346896648407,
        0.0440346896648407
      ],
      "sigma_gp_mean": 0.010000001639127731,
      "sigma_gp_max": 0.01000000350177288,
      "mu_gp_mean": 0.46464473009109497
    },
    {
      "episode": 200,
      "n_gp_points": 2000,
      "epsilon_total": 0.41522642970085144,
      "epsilon_per_constraint": [
        0.16357852518558502,
        0.16357852518558502,
        0.0440346896648407,
        0.0440346896648407
      ],
      "sigma_gp_mean": 0.010000001639127731,
      "sigma_gp_max": 0.01000000350177288,
      "mu_gp_mean": 0.46464473009109497
    }
  ]
}