{
  "violation_rate": [
    0.05815999999999999,
    0.008951781945512301
  ],
  "cbf_violation_rate": [
    0.0026,
    0.00208806130178211
  ],
  "cumulative_reward": [
    -4660.860959956944,
    182.11288768991193
  ]
}