{
  "violation_rate": [
    0.0010400000000000001,
    0.001399428454762872
  ],
  "cbf_violation_rate": [
    0.0,
    0.0
  ],
  "cumulative_reward": [
    -1342.4167165674357,
    64.85242593768025
  ],
  "tracking_rmse": {
    "pressure": [
      0.023736439651268565,
      0.0014050484969928816
    ],
    "enthalpy": [
      9.75187775409695,
      0.2457586490514027
    ],
    "power": [
      16.080329604424872,
      0.39962251234475465
    ]
  },
  "control_cost": [
    2321.55740234375,
    78.77600335506423
  ],
  "min_barrier_value": [
    -1.1193563842773437,
    3.3645727708726567
  ],
  "online_time_ms": [
    2.645140681164339,
    0.4248049892942759
  ],
  "per_constraint_type": {
    "pressure": {
      "violation_rate": 0.0,
      "violation_count": 0,
      "total_steps": 25000
    },
    "enthalpy": {
      "violation_rate": 0.0,
      "violation_count": 0,
      "total_steps": 25000
    },
    "power": {
      "violation_rate": 0.00104,
      "violation_count": 26,
      "total_steps": 25000
    }
  },
  "convergence_episode": 200,
  "n_training_episodes": 200,
  "reward_history": [
    -491.04205432429444,
    -597.7337180962786,
    -527.9966967348009,
    -523.1324459826574,
    -394.0780006349087,
    -525.2777876183391,
    -436.1432296987623,
    -540.5799891212955,
    -490.0101033146493,
    -522.1139594214037,
    -422.30709137627855,
    -505.7593941669911,
    -488.6976584647782,
    -606.5281103188172,
    -530.4218951624352,
    -514.1867451760918,
    -468.7837294905912,
    -495.8974675703794,
    -494.8490956276655,
    -509.29449417069554,
    -421.53700126346666,
    -418.30242124479264,
    -456.6887206733227,
    -660.1147228372283,
    -599.9634721351322,
    -510.57547692907974,
    -452.26246795617044,
    -429.4547179485671,
    -574.1335534499958,
    -524.0222242351156,
    -499.2563299748581,
    -552.0828820792958,
    -505.392352465773,
    -551.9838781594299,
    -418.61184565350413,
    -486.2248065901804,
    -571.3024327564053,
    -456.7185174738988,
    -523.2720190002583,
    -530.4133009961806,
    -463.3468231984298,
    -517.5882062434684,
    -537.2964487201534,
    -430.11767096910626,
    -577.0059872780694,
    -527.6447586230934,
    -514.5938031049445,
    -475.0198088089237,
    -472.4117422826821,
    -546.4715328142047,
    -513.5414653085172,
    -557.6644968362525,
    -612.7036993601359,
    -507.35776259517297,
    -516.6224312479608,
    -519.5164144169539,
    -510.65405924478546,
    -503.9311937969178,
    -518.0946963261813,
    -455.83193060941994,
    -443.76846393197775,
    -510.7777566877194,
    -510.75513743865304,
    -534.4371493855724,
    -525.9127745674923,
    -565.6190374263097,
    -542.3870264496654,
    -543.013957253308,
    -519.124378586188,
    -442.0167651178781,
    -489.6395870456472,
    -440.5575418914668,
    -479.66673868894577,
    -515.0574104082771,
    -507.3831806653179,
    -494.25556977372617,
    -429.92033459898084,
    -536.3622357824352,
    -430.2307614593301,
    -534.7413911186159,
    -500.12336970306933,
    -544.905896884622,
    -472.3129099982325,
    -462.887118953513,
    -483.2482656831853,
    -569.6030852927361,
    -437.14495489373803,
    -522.7275233082473,
    -531.1956459395587,
    -484.8038097266108,
    -547.0406079478562,
    -497.5578919472173,
    -518.8424398554489,
    -504.0649493713863,
    -558.0647306847386,
    -452.99675818847027,
    -496.3895349698141,
    -491.0362937450409,
    -505.8651523445733,
    -583.4801149358973
  ],
  "epsilon_log": [
    {
      "episode": 50,
      "n_gp_points": 2000,
      "epsilon_total": 0.4290003329515457,
      "epsilon_per_constraint": [
        0.17090146243572235,
        0.17090146243572235,
        0.04359870404005051,
        0.04359870404005051
      ],
      "sigma_gp_mean": 0.009999999776482582,
      "sigma_gp_max": 0.010000000707805157,
      "mu_gp_mean": 2.568561399129976e-07
    },
    {
      "episode": 100,
      "n_gp_points": 2000,
      "epsilon_total": 0.4290003329515457,
      "epsilon_per_constraint": [
        0.17090146243572235,
        0.17090146243572235,
        0.04359870404005051,
        0.04359870404005051
      ],
      "sigma_gp_mean": 0.009999999776482582,
      "sigma_gp_max": 0.010000000707805157,
      "mu_gp_mean": 2.568561399129976e-07
    },
    {
      "episode": 150,
      "n_gp_points": 2000,
      "epsilon_total": 0.4290003329515457,
      "epsilon_per_constraint": [
        0.17090146243572235,
        0.17090146243572235,
        0.04359870404005051,
        0.04359870404005051
      ],
      "sigma_gp_mean": 0.009999999776482582,
      "sigma_gp_max": 0.010000000707805157,
      "mu_gp_mean": 2.568561399129976e-07
    },
    {
      "episode": 200,
      "n_gp_points": 2000,
      "epsilon_total": 0.4290003329515457,
      "epsilon_per_constraint": [
        0.17090146243572235,
        0.17090146243572235,
        0.04359870404005051,
        0.04359870404005051
      ],
      "sigma_gp_mean": 0.009999999776482582,
      "sigma_gp_max": 0.010000000707805157,
      "mu_gp_mean": 2.568561399129976e-07
    }
  ]
}