{
  "violation_rate": [
    0.97592,
    0.007166142616498787
  ],
  "cbf_violation_rate": [
    0.9758399999999999,
    0.007297561236467982
  ],
  "cumulative_reward": [
    -2358.107518050969,
    57.2792845519716
  ]
}