{
  "violation_rate": [
    0.08503999999999999,
    0.012738853951592351
  ],
  "cbf_violation_rate": [
    0.0,
    0.0
  ],
  "cumulative_reward": [
    -6160.660807955861,
    186.79136236140934
  ],
  "tracking_rmse": {
    "pressure": [
      0.4854863719060431,
      0.0017064788703083729
    ],
    "enthalpy": [
      9.549785582250736,
      0.29953479993352333
    ],
    "power": [
      34.60248715322628,
      0.5444268536229989
    ]
  },
  "control_cost": [
    2300.43404296875,
    82.91391686148589
  ],
  "min_barrier_value": [
    -22.67253173828125,
    4.720725898159969
  ],
  "online_time_ms": [
    2.458459860989824,
    0.16206775878648802
  ],
  "per_constraint_type": {
    "pressure": {
      "violation_rate": 0.0,
      "violation_count": 0,
      "total_steps": 25000
    },
    "enthalpy": {
      "violation_rate": 0.0,
      "violation_count": 0,
      "total_steps": 25000
    },
    "power": {
      "violation_rate": 0.08504,
      "violation_count": 2126,
      "total_steps": 25000
    }
  },
  "convergence_episode": 200,
  "n_training_episodes": 200,
  "reward_history": [
    -2434.577212393284,
    -2538.5328924655914,
    -2480.2719472944736,
    -2415.2985133230686,
    -2483.7375743985176,
    -2495.24367377162,
    -2426.2272130846977,
    -2547.166830867529,
    -2270.8199001848698,
    -2340.0472865998745,
    -2388.6230420023203,
    -2185.0787877738476,
    -2165.312710762024,
    -2647.844200372696,
    -2447.782677978277,
    -2606.939915239811,
    -2343.062178492546,
    -2440.819826632738,
    -2456.702988296747,
    -2380.9580450356007,
    -2199.2912419736385,
    -2443.904717206955,
    -2568.0200860351324,
    -2354.8131713569164,
    -2675.6247089505196,
    -2496.6700853556395,
    -2366.260916352272,
    -2422.1974211633205,
    -2681.164299428463,
    -2479.183659762144,
    -2651.0819150060415,
    -2315.6087921261787,
    -2635.4363751113415,
    -2417.867074429989,
    -2646.451726615429,
    -2690.825660377741,
    -2531.4135534763336,
    -2562.312406003475,
    -2360.224117308855,
    -2441.4772687256336,
    -2372.5222347974777,
    -2210.474673271179,
    -2269.317206978798,
    -2158.351465702057,
    -2222.857398033142,
    -2628.032401204109,
    -2346.3169787824154,
    -2468.8017397522926,
    -2344.196935772896,
    -2156.440995067358,
    -2592.7960691452026,
    -2425.3670986890793,
    -2367.655889391899,
    -2301.3537615537643,
    -2401.038219243288,
    -2626.677950799465,
    -2380.2949879020452,
    -2284.2535663694143,
    -2225.242853373289,
    -2592.7768247127533,
    -2294.547261029482,
    -2509.39166867733,
    -2291.320391148329,
    -2250.383036196232,
    -2534.368826031685,
    -2480.3830477893353,
    -2444.319216609001,
    -2432.6048680245876,
    -2689.3514873981476,
    -2294.6570605635643,
    -2572.174679502845,
    -2304.7593479454517,
    -2291.3692841231823,
    -2478.987987458706,
    -2433.4783354997635,
    -2490.2073176950216,
    -2564.7667144834995,
    -2358.1401030421257,
    -2636.529090464115,
    -2685.495418548584,
    -2604.593480914831,
    -2520.508976176381,
    -2413.5702779889107,
    -2303.5916246771812,
    -2574.8334762454033,
    -2536.59398907423,
    -2592.717774808407,
    -2414.062663704157,
    -2644.3188527822495,
    -2553.514680504799,
    -2382.810067176819,
    -2347.910808429122,
    -2253.735200896859,
    -2466.7414477467537,
    -2588.987489938736,
    -2314.088793992996,
    -2414.9644269645214,
    -2254.462227731943,
    -2399.7226362228394,
    -2551.5506172180176
  ],
  "epsilon_log": [
    {
      "episode": 50,
      "n_gp_points": 2000,
      "epsilon_total": 0.41522637009620667,
      "epsilon_per_constraint": [
        0.16357849538326263,
        0.16357849538326263,
        0.0440346896648407,
        0.0440346896648407
      ],
      "sigma_gp_mean": 0.010000000707805157,
      "sigma_gp_max": 0.010000000707805157,
      "mu_gp_mean": -1.499161720275879
    },
    {
      "episode": 100,
      "n_gp_points": 2000,
      "epsilon_total": 0.41522637009620667,
      "epsilon_per_constraint": [
        0.16357849538326263,
        0.16357849538326263,
        0.0440346896648407,
        0.0440346896648407
      ],
      "sigma_gp_mean": 0.010000000707805157,
      "sigma_gp_max": 0.010000000707805157,
      "mu_gp_mean": -1.499161720275879
    },
    {
      "episode": 150,
      "n_gp_points": 2000,
      "epsilon_total": 0.41522637009620667,
      "epsilon_per_constraint": [
        0.16357849538326263,
        0.16357849538326263,
        0.0440346896648407,
        0.0440346896648407
      ],
      "sigma_gp_mean": 0.010000000707805157,
      "sigma_gp_max": 0.010000000707805157,
      "mu_gp_mean": -1.499161720275879
    },
    {
      "episode": 200,
      "n_gp_points": 2000,
      "epsilon_total": 0.41522637009620667,
      "epsilon_per_constraint": [
        0.16357849538326263,
        0.16357849538326263,
        0.0440346896648407,
        0.0440346896648407
      ],
      "sigma_gp_mean": 0.010000000707805157,
      "sigma_gp_max": 0.010000000707805157,
      "mu_gp_mean": -1.499161720275879
    }
  ]
}