{
  "violation_rate": [
    0.0,
    0.0
  ],
  "cbf_violation_rate": [
    0.0,
    0.0
  ],
  "cumulative_reward": [
    -493.3065986183162,
    18.273960140249926
  ],
  "tracking_rmse": {
    "pressure": [
      0.023416543554021323,
      0.0021155153558560383
    ],
    "enthalpy": [
      9.538519422845537,
      0.5690958725414952
    ],
    "power": [
      15.39491453982211,
      0.310392491093543
    ]
  },
  "control_cost": [
    908.3460489908854,
    44.918821776037056
  ],
  "min_barrier_value": [
    1.3602066040039062,
    0.0027722855822138346
  ],
  "online_time_ms": [
    97.11419562498729,
    5.277703363251153
  ],
  "convergence_episode": 200,
  "n_training_episodes": 200,
  "reward_history": [
    -824.3792761564255,
    -1604.247407644987,
    -11182.907358169556,
    -1520.0597983896732,
    -966.8038330078125,
    -10753.840574264526,
    -1648.716027468443,
    -880.9256000518799,
    -11039.266528129578,
    -10759.21780204773,
    -10761.97626876831,
    -2479.121377915144,
    -1707.7784451842308,
    -11443.985889434814,
    -2251.082022666931,
    -2721.2293394804,
    -11734.678527832031,
    -11223.17597770691,
    -1618.1481242626905,
    -2422.635313361883,
    -973.9976085424423,
    -2309.9963772296906,
    -865.5310381650925,
    -885.0186824798584,
    -475.14615111553576,
    -10992.441298484802,
    -2412.3633951842785,
    -1538.333048760891,
    -2817.032743126154,
    -2336.625946044922,
    -2202.6160716712475,
    -1821.8251774311066,
    -573.1078356863,
    -870.5009658932686,
    -2411.058619916439,
    -1509.553411513567,
    -2297.9045407772064,
    -529.3117304341868,
    -977.8930401802063,
    -11125.068494796753,
    -2463.3269207179546,
    -480.4726708442904,
    -1808.309167906642,
    -547.1594674412627,
    -897.8268692493439,
    -11413.27359676361,
    -2474.9908667206764,
    -10995.173211097717,
    -1696.2206613272429,
    -938.3515149652958,
    -2255.4502869546413,
    -494.6819493086077,
    -1732.9404193162918,
    -2458.5687497854233,
    -571.2637404538691,
    -11218.920454025269,
    -2541.0159509778023,
    -2497.6640438735485,
    -428.03842223016545,
    -459.68871034961194,
    -478.1340171343181,
    -1033.1100585460663,
    -1824.4774962067604,
    -11144.957787513733,
    -10621.385682106018,
    -2752.2469563782215,
    -2643.826735138893,
    -11769.991443634033,
    -11345.162021636963,
    -918.1304602622986,
    -506.92126846971223,
    -595.9291080082767,
    -2596.425272643566,
    -531.9057879494503,
    -2568.723363786936,
    -951.5256643891335,
    -11750.865446090698,
    -468.35595979355276,
    -2674.3071096539497,
    -1650.9421046674252,
    -883.8946784734726,
    -474.5129786883481,
    -2329.66071754694,
    -11530.969644546509,
    -2396.9064942896366,
    -11355.359725952148,
    -2577.3125098645687,
    -448.46876057691406,
    -921.0181939005852,
    -11413.181957244873,
    -571.9002757385606,
    -930.6900742650032,
    -2602.112246006727,
    -491.81983879592735,
    -973.490398645401,
    -991.42372661829,
    -911.7536588311195,
    -506.89291496761143,
    -2190.39189183712,
    -2529.4192897826433
  ],
  "epsilon_log": []
}