{
  "violation_rate": [
    0.0,
    0.0
  ],
  "cbf_violation_rate": [
    0.0,
    0.0
  ],
  "cumulative_reward": [
    -589.3482749263445,
    44.467473092093364
  ],
  "tracking_rmse": {
    "pressure": [
      0.02080913650081745,
      0.0026819463217867484
    ],
    "enthalpy": [
      27.84478807382594,
      0.03023731942455123
    ],
    "power": [
      14.699829681152588,
      0.7650133371715718
    ]
  },
  "control_cost": [
    1903.5535481770833,
    57.9473681249067
  ],
  "min_barrier_value": [
    0.04443359375,
    0.0
  ],
  "online_time_ms": [
    515.9663333177256,
    22.38654355550463
  ],
  "convergence_episode": 200,
  "n_training_episodes": 200,
  "reward_history": [
    -943.3299606442451,
    -891.5568379163742,
    -935.1530056595802,
    -940.2904003858566,
    -940.3601613044739,
    -816.180484354496,
    -954.7659986019135,
    -782.8411647081375,
    -939.2141192555428,
    -910.1758935451508,
    -870.6608198285103,
    -912.8921673893929,
    -927.39664041996,
    -815.6788430213928,
    -953.1829043030739,
    -890.5655797123909,
    -913.6947579979897,
    -875.3514458537102,
    -887.3064451217651,
    -848.7681229114532,
    -845.2395182326436,
    -829.2789777517319,
    -932.8025072813034,
    -889.9712339639664,
    -914.3791265487671,
    -918.601358294487,
    -972.5677460432053,
    -934.9324707388878,
    -938.0540204048157,
    -963.039490878582,
    -938.9979541003704,
    -913.9056432247162,
    -830.6146097779274,
    -922.1151937246323,
    -905.1112258434296,
    -959.517332971096,
    -906.0756527781487,
    -949.0960304737091,
    -909.6973690986633,
    -953.5368001461029,
    -993.7165468335152,
    -947.5798677802086,
    -1011.1267830133438,
    -895.4029182195663,
    -890.7167055606842,
    -943.1676462888718,
    -904.6118815541267,
    -1023.4928545951843,
    -1044.3523017168045,
    -987.4719715118408,
    -920.4800001382828,
    -918.4408056735992,
    -840.3480432033539,
    -922.9470873475075,
    -1034.0415180921555,
    -950.3213367164135,
    -938.8079417347908,
    -952.5418041348457,
    -929.9085014462471,
    -939.0511863231659,
    -876.7401309013367,
    -940.0063768625259,
    -892.445848107338,
    -929.6234173178673,
    -928.8527416586876,
    -918.3198319673538,
    -993.7648136615753,
    -930.8459726572037,
    -966.6304354667664,
    -1017.9615314602852,
    -910.0198056101799,
    -918.4404702186584,
    -963.4862225651741,
    -923.8759817481041,
    -854.6045310497284,
    -996.5069504976273,
    -903.0353795289993,
    -939.6946271657944,
    -822.7728797793388,
    -915.8983357548714,
    -947.3073948025703,
    -946.5343288779259,
    -970.6158246994019,
    -892.20003926754,
    -943.6941700577736,
    -1019.5912246704102,
    -970.8653985261917,
    -923.2932059764862,
    -920.7129621505737,
    -914.7193887233734,
    -905.9809641838074,
    -963.0560316741467,
    -948.1742105484009,
    -930.7237222790718,
    -961.3091821670532,
    -995.1553601026535,
    -918.7639502286911,
    -1086.1821738481522,
    -880.0707179307938,
    -940.9351863265038
  ],
  "epsilon_log": [
    {
      "episode": 50,
      "n_gp_points": 2200,
      "epsilon_total": 0.416266031563282,
      "epsilon_per_constraint": [
        0.16398805379867554,
        0.16398805379867554,
        0.04414496198296547,
        0.04414496198296547
      ],
      "sigma_gp_mean": 0.010000001639127731,
      "sigma_gp_max": 0.010000004433095455,
      "mu_gp_mean": -16.666656494140625
    },
    {
      "episode": 100,
      "n_gp_points": 2400,
      "epsilon_total": 0.41721294820308685,
      "epsilon_per_constraint": [
        0.16436108946800232,
        0.16436108946800232,
        0.04424538463354111,
        0.04424538463354111
      ],
      "sigma_gp_mean": 0.010000001639127731,
      "sigma_gp_max": 0.010000004433095455,
      "mu_gp_mean": -16.666656494140625
    },
    {
      "episode": 150,
      "n_gp_points": 2600,
      "epsilon_total": 0.4180821254849434,
      "epsilon_per_constraint": [
        0.16470350325107574,
        0.16470350325107574,
        0.04433755949139595,
        0.04433755949139595
      ],
      "sigma_gp_mean": 0.010000001639127731,
      "sigma_gp_max": 0.010000004433095455,
      "mu_gp_mean": -16.666656494140625
    },
    {
      "episode": 200,
      "n_gp_points": 2800,
      "epsilon_total": 0.4188852533698082,
      "epsilon_per_constraint": [
        0.1650198996067047,
        0.1650198996067047,
        0.04442272707819939,
        0.04442272707819939
      ],
      "sigma_gp_mean": 0.010000001639127731,
      "sigma_gp_max": 0.01000000350177288,
      "mu_gp_mean": -16.666656494140625
    }
  ]
}