{
  "violation_rate": [
    0.09333333333333332,
    0.016499158227686102
  ],
  "cbf_violation_rate": [
    0.0,
    0.0
  ],
  "cumulative_reward": [
    -2546.8162395457425,
    78.70966926809209
  ],
  "tracking_rmse": {
    "pressure": [
      0.4850957624577316,
      0.0008503355468761607
    ],
    "enthalpy": [
      9.563396614236124,
      0.3553362799540149
    ],
    "power": [
      35.178677668159175,
      0.5750010168111063
    ]
  },
  "control_cost": [
    921.4096272786459,
    7.335226007078549
  ],
  "min_barrier_value": [
    -17.826212565104168,
    3.3862850645333995
  ],
  "online_time_ms": [
    547.6401334089072,
    51.251500888213606
  ],
  "convergence_episode": 200,
  "n_training_episodes": 200,
  "reward_history": [
    -2439.113454848528,
    -2459.230414748192,
    -2309.648781836033,
    -2387.0956969857216,
    -2341.0945031940937,
    -2325.3159624934196,
    -2517.536062002182,
    -2406.1828322708607,
    -2366.8589152395725,
    -2559.413484722376,
    -2445.456855326891,
    -2487.3352811932564,
    -2471.8853003382683,
    -2334.511438846588,
    -2491.7645425498486,
    -2419.09823307395,
    -2190.493200302124,
    -2655.068740785122,
    -2535.776450395584,
    -2346.0569344460964,
    -2329.143019735813,
    -2303.474284917116,
    -2263.688999414444,
    -2400.2342443466187,
    -2569.174440175295,
    -2314.029531210661,
    -2572.183553546667,
    -2547.139865130186,
    -2360.5923733115196,
    -2492.0894283652306,
    -2559.1951271295547,
    -2490.1448140740395,
    -2376.3696018755436,
    -2343.424362897873,
    -2772.6409735381603,
    -2575.094088882208,
    -2599.044070020318,
    -2531.5931467711926,
    -2468.5891713798046,
    -2494.547602504492,
    -2463.636918902397,
    -2568.338609367609,
    -2322.2509202063084,
    -2317.784449905157,
    -2676.8221759796143,
    -2618.6496425271034,
    -2282.569320499897,
    -2444.5386593043804,
    -2462.301075220108,
    -2510.8286517858505,
    -2573.163681268692,
    -2373.804536268115,
    -2530.1337297558784,
    -2300.215152144432,
    -2552.7930148243904,
    -2416.1327547878027,
    -2366.4689694941044,
    -2403.1857934594154,
    -2310.6556934416294,
    -2331.606170654297,
    -2348.8702445328236,
    -2318.4947298765182,
    -2400.905644506216,
    -2339.4120786488056,
    -2502.4935664236546,
    -2603.077181920409,
    -2449.692114531994,
    -2501.365987122059,
    -2389.266334146261,
    -2573.0634615421295,
    -2471.057652056217,
    -2804.682555913925,
    -2153.1529203802347,
    -2484.680305838585,
    -2432.712518617511,
    -2588.911495655775,
    -2484.078785389662,
    -2392.2302157580853,
    -2340.7034944444895,
    -2660.749619603157,
    -2738.3303901553154,
    -2538.2709586024284,
    -2512.466776072979,
    -2410.11060577631,
    -2605.8998844325542,
    -2530.0793729424477,
    -2466.4251203238964,
    -2737.7182022333145,
    -2557.3901501595974,
    -2607.0981797873974,
    -2421.883945941925,
    -2546.197550147772,
    -2492.125567048788,
    -2394.4995324909687,
    -2486.0683580935,
    -2545.3920081555843,
    -2234.669132322073,
    -2505.4444564580917,
    -2541.6450335383415,
    -2538.9759052097797
  ],
  "epsilon_log": [
    {
      "episode": 50,
      "n_gp_points": 2200,
      "epsilon_total": 0.4162660911679268,
      "epsilon_per_constraint": [
        0.16398809850215912,
        0.16398809850215912,
        0.044144947081804276,
        0.044144947081804276
      ],
      "sigma_gp_mean": 0.010000000707805157,
      "sigma_gp_max": 0.010000001639127731,
      "mu_gp_mean": -1.4991693496704102
    },
    {
      "episode": 100,
      "n_gp_points": 2400,
      "epsilon_total": 0.41721297055482864,
      "epsilon_per_constraint": [
        0.1643611192703247,
        0.1643611192703247,
        0.044245366007089615,
        0.044245366007089615
      ],
      "sigma_gp_mean": 0.010000000707805157,
      "sigma_gp_max": 0.010000001639127731,
      "mu_gp_mean": -1.4991720914840698
    },
    {
      "episode": 150,
      "n_gp_points": 2600,
      "epsilon_total": 0.4180821478366852,
      "epsilon_per_constraint": [
        0.16470353305339813,
        0.16470353305339813,
        0.04433754086494446,
        0.04433754086494446
      ],
      "sigma_gp_mean": 0.010000000707805157,
      "sigma_gp_max": 0.010000001639127731,
      "mu_gp_mean": -1.4991741180419922
    },
    {
      "episode": 200,
      "n_gp_points": 2800,
      "epsilon_total": 0.4188852906227112,
      "epsilon_per_constraint": [
        0.1650199294090271,
        0.1650199294090271,
        0.04442271590232849,
        0.04442271590232849
      ],
      "sigma_gp_mean": 0.010000000707805157,
      "sigma_gp_max": 0.010000001639127731,
      "mu_gp_mean": -1.4991755485534668
    }
  ]
}