{
  "violation_rate": [
    0.035,
    0.0
  ],
  "cbf_violation_rate": [
    0.0,
    0.0
  ],
  "cumulative_reward": [
    -1747.6700442185004,
    31.272741216157147
  ],
  "tracking_rmse": {
    "pressure": [
      0.35055702665401917,
      0.001967802084127842
    ],
    "enthalpy": [
      9.74288176919411,
      0.6287568053017497
    ],
    "power": [
      29.13818755822452,
      0.25618693269672504
    ]
  },
  "control_cost": [
    922.3151448567709,
    21.348522400296513
  ],
  "min_barrier_value": [
    -13.1510009765625,
    5.0874810589071435
  ],
  "online_time_ms": [
    517.139102507305,
    34.57475753971891
  ],
  "convergence_episode": 200,
  "n_training_episodes": 200,
  "reward_history": [
    -1731.1395598948002,
    -1787.1666776388884,
    -1555.0234472602606,
    -1582.3575765937567,
    -1581.6291889101267,
    -1719.3642962574959,
    -1530.5594271719456,
    -1838.4193205684423,
    -1654.023432098329,
    -1753.4669254422188,
    -1647.2261423170567,
    -1584.619366824627,
    -1662.93978638947,
    -1697.592706605792,
    -1567.9210979938507,
    -1527.9230990111828,
    -1607.1170616149902,
    -1501.1279716789722,
    -1612.8007231652737,
    -1679.9726971536875,
    -1629.267340913415,
    -1606.4027032852173,
    -1576.9541737735271,
    -1795.6184912770987,
    -1836.290882408619,
    -1584.2738084197044,
    -1698.287317380309,
    -1730.6252919882536,
    -1888.4173566102982,
    -1683.2217663377523,
    -1690.472212806344,
    -1644.7327446341515,
    -1765.6334150731564,
    -1510.5923986434937,
    -1682.2602479159832,
    -1672.099187836051,
    -1680.6600084006786,
    -1624.045499354601,
    -1598.1374969482422,
    -1615.0685713887215,
    -1671.5960218906403,
    -1743.8942567408085,
    -1561.3587726056576,
    -1717.2941695302725,
    -1443.1743669062853,
    -1731.1480633616447,
    -1747.975523620844,
    -1767.7188363969326,
    -1619.2282011955976,
    -1662.7083473205566,
    -1759.1865937262774,
    -1619.0422798544168,
    -1765.0390637516975,
    -1825.7704696804285,
    -1538.8630310148,
    -1740.3102544546127,
    -1582.6411102414131,
    -1672.863418251276,
    -1588.9386660307646,
    -1606.7447191625834,
    -1769.648499250412,
    -1645.0173528939486,
    -1732.9628566354513,
    -1686.4620308429003,
    -1629.8544894009829,
    -1777.584361359477,
    -1726.4556084871292,
    -1555.5524257272482,
    -1877.216671988368,
    -1552.0048028379679,
    -1675.2612865120173,
    -1824.2764491438866,
    -1784.1808601170778,
    -1750.2415337860584,
    -1566.4028620272875,
    -1651.9807902872562,
    -1768.7512064948678,
    -1652.9499957412481,
    -1872.5215790122747,
    -1672.8245155140758,
    -1816.6321173161268,
    -1766.6101646125317,
    -1819.451068714261,
    -1721.5449457615614,
    -1611.4338034167886,
    -1527.3604717850685,
    -1453.8171954602003,
    -1602.1533439308405,
    -1645.5733475238085,
    -1540.7830170094967,
    -1555.3410247713327,
    -1728.182003006339,
    -1570.1738213598728,
    -1631.0334918797016,
    -1545.7232456430793,
    -1656.0145920440555,
    -1768.1021545380354,
    -1700.5707545429468,
    -1661.7229568213224,
    -1638.8250599652529
  ],
  "epsilon_log": [
    {
      "episode": 50,
      "n_gp_points": 2200,
      "epsilon_total": 0.46104151010513306,
      "epsilon_per_constraint": [
        0.1639927476644516,
        0.1639927476644516,
        0.06652800738811493,
        0.06652800738811493
      ],
      "sigma_gp_mean": 0.011707118712365627,
      "sigma_gp_max": 0.01512106042355299,
      "mu_gp_mean": -1.5491665601730347
    },
    {
      "episode": 100,
      "n_gp_points": 2400,
      "epsilon_total": 0.45549967885017395,
      "epsilon_per_constraint": [
        0.16436539590358734,
        0.16436539590358734,
        0.06338444352149963,
        0.06338444352149963
      ],
      "sigma_gp_mean": 0.011456399224698544,
      "sigma_gp_max": 0.014368926174938679,
      "mu_gp_mean": -1.5492022037506104
    },
    {
      "episode": 150,
      "n_gp_points": 2600,
      "epsilon_total": 0.4516119062900543,
      "epsilon_per_constraint": [
        0.16470752656459808,
        0.16470752656459808,
        0.06109842658042908,
        0.06109842658042908
      ],
      "sigma_gp_mean": 0.011272783391177654,
      "sigma_gp_max": 0.013818095438182354,
      "mu_gp_mean": -1.549231767654419
    },
    {
      "episode": 200,
      "n_gp_points": 2800,
      "epsilon_total": 0.44865336269140244,
      "epsilon_per_constraint": [
        0.16502365469932556,
        0.16502365469932556,
        0.059303026646375656,
        0.059303026646375656
      ],
      "sigma_gp_mean": 0.011127813719213009,
      "sigma_gp_max": 0.013383205980062485,
      "mu_gp_mean": -1.5492366552352905
    }
  ]
}