{
  "violation_rate": [
    0.0,
    0.0
  ],
  "cbf_violation_rate": [
    0.0,
    0.0
  ],
  "cumulative_reward": [
    -561.5392682477055,
    20.176801395114015
  ],
  "tracking_rmse": {
    "pressure": [
      0.024026989014784863,
      0.0007626846055094586
    ],
    "enthalpy": [
      9.350848482137236,
      0.014053582348640384
    ],
    "power": [
      16.4845874013234,
      0.3113068592299067
    ]
  },
  "control_cost": [
    921.4897867838541,
    8.657088017142492
  ],
  "min_barrier_value": [
    0.9988447825113932,
    0.516049785278067
  ],
  "online_time_ms": [
    582.016521304225,
    48.800442198748804
  ],
  "convergence_episode": 200,
  "n_training_episodes": 200,
  "reward_history": [
    -473.3863213956356,
    -500.00979944481514,
    -458.5917308346834,
    -461.7405230908189,
    -483.67030658060685,
    -474.19084268971346,
    -533.7746798689477,
    -521.0406175113749,
    -450.28786232694983,
    -540.4975256200996,
    -493.8839523624629,
    -534.4786603227258,
    -512.3817009055056,
    -493.0372397946194,
    -521.9723137058318,
    -505.9551658339333,
    -423.35262459889054,
    -595.4248895002529,
    -543.6135371522978,
    -430.966997532174,
    -487.3680929322727,
    -464.6986197880469,
    -462.1675746617839,
    -477.8839995143935,
    -544.5941704676952,
    -438.0143515485106,
    -571.4145008050837,
    -544.3804565956816,
    -454.061905907467,
    -531.9515186864883,
    -537.766160344705,
    -506.9312638482079,
    -492.1067905947566,
    -421.3665546288248,
    -587.278101333417,
    -583.0086466022767,
    -583.2595018474385,
    -554.315352700185,
    -507.27309984108433,
    -547.5772160646738,
    -512.4432711401023,
    -562.2955515044741,
    -492.54905048478395,
    -467.8080098374048,
    -604.4513480642345,
    -542.5298849465325,
    -462.54934203182347,
    -541.5324737599585,
    -539.6439685616642,
    -521.1478386966046,
    -523.7363067162223,
    -479.1123501136899,
    -531.7231936473399,
    -475.6379703114508,
    -533.2754260436632,
    -506.76738753472455,
    -491.84899260895327,
    -484.98357032891363,
    -484.8967366737779,
    -480.00658965390176,
    -526.7961869984865,
    -518.103977009654,
    -497.63327058270806,
    -456.96399856358767,
    -524.5340204820386,
    -534.5013181976974,
    -544.5872230278328,
    -532.0885386520531,
    -502.0741140707396,
    -568.6892950725742,
    -538.4987753523747,
    -654.5958272777498,
    -453.04189189942554,
    -513.8283577649854,
    -505.45568781835027,
    -533.606695680879,
    -554.2590236091055,
    -515.9378671981394,
    -494.36587475053966,
    -566.816608609166,
    -590.9110115598887,
    -527.3257171437144,
    -546.1159886475652,
    -504.5786940793041,
    -575.1224368042313,
    -516.2850291514769,
    -587.6850903099403,
    -593.8071578703821,
    -541.0436918574851,
    -578.4257940461393,
    -502.78389917267486,
    -520.3117762571201,
    -552.7198894463945,
    -502.49577596690506,
    -536.3240341193159,
    -540.445874509518,
    -425.6826970351394,
    -544.6162279213313,
    -600.8590507190675,
    -555.6991630825214
  ],
  "epsilon_log": [
    {
      "episode": 50,
      "n_gp_points": 2200,
      "epsilon_total": 0.4162660017609596,
      "epsilon_per_constraint": [
        0.16398805379867554,
        0.16398805379867554,
        0.044144947081804276,
        0.044144947081804276
      ],
      "sigma_gp_mean": 0.010000000707805157,
      "sigma_gp_max": 0.010000000707805157,
      "mu_gp_mean": 6.888731149956584e-07
    },
    {
      "episode": 100,
      "n_gp_points": 2400,
      "epsilon_total": 0.41721291095018387,
      "epsilon_per_constraint": [
        0.16436108946800232,
        0.16436108946800232,
        0.044245366007089615,
        0.044245366007089615
      ],
      "sigma_gp_mean": 0.010000000707805157,
      "sigma_gp_max": 0.010000000707805157,
      "mu_gp_mean": 1.058848056345596e-06
    },
    {
      "episode": 150,
      "n_gp_points": 2600,
      "epsilon_total": 0.4180820882320404,
      "epsilon_per_constraint": [
        0.16470350325107574,
        0.16470350325107574,
        0.04433754086494446,
        0.04433754086494446
      ],
      "sigma_gp_mean": 0.010000000707805157,
      "sigma_gp_max": 0.010000000707805157,
      "mu_gp_mean": 9.887809255815228e-07
    },
    {
      "episode": 200,
      "n_gp_points": 2800,
      "epsilon_total": 0.4188852310180664,
      "epsilon_per_constraint": [
        0.1650198996067047,
        0.1650198996067047,
        0.04442271590232849,
        0.04442271590232849
      ],
      "sigma_gp_mean": 0.010000000707805157,
      "sigma_gp_max": 0.010000000707805157,
      "mu_gp_mean": 7.78458684180805e-07
    }
  ]
}