{
  "violation_rate": [
    0.9533333333333333,
    0.008498365855987981
  ],
  "cbf_violation_rate": [
    0.0,
    0.0
  ],
  "cumulative_reward": [
    -11262.090225537619,
    399.9828317020369
  ],
  "tracking_rmse": {
    "pressure": [
      1.3014776863047297,
      0.0019282411590300316
    ],
    "enthalpy": [
      9.513694004540879,
      0.40159833739412143
    ],
    "power": [
      73.68083068615717,
      1.3127839613920913
    ]
  },
  "control_cost": [
    901.8701375325521,
    22.959763843817772
  ],
  "min_barrier_value": [
    -64.36539713541667,
    6.1978686771618605
  ],
  "online_time_ms": [
    557.1848929366873,
    93.25026524544182
  ],
  "convergence_episode": 200,
  "n_training_episodes": 200,
  "reward_history": [
    -11096.494520187378,
    -11416.869735717773,
    -11176.240734100342,
    -10655.458656311035,
    -10941.737840652466,
    -11416.83793258667,
    -11299.542845726013,
    -11661.23650932312,
    -11087.357257843018,
    -11585.500719070435,
    -11405.368079662323,
    -11576.237571716309,
    -10775.258590698242,
    -11070.810395240784,
    -11250.314798355103,
    -11547.227952957153,
    -11194.265520095825,
    -11280.352200508118,
    -11624.789588928223,
    -11381.168951034546,
    -11057.766867637634,
    -11084.581998825073,
    -11197.138341903687,
    -11296.55011177063,
    -11026.344798088074,
    -11545.542278289795,
    -11793.456239700317,
    -11411.105567932129,
    -10759.556733131409,
    -11482.33840560913,
    -10942.12043762207,
    -10899.844403266907,
    -11321.803175926208,
    -11744.522853851318,
    -11165.063059806824,
    -11112.79280090332,
    -11330.70000076294,
    -11479.899092674255,
    -11048.520278930664,
    -11384.186627149582,
    -10796.453901290894,
    -10814.483733177185,
    -11499.121244430542,
    -11605.603520393372,
    -11127.953714370728,
    -12139.267398834229,
    -11160.019415855408,
    -11323.980876922607,
    -11154.34455871582,
    -11397.28977394104,
    -11240.104473114014,
    -11356.52102279663,
    -10953.14793586731,
    -11366.995120048523,
    -11219.616600036621,
    -10986.15624165535,
    -11579.348106384277,
    -11225.958822727203,
    -11293.202031135559,
    -11609.350406646729,
    -11157.484701156616,
    -11153.863605499268,
    -11462.644783973694,
    -11237.327800750732,
    -11354.536033630371,
    -11260.10194015503,
    -11000.372591972351,
    -11144.226725578308,
    -10987.542045593262,
    -10777.713026046753,
    -11520.740767478943,
    -11152.030165672302,
    -10943.111213684082,
    -10935.535444259644,
    -10879.134996414185,
    -11280.6539478302,
    -11605.195139884949,
    -11440.582122802734,
    -10696.906921386719,
    -11513.707802295685,
    -11521.792272567749,
    -11393.091569900513,
    -11418.103252410889,
    -10925.389292240143,
    -10974.8044090271,
    -11335.554483413696,
    -11452.013809204102,
    -11306.465860366821,
    -11233.23169708252,
    -11369.740455627441,
    -11644.414144515991,
    -11056.588561058044,
    -11157.014711380005,
    -11147.560907363892,
    -11751.46556854248,
    -10741.826068878174,
    -11251.684846878052,
    -11634.264656066895,
    -11081.436757087708,
    -12205.755868911743
  ],
  "epsilon_log": [
    {
      "episode": 50,
      "n_gp_points": 2200,
      "epsilon_total": 0.4162660911679268,
      "epsilon_per_constraint": [
        0.16398809850215912,
        0.16398809850215912,
        0.044144947081804276,
        0.044144947081804276
      ],
      "sigma_gp_mean": 0.010000001639127731,
      "sigma_gp_max": 0.01000000350177288,
      "mu_gp_mean": 0.4646424949169159
    },
    {
      "episode": 100,
      "n_gp_points": 2400,
      "epsilon_total": 0.4172130301594734,
      "epsilon_per_constraint": [
        0.1643611490726471,
        0.1643611490726471,
        0.044245366007089615,
        0.044245366007089615
      ],
      "sigma_gp_mean": 0.010000001639127731,
      "sigma_gp_max": 0.01000000350177288,
      "mu_gp_mean": 0.4646384119987488
    },
    {
      "episode": 150,
      "n_gp_points": 2600,
      "epsilon_total": 0.41808217763900757,
      "epsilon_per_constraint": [
        0.16470354795455933,
        0.16470354795455933,
        0.04433754086494446,
        0.04433754086494446
      ],
      "sigma_gp_mean": 0.010000001639127731,
      "sigma_gp_max": 0.01000000350177288,
      "mu_gp_mean": 0.4646388292312622
    },
    {
      "episode": 200,
      "n_gp_points": 2800,
      "epsilon_total": 0.41888532042503357,
      "epsilon_per_constraint": [
        0.1650199443101883,
        0.1650199443101883,
        0.04442271590232849,
        0.04442271590232849
      ],
      "sigma_gp_mean": 0.010000001639127731,
      "sigma_gp_max": 0.01000000350177288,
      "mu_gp_mean": 0.46463751792907715
    }
  ]
}