{
  "violation_rate": [
    0.955,
    0.014142135623730963
  ],
  "cbf_violation_rate": [
    0.0,
    0.0
  ],
  "cumulative_reward": [
    -11482.951484362284,
    58.9133087235266
  ],
  "tracking_rmse": {
    "pressure": [
      1.3033966362968585,
      0.0016203347094717192
    ],
    "enthalpy": [
      9.782882743654392,
      0.3334589504203727
    ],
    "power": [
      74.4283223753233,
      0.1542680072501283
    ]
  },
  "control_cost": [
    922.80859375,
    20.864965755868056
  ],
  "min_barrier_value": [
    -61.892985026041664,
    5.324493379974127
  ],
  "online_time_ms": [
    550.3522895261025,
    24.905240966704763
  ],
  "convergence_episode": 200,
  "n_training_episodes": 200,
  "reward_history": [
    -11494.075332641602,
    -11690.244773864746,
    -10939.329812049866,
    -11090.75854921341,
    -11022.144220352173,
    -11434.074319839478,
    -10898.459955215454,
    -11713.020418167114,
    -11244.015591621399,
    -11575.012031555176,
    -11215.540623664856,
    -11030.558208465576,
    -11222.593981742859,
    -11392.855193138123,
    -10997.223929405212,
    -10882.474227905273,
    -11094.672533035278,
    -10784.873174667358,
    -11106.755637168884,
    -11269.729122161865,
    -11182.637176513672,
    -11090.715940475464,
    -10988.727362632751,
    -11632.431089401245,
    -11700.348980903625,
    -11027.068883895874,
    -11282.008051872253,
    -11408.436085700989,
    -11966.989763259888,
    -11302.594610214233,
    -11298.831803321838,
    -11151.280175209045,
    -11558.413330078125,
    -10825.367406845093,
    -11278.774136543274,
    -11285.97259426117,
    -11301.407793045044,
    -11088.637979507446,
    -11210.093076705933,
    -11102.929990768433,
    -11301.286504745483,
    -11490.450612068176,
    -11012.833421707153,
    -11494.229959487915,
    -10637.954858779907,
    -11412.226340770721,
    -11434.327008247375,
    -11399.819025993347,
    -11113.63409614563,
    -11247.699135780334,
    -11507.740432739258,
    -11141.240573883057,
    -11529.576970100403,
    -11703.976634979248,
    -10963.142852783203,
    -11532.395231246948,
    -11020.624081611633,
    -11326.446298599243,
    -11055.191721916199,
    -10984.785291671753,
    -11438.930300712585,
    -11179.078077316284,
    -11381.048802375793,
    -11285.207447052002,
    -11154.676781654358,
    -11385.544616699219,
    -11472.662525177002,
    -10969.685452461243,
    -11775.196981430054,
    -10969.871646881104,
    -11296.859309196472,
    -11737.14681816101,
    -11615.636493682861,
    -11391.53791809082,
    -10955.425769805908,
    -11166.592587947845,
    -11595.99948501587,
    -11171.09784412384,
    -11793.945222854614,
    -11275.991107940674,
    -11746.388465881348,
    -11520.536227226257,
    -11829.696556091309,
    -11325.866416931152,
    -11005.338946342468,
    -10802.76195526123,
    -10664.624888420105,
    -10985.654213905334,
    -11192.329225540161,
    -10937.008567810059,
    -10874.477811813354,
    -11381.189421653748,
    -10956.415113449097,
    -11131.592392921448,
    -10843.698489189148,
    -11211.994607925415,
    -11526.104228973389,
    -11334.943857192993,
    -11299.316247940063,
    -11088.371453285217
  ],
  "epsilon_log": [
    {
      "episode": 50,
      "n_gp_points": 2200,
      "epsilon_total": 0.4162663295865059,
      "epsilon_per_constraint": [
        0.16398821771144867,
        0.16398821771144867,
        0.044144947081804276,
        0.044144947081804276
      ],
      "sigma_gp_mean": 0.010000004433095455,
      "sigma_gp_max": 0.010000010021030903,
      "mu_gp_mean": 0.46464312076568604
    },
    {
      "episode": 100,
      "n_gp_points": 2400,
      "epsilon_total": 0.41721320897340775,
      "epsilon_per_constraint": [
        0.16436123847961426,
        0.16436123847961426,
        0.044245366007089615,
        0.044245366007089615
      ],
      "sigma_gp_mean": 0.01000000350177288,
      "sigma_gp_max": 0.010000009089708328,
      "mu_gp_mean": 0.4646450877189636
    },
    {
      "episode": 150,
      "n_gp_points": 2600,
      "epsilon_total": 0.4180823862552643,
      "epsilon_per_constraint": [
        0.16470365226268768,
        0.16470365226268768,
        0.04433754086494446,
        0.04433754086494446
      ],
      "sigma_gp_mean": 0.01000000350177288,
      "sigma_gp_max": 0.010000009089708328,
      "mu_gp_mean": 0.4646441340446472
    },
    {
      "episode": 200,
      "n_gp_points": 2800,
      "epsilon_total": 0.4188854992389679,
      "epsilon_per_constraint": [
        0.16502003371715546,
        0.16502003371715546,
        0.04442271590232849,
        0.04442271590232849
      ],
      "sigma_gp_mean": 0.01000000350177288,
      "sigma_gp_max": 0.010000009089708328,
      "mu_gp_mean": 0.46464401483535767
    }
  ]
}