{
  "violation_rate": [
    0.0,
    0.0
  ],
  "cbf_violation_rate": [
    0.0,
    0.0
  ],
  "cumulative_reward": [
    -470.5217041702708,
    47.7504054063557
  ],
  "tracking_rmse": {
    "pressure": [
      0.020827692089757384,
      0.0026821392767239606
    ],
    "enthalpy": [
      9.736310924549706,
      0.39736208698449904
    ],
    "power": [
      15.002557402031561,
      0.783467249687448
    ]
  },
  "control_cost": [
    840.4369913736979,
    75.09036290837318
  ],
  "min_barrier_value": [
    1.3667138417561848,
    0.003517954939708035
  ],
  "online_time_ms": [
    526.3010564209739,
    32.653478455599256
  ],
  "convergence_episode": 200,
  "n_training_episodes": 200,
  "reward_history": [
    -531.3397126486525,
    -476.7608342319727,
    -517.3598183245631,
    -501.84265719214454,
    -512.5334633525927,
    -408.4512392822653,
    -538.0941697152448,
    -358.00926814367995,
    -523.6928974287584,
    -494.536864457652,
    -474.32942962273955,
    -498.7295097535243,
    -511.9822612479329,
    -402.1506143733859,
    -527.5635763574392,
    -461.60662651550956,
    -500.9561354862526,
    -458.8680426739156,
    -486.57473724801093,
    -434.22524222848006,
    -422.39910439006053,
    -421.6219897470437,
    -498.4095529578626,
    -481.44603010173887,
    -499.3257613191381,
    -514.0779661521083,
    -572.6426462577656,
    -520.3725663786754,
    -531.7104121618904,
    -536.0410882849246,
    -551.366517862305,
    -492.26575046102516,
    -389.48661364708096,
    -489.9061789866537,
    -475.00610993336886,
    -510.598606582731,
    -480.39749178057536,
    -539.6311429906636,
    -510.00693062040955,
    -554.461912227096,
    -570.4437355101109,
    -532.003393352963,
    -578.6525352509343,
    -495.1928860342596,
    -460.32608172576874,
    -501.4152784210164,
    -468.17763032205403,
    -599.863210669253,
    -627.0368184595136,
    -563.7759222229943,
    -516.0852711864281,
    -524.1151619972661,
    -412.88914460875094,
    -513.1055563793052,
    -611.6540089040063,
    -531.6025117775425,
    -514.0144232504535,
    -501.9161983523518,
    -513.9631760772318,
    -515.4180778749287,
    -439.75417735846713,
    -533.7044289611513,
    -475.6092099403031,
    -477.4199450709857,
    -510.123607697431,
    -505.0019774399698,
    -597.6508677732199,
    -512.585524574155,
    -529.926688185893,
    -582.4034831859171,
    -484.33509907638654,
    -504.2071944102645,
    -530.8631877379958,
    -513.8964479062706,
    -441.1220146108535,
    -588.0403773649596,
    -486.4873962404672,
    -524.3518383163027,
    -406.5403602309525,
    -499.5861425274052,
    -534.3849462000653,
    -507.38088817335665,
    -569.391044232063,
    -464.03455308359116,
    -542.7711576055735,
    -607.9266610541381,
    -555.3170976578258,
    -508.75027994054835,
    -509.07454126281664,
    -509.2409425508231,
    -479.0507010081783,
    -538.1900382996537,
    -539.6309267980978,
    -500.167737089796,
    -526.7245186847867,
    -574.7967716250569,
    -506.06076798122376,
    -654.4056840930134,
    -483.1409695688635,
    -541.6365892868489
  ],
  "epsilon_log": [
    {
      "episode": 50,
      "n_gp_points": 2200,
      "epsilon_total": 0.4162660017609596,
      "epsilon_per_constraint": [
        0.16398805379867554,
        0.16398805379867554,
        0.044144947081804276,
        0.044144947081804276
      ],
      "sigma_gp_mean": 0.009999999776482582,
      "sigma_gp_max": 0.010000000707805157,
      "mu_gp_mean": 3.044049663003534e-06
    },
    {
      "episode": 100,
      "n_gp_points": 2400,
      "epsilon_total": 0.41721291095018387,
      "epsilon_per_constraint": [
        0.16436108946800232,
        0.16436108946800232,
        0.044245366007089615,
        0.044245366007089615
      ],
      "sigma_gp_mean": 0.009999999776482582,
      "sigma_gp_max": 0.010000000707805157,
      "mu_gp_mean": 3.1402159947901964e-06
    },
    {
      "episode": 150,
      "n_gp_points": 2600,
      "epsilon_total": 0.4180820882320404,
      "epsilon_per_constraint": [
        0.16470350325107574,
        0.16470350325107574,
        0.04433754086494446,
        0.04433754086494446
      ],
      "sigma_gp_mean": 0.009999999776482582,
      "sigma_gp_max": 0.010000000707805157,
      "mu_gp_mean": 3.2107261631608708e-06
    },
    {
      "episode": 200,
      "n_gp_points": 2800,
      "epsilon_total": 0.4188852310180664,
      "epsilon_per_constraint": [
        0.1650198996067047,
        0.1650198996067047,
        0.04442271590232849,
        0.04442271590232849
      ],
      "sigma_gp_mean": 0.009999999776482582,
      "sigma_gp_max": 0.010000000707805157,
      "mu_gp_mean": 2.5546628421579953e-06
    }
  ]
}