{
  "violation_rate": [
    0.0016666666666666668,
    0.0023570226039551583
  ],
  "cbf_violation_rate": [
    0.0,
    0.0
  ],
  "cumulative_reward": [
    -551.0958790393391,
    25.981530355983683
  ],
  "tracking_rmse": {
    "pressure": [
      0.023381634480069483,
      0.0016427007217855016
    ],
    "enthalpy": [
      9.782621938343972,
      0.3335170375620127
    ],
    "power": [
      16.299144623888722,
      0.40166630101867934
    ]
  },
  "control_cost": [
    922.4856770833334,
    20.861700564745433
  ],
  "min_barrier_value": [
    -0.4330437978108724,
    1.6946508081125617
  ],
  "online_time_ms": [
    583.8104484513557,
    50.722517704026
  ],
  "convergence_episode": 200,
  "n_training_episodes": 200,
  "reward_history": [
    -519.2657005675137,
    -526.059173995629,
    -463.242010996677,
    -449.59219890087843,
    -468.07169600529596,
    -527.5955074471422,
    -452.60980767500587,
    -587.4631631937809,
    -494.63702678866684,
    -525.4705934349913,
    -497.6624112352729,
    -478.53514178469777,
    -510.03587947878987,
    -514.895935049979,
    -469.0613869235385,
    -448.41015370190144,
    -487.3964142780751,
    -453.1529693924822,
    -492.46199669188354,
    -525.727802684065,
    -487.20967125101015,
    -495.3673054771498,
    -488.57430624356493,
    -560.0698168275412,
    -592.7472886764444,
    -484.70865234034136,
    -543.4711878011003,
    -546.6009159295354,
    -578.8226200602949,
    -516.4917966276407,
    -531.968492581509,
    -520.5995825715363,
    -548.9664057660848,
    -450.8460572902113,
    -525.3962861999171,
    -517.2323163170367,
    -518.413195903413,
    -519.0232633962296,
    -445.60357769206166,
    -502.1749773090705,
    -509.12397361081094,
    -534.6839744187891,
    -452.52775755897164,
    -505.447761002928,
    -420.09278332814574,
    -544.9658126849681,
    -570.7124633664498,
    -599.0334254894406,
    -499.8661804739386,
    -510.07783823926,
    -556.7331149866804,
    -491.5072008445859,
    -562.7428686758503,
    -582.4626878113486,
    -442.06693105516024,
    -522.4836539225071,
    -479.3464695911389,
    -497.3016562156845,
    -474.6658478891477,
    -521.3727453071624,
    -595.442954281345,
    -515.7329904767685,
    -566.8765391497873,
    -527.795094084926,
    -501.15967935172375,
    -614.8806300703436,
    -529.4851608546451,
    -462.6478152377531,
    -629.8021043469198,
    -454.24941956531256,
    -512.9441866679117,
    -574.0398219318595,
    -563.4593144615937,
    -585.3619867162779,
    -479.6996712789405,
    -524.7451296801446,
    -546.7447993201204,
    -530.356968570035,
    -613.6115127503872,
    -523.1092036797199,
    -549.5812024800107,
    -571.9715465959162,
    -532.3297909479588,
    -569.9413525937125,
    -520.2197695146315,
    -483.25763156916946,
    -428.8494630609639,
    -519.5098262056708,
    -507.86356977408286,
    -454.91156619158573,
    -489.91657734289765,
    -559.606167761609,
    -488.705380319152,
    -512.3593910924392,
    -497.70224703336135,
    -518.4105345906282,
    -559.9081555232406,
    -544.5236620567739,
    -495.76976522197947,
    -527.5540435346775
  ],
  "epsilon_log": [
    {
      "episode": 50,
      "n_gp_points": 2200,
      "epsilon_total": 0.4162660017609596,
      "epsilon_per_constraint": [
        0.16398805379867554,
        0.16398805379867554,
        0.044144947081804276,
        0.044144947081804276
      ],
      "sigma_gp_mean": 0.010000000707805157,
      "sigma_gp_max": 0.010000000707805157,
      "mu_gp_mean": 6.681056561319565e-07
    },
    {
      "episode": 100,
      "n_gp_points": 2400,
      "epsilon_total": 0.41721291095018387,
      "epsilon_per_constraint": [
        0.16436108946800232,
        0.16436108946800232,
        0.044245366007089615,
        0.044245366007089615
      ],
      "sigma_gp_mean": 0.010000000707805157,
      "sigma_gp_max": 0.010000000707805157,
      "mu_gp_mean": 9.65297658694908e-07
    },
    {
      "episode": 150,
      "n_gp_points": 2600,
      "epsilon_total": 0.4180820882320404,
      "epsilon_per_constraint": [
        0.16470350325107574,
        0.16470350325107574,
        0.04433754086494446,
        0.04433754086494446
      ],
      "sigma_gp_mean": 0.010000000707805157,
      "sigma_gp_max": 0.010000000707805157,
      "mu_gp_mean": 8.661233437123883e-07
    },
    {
      "episode": 200,
      "n_gp_points": 2800,
      "epsilon_total": 0.4188852310180664,
      "epsilon_per_constraint": [
        0.1650198996067047,
        0.1650198996067047,
        0.04442271590232849,
        0.04442271590232849
      ],
      "sigma_gp_mean": 0.010000000707805157,
      "sigma_gp_max": 0.010000000707805157,
      "mu_gp_mean": 7.65145045988902e-07
    }
  ]
}