{
  "violation_rate": [
    0.023333333333333334,
    0.004714045207910316
  ],
  "cbf_violation_rate": [
    0.0,
    0.0
  ],
  "cumulative_reward": [
    -1650.8388548667233,
    135.79089892997737
  ],
  "tracking_rmse": {
    "pressure": [
      0.35256449197496814,
      0.0007679061723066561
    ],
    "enthalpy": [
      9.529805467341314,
      0.5990355612039319
    ],
    "power": [
      28.263988776991397,
      1.2231397845478431
    ]
  },
  "control_cost": [
    954.05419921875,
    68.73858244523689
  ],
  "min_barrier_value": [
    -10.617146809895834,
    5.15691440842048
  ],
  "online_time_ms": [
    510.0316875633628,
    30.921299054385386
  ],
  "convergence_episode": 200,
  "n_training_episodes": 200,
  "reward_history": [
    -1502.6174937486649,
    -1656.9679371416569,
    -1479.5794139280915,
    -1621.640604391694,
    -1610.182634010911,
    -1642.0456074178219,
    -1639.0219477713108,
    -1573.9893749654293,
    -1673.231067314744,
    -1646.8008014708757,
    -1706.991334155202,
    -1585.4390981197357,
    -1700.1563998013735,
    -1801.4061933457851,
    -1640.6020830869675,
    -1624.8701035380363,
    -1495.5072526037693,
    -1771.1001505553722,
    -1812.1555623561144,
    -1683.4663804620504,
    -1618.5049744993448,
    -1563.8237759768963,
    -1602.4141334146261,
    -1563.0479309409857,
    -1600.101548075676,
    -1638.5203213989735,
    -1694.9399344176054,
    -1641.2077717781067,
    -1699.659172564745,
    -1591.5160042792559,
    -1522.2546450197697,
    -1503.3416580706835,
    -1737.1290655583143,
    -1578.3799226433039,
    -1760.0122961848974,
    -1741.9673578292131,
    -1619.626769900322,
    -1694.939437225461,
    -1577.447678282857,
    -1381.949692055583,
    -1389.3844871744514,
    -1639.5468573272228,
    -1591.2477709203959,
    -1768.82219851017,
    -1529.900601901114,
    -1593.0725895166397,
    -1611.7373464629054,
    -1699.1503556519747,
    -1936.5783914476633,
    -1811.664220765233,
    -1759.7211120724678,
    -1748.374544620514,
    -1723.6701756715775,
    -1643.6843216270208,
    -1641.8614894747734,
    -1628.4925572127104,
    -1602.8568395674229,
    -1654.9807603359222,
    -1685.8757454156876,
    -1569.024542734027,
    -1685.665829360485,
    -1599.4626341089606,
    -1776.2528379708529,
    -1579.736696228385,
    -1561.7861609980464,
    -1743.2883470058441,
    -1716.6124275624752,
    -1835.2831906825304,
    -1677.7874891906977,
    -1647.9645000100136,
    -1732.6807414516807,
    -1658.624113842845,
    -1613.4231712073088,
    -1702.316226273775,
    -1732.4850922822952,
    -1784.645591378212,
    -1519.3258307874203,
    -1595.7035881131887,
    -1617.8713014870882,
    -1529.6344187408686,
    -1629.350050792098,
    -1383.934891819954,
    -1663.3200016617775,
    -1635.2497609853745,
    -1469.896391429007,
    -1729.323061004281,
    -1691.3554256558418,
    -1706.287325412035,
    -1701.4928074479103,
    -1791.7691983431578,
    -1756.770823046565,
    -1709.6462472081184,
    -1625.4371809959412,
    -1796.603477910161,
    -1866.7534389793873,
    -1837.2948464900255,
    -1766.0983048379421,
    -1785.1752282232046,
    -1851.4069484323263,
    -1678.6564603298903
  ],
  "epsilon_log": [
    {
      "episode": 50,
      "n_gp_points": 2200,
      "epsilon_total": 0.4621425122022629,
      "epsilon_per_constraint": [
        0.16399283707141876,
        0.16399283707141876,
        0.06707841902971268,
        0.06707841902971268
      ],
      "sigma_gp_mean": 0.01174909621477127,
      "sigma_gp_max": 0.015246989205479622,
      "mu_gp_mean": -1.549025058746338
    },
    {
      "episode": 100,
      "n_gp_points": 2400,
      "epsilon_total": 0.45608367025852203,
      "epsilon_per_constraint": [
        0.16436553001403809,
        0.16436553001403809,
        0.06367630511522293,
        0.06367630511522293
      ],
      "sigma_gp_mean": 0.011478610336780548,
      "sigma_gp_max": 0.014435550197958946,
      "mu_gp_mean": -1.5490931272506714
    },
    {
      "episode": 150,
      "n_gp_points": 2600,
      "epsilon_total": 0.45213184505701065,
      "epsilon_per_constraint": [
        0.16470767557621002,
        0.16470767557621002,
        0.0613582469522953,
        0.0613582469522953
      ],
      "sigma_gp_mean": 0.011292515322566032,
      "sigma_gp_max": 0.013877281919121742,
      "mu_gp_mean": -1.5491045713424683
    },
    {
      "episode": 200,
      "n_gp_points": 2800,
      "epsilon_total": 0.44936755299568176,
      "epsilon_per_constraint": [
        0.1650238335132599,
        0.1650238335132599,
        0.059659942984580994,
        0.059659942984580994
      ],
      "sigma_gp_mean": 0.01115486677736044,
      "sigma_gp_max": 0.013464354909956455,
      "mu_gp_mean": -1.5491492748260498
    }
  ]
}