{
  "violation_rate": [
    0.023333333333333334,
    0.011785113019775792
  ],
  "cbf_violation_rate": [
    0.0,
    0.0
  ],
  "cumulative_reward": [
    -1509.5306627800067,
    111.74075648635576
  ],
  "tracking_rmse": {
    "pressure": [
      0.3472057141526928,
      0.003409725251632404
    ],
    "enthalpy": [
      9.497970268940596,
      0.5955350984228495
    ],
    "power": [
      27.0276953754575,
      1.009517467885709
    ]
  },
  "control_cost": [
    841.1947428385416,
    74.96210079806762
  ],
  "min_barrier_value": [
    -8.105265299479166,
    2.176209984145548
  ],
  "online_time_ms": [
    545.5067625952264,
    47.85815513959396
  ],
  "convergence_episode": 200,
  "n_training_episodes": 200,
  "reward_history": [
    -1724.3283937498927,
    -1639.3091714978218,
    -1692.47072327137,
    -1623.5350839570165,
    -1725.2964212447405,
    -1496.1124362796545,
    -1757.7036075815558,
    -1421.814052477479,
    -1725.1528056263924,
    -1572.2195882350206,
    -1613.757080219686,
    -1631.6416101306677,
    -1667.1127448678017,
    -1473.3487089648843,
    -1711.3306596130133,
    -1617.0457495003939,
    -1635.4993619322777,
    -1507.9186061620712,
    -1587.6989497691393,
    -1538.2020755708218,
    -1499.4388844519854,
    -1491.5499847978354,
    -1608.659456282854,
    -1568.7522621005774,
    -1581.8940693438053,
    -1728.1802195608616,
    -1793.6690198630095,
    -1746.0318981856108,
    -1755.4930149167776,
    -1701.4234702140093,
    -1746.5632311329246,
    -1623.1474011093378,
    -1436.2022452950478,
    -1729.1401285529137,
    -1548.249055892229,
    -1624.645857334137,
    -1519.7785663753748,
    -1724.3972133249044,
    -1668.1652905642986,
    -1675.8132873177528,
    -1732.1865486204624,
    -1685.7937738001347,
    -1796.8131443858147,
    -1606.114854119718,
    -1556.5399537235498,
    -1671.6777719929814,
    -1571.7682872265577,
    -1843.415093779564,
    -1930.7688442319632,
    -1771.3355202823877,
    -1711.4892447888851,
    -1661.4633553177118,
    -1495.4398981034756,
    -1707.0954098552465,
    -1862.6176582425833,
    -1709.799500450492,
    -1647.8590435534716,
    -1628.4092231988907,
    -1709.990159586072,
    -1677.8774996697903,
    -1498.0967276245356,
    -1770.3578174561262,
    -1669.8810246735811,
    -1669.947177156806,
    -1688.2785763293505,
    -1660.7449830323458,
    -1840.7596793621778,
    -1619.7635278850794,
    -1706.1222199946642,
    -1808.1488466858864,
    -1694.7638857066631,
    -1631.7266923636198,
    -1577.900474831462,
    -1630.421009093523,
    -1532.2601945847273,
    -1894.6319821476936,
    -1589.1569129675627,
    -1618.6056897044182,
    -1471.6949259191751,
    -1636.1193774193525,
    -1740.3739363253117,
    -1602.0416304469109,
    -1810.398172274232,
    -1509.4926620423794,
    -1784.2839121222496,
    -1878.8880275189877,
    -1734.629648849368,
    -1645.2051238268614,
    -1674.595233231783,
    -1584.1014006882906,
    -1613.2476868927479,
    -1692.4238640666008,
    -1704.516744658351,
    -1605.6253916621208,
    -1696.5501322448254,
    -1742.4117971807718,
    -1677.10507273674,
    -1929.07614313066,
    -1647.8260565400124,
    -1779.1337355673313
  ],
  "epsilon_log": [
    {
      "episode": 50,
      "n_gp_points": 2200,
      "epsilon_total": 0.4605800360441208,
      "epsilon_per_constraint": [
        0.16399405896663666,
        0.16399405896663666,
        0.06629595905542374,
        0.06629595905542374
      ],
      "sigma_gp_mean": 0.011689449660480022,
      "sigma_gp_max": 0.01506796944886446,
      "mu_gp_mean": -1.5491684675216675
    },
    {
      "episode": 100,
      "n_gp_points": 2400,
      "epsilon_total": 0.4551735520362854,
      "epsilon_per_constraint": [
        0.16436679661273956,
        0.16436679661273956,
        0.06321997940540314,
        0.06321997940540314
      ],
      "sigma_gp_mean": 0.011443912982940674,
      "sigma_gp_max": 0.01433138269931078,
      "mu_gp_mean": -1.549217939376831
    },
    {
      "episode": 150,
      "n_gp_points": 2600,
      "epsilon_total": 0.45092853158712387,
      "epsilon_per_constraint": [
        0.16470888257026672,
        0.16470888257026672,
        0.06075538322329521,
        0.06075538322329521
      ],
      "sigma_gp_mean": 0.011246763169765472,
      "sigma_gp_max": 0.013739950954914093,
      "mu_gp_mean": -1.5492585897445679
    },
    {
      "episode": 200,
      "n_gp_points": 2800,
      "epsilon_total": 0.44803881645202637,
      "epsilon_per_constraint": [
        0.1650250256061554,
        0.1650250256061554,
        0.05899438261985779,
        0.05899438261985779
      ],
      "sigma_gp_mean": 0.01110445149242878,
      "sigma_gp_max": 0.013313031755387783,
      "mu_gp_mean": -1.5492701530456543
    }
  ]
}