{
  "violation_rate": [
    0.0,
    0.0
  ],
  "cbf_violation_rate": [
    0.0,
    0.0
  ],
  "cumulative_reward": [
    -676.7094538211823,
    18.13642793852566
  ],
  "tracking_rmse": {
    "pressure": [
      0.024008879814844397,
      0.0007630031354246329
    ],
    "enthalpy": [
      27.83730222183317,
      0.012660810935183465
    ],
    "power": [
      16.132903477518678,
      0.2827233046510836
    ]
  },
  "control_cost": [
    2003.3543701171875,
    10.940450273611503
  ],
  "min_barrier_value": [
    0.04443359375,
    0.0
  ],
  "online_time_ms": [
    519.9742107469743,
    26.295871473365278
  ],
  "convergence_episode": 200,
  "n_training_episodes": 200,
  "reward_history": [
    -886.0007831454277,
    -921.8874897360802,
    -872.0408398509026,
    -880.0690758824348,
    -884.8784412741661,
    -900.5108721256256,
    -948.9386546611786,
    -952.5395395159721,
    -877.8338559269905,
    -948.801348388195,
    -910.0536046028137,
    -958.5300413370132,
    -930.54138225317,
    -902.7435517907143,
    -936.8109971284866,
    -918.5190656781197,
    -835.5350710749626,
    -1020.4026588201523,
    -957.157467007637,
    -867.0445713996887,
    -898.9607198238373,
    -898.4516592025757,
    -872.4191613793373,
    -912.6340500712395,
    -941.4893617630005,
    -857.3019734025002,
    -993.5851992964745,
    -977.2815334200859,
    -862.247456073761,
    -951.6077237129211,
    -944.154214143753,
    -911.4677014946938,
    -913.3795546889305,
    -828.7869631052017,
    -1004.585225880146,
    -1009.244265973568,
    -977.7148471772671,
    -950.2074654102325,
    -929.5052350759506,
    -954.0418851971626,
    -935.8472874462605,
    -966.0950235128403,
    -916.4708881378174,
    -919.5091325640678,
    -1000.5243083238602,
    -965.4662494659424,
    -857.5407890677452,
    -934.4367673993111,
    -956.6347554326057,
    -952.3219649195671,
    -951.5035379528999,
    -883.9489822387695,
    -950.4965897798538,
    -896.8608436584473,
    -929.4899725914001,
    -914.9531630277634,
    -906.7383013963699,
    -923.9953213334084,
    -910.433195233345,
    -909.0560286045074,
    -951.3024858832359,
    -941.0720295906067,
    -923.0957330465317,
    -874.5738662481308,
    -952.2167160511017,
    -940.8240195512772,
    -965.5601325035095,
    -942.9406338632107,
    -929.785990357399,
    -986.5160080194473,
    -953.277573466301,
    -1079.7816877365112,
    -916.9093694090843,
    -928.7987563610077,
    -924.2850760817528,
    -966.7895212173462,
    -956.6270336508751,
    -927.3291808366776,
    -903.7578915953636,
    -994.4105991125107,
    -968.0758867263794,
    -958.4159160256386,
    -958.7094758152962,
    -943.188087105751,
    -992.0295038819313,
    -936.6928716301918,
    -987.60337215662,
    -1017.4678701162338,
    -965.5445735454559,
    -999.0375047922134,
    -910.218309044838,
    -939.0345374345779,
    -972.917641222477,
    -930.6089106798172,
    -943.8274834156036,
    -965.4434289932251,
    -857.9861976802349,
    -963.1112090945244,
    -1012.1081763505936,
    -969.7007657885551
  ],
  "epsilon_log": [
    {
      "episode": 50,
      "n_gp_points": 2200,
      "epsilon_total": 0.416266031563282,
      "epsilon_per_constraint": [
        0.16398805379867554,
        0.16398805379867554,
        0.04414496198296547,
        0.04414496198296547
      ],
      "sigma_gp_mean": 0.010000001639127731,
      "sigma_gp_max": 0.010000004433095455,
      "mu_gp_mean": -16.66666030883789
    },
    {
      "episode": 100,
      "n_gp_points": 2400,
      "epsilon_total": 0.41721294075250626,
      "epsilon_per_constraint": [
        0.16436108946800232,
        0.16436108946800232,
        0.04424538090825081,
        0.04424538090825081
      ],
      "sigma_gp_mean": 0.010000001639127731,
      "sigma_gp_max": 0.01000000350177288,
      "mu_gp_mean": -16.666656494140625
    },
    {
      "episode": 150,
      "n_gp_points": 2600,
      "epsilon_total": 0.4180821105837822,
      "epsilon_per_constraint": [
        0.16470350325107574,
        0.16470350325107574,
        0.04433755204081535,
        0.04433755204081535
      ],
      "sigma_gp_mean": 0.010000001639127731,
      "sigma_gp_max": 0.01000000350177288,
      "mu_gp_mean": -16.666658401489258
    },
    {
      "episode": 200,
      "n_gp_points": 2800,
      "epsilon_total": 0.4188852533698082,
      "epsilon_per_constraint": [
        0.1650198996067047,
        0.1650198996067047,
        0.04442272707819939,
        0.04442272707819939
      ],
      "sigma_gp_mean": 0.010000001639127731,
      "sigma_gp_max": 0.01000000350177288,
      "mu_gp_mean": -16.666658401489258
    }
  ]
}