{
  "violation_rate": [
    0.9349999999999999,
    0.014719601443879708
  ],
  "cbf_violation_rate": [
    0.0,
    0.0
  ],
  "cumulative_reward": [
    -10774.044856707254,
    302.4050890520489
  ],
  "tracking_rmse": {
    "pressure": [
      1.3006134526170088,
      0.0028322480192377315
    ],
    "enthalpy": [
      9.736685225850046,
      0.39729165686875334
    ],
    "power": [
      72.02899213596243,
      1.0280384012680663
    ]
  },
  "control_cost": [
    840.7877197265625,
    75.1103242241206
  ],
  "min_barrier_value": [
    -56.560506184895836,
    2.2081053971570586
  ],
  "online_time_ms": [
    550.9602501926323,
    22.685747457433287
  ],
  "convergence_episode": 200,
  "n_training_episodes": 200,
  "reward_history": [
    -11409.561641693115,
    -11250.65255355835,
    -11338.154108047485,
    -11095.14251613617,
    -11479.092002868652,
    -10886.166669845581,
    -11545.06640625,
    -10733.617994308472,
    -11419.81527709961,
    -10915.902713775635,
    -11174.6373128891,
    -11179.97291469574,
    -11269.092887878418,
    -10816.054301261902,
    -11379.706795692444,
    -11207.031242370605,
    -11166.858832359314,
    -10785.968121528625,
    -11020.75045967102,
    -10987.611721992493,
    -10842.59189414978,
    -10824.05839920044,
    -11057.586626052856,
    -10953.007327079773,
    -10959.997905731201,
    -11514.120710372925,
    -11588.603311538696,
    -11550.820845603943,
    -11562.837760925293,
    -11332.95657157898,
    -11511.40894317627,
    -11167.566116333008,
    -10693.920524597168,
    -11566.893934249878,
    -10922.303874015808,
    -11094.108768463135,
    -10759.5855178833,
    -11411.910490989685,
    -11280.454071998596,
    -11155.013802528381,
    -11353.268624305725,
    -11303.50216293335,
    -11595.394087791443,
    -11077.556369781494,
    -10995.457589149475,
    -11330.039222717285,
    -11011.252480506897,
    -11725.561834335327,
    -11966.226055145264,
    -11549.282009124756,
    -11433.148473739624,
    -11232.760165214539,
    -10872.891813278198,
    -11431.597692489624,
    -11747.436751842499,
    -11389.198684692383,
    -11203.313064575195,
    -11129.380992889404,
    -11438.625076293945,
    -11313.327625274658,
    -10824.196504592896,
    -11605.673728942871,
    -11391.905895233154,
    -11373.375049591064,
    -11355.930771827698,
    -11271.150012016296,
    -11708.797138214111,
    -11086.761573791504,
    -11389.770357131958,
    -11613.424472808838,
    -11474.52233505249,
    -11171.946695327759,
    -10848.544357299805,
    -11135.325674057007,
    -10951.412328720093,
    -11970.52278804779,
    -11050.631751060486,
    -11046.676696777344,
    -10816.343091964722,
    -11205.848733901978,
    -11491.462072372437,
    -11024.956266880035,
    -11681.484767913818,
    -10777.81050491333,
    -11668.585085868835,
    -11839.091795921326,
    -11409.021783828735,
    -11189.140050888062,
    -11311.854083061218,
    -10969.608602523804,
    -11163.257246017456,
    -11330.007714271545,
    -11348.738556861877,
    -11062.546667098999,
    -11348.73403930664,
    -11392.581860542297,
    -11340.879796981812,
    -11876.354104042053,
    -11289.849977493286,
    -11661.31076335907
  ],
  "epsilon_log": [
    {
      "episode": 50,
      "n_gp_points": 2200,
      "epsilon_total": 0.4162663295865059,
      "epsilon_per_constraint": [
        0.16398821771144867,
        0.16398821771144867,
        0.044144947081804276,
        0.044144947081804276
      ],
      "sigma_gp_mean": 0.010000004433095455,
      "sigma_gp_max": 0.010000010021030903,
      "mu_gp_mean": 0.46464452147483826
    },
    {
      "episode": 100,
      "n_gp_points": 2400,
      "epsilon_total": 0.41721320897340775,
      "epsilon_per_constraint": [
        0.16436123847961426,
        0.16436123847961426,
        0.044245366007089615,
        0.044245366007089615
      ],
      "sigma_gp_mean": 0.01000000350177288,
      "sigma_gp_max": 0.010000009089708328,
      "mu_gp_mean": 0.4646438956260681
    },
    {
      "episode": 150,
      "n_gp_points": 2600,
      "epsilon_total": 0.4180823862552643,
      "epsilon_per_constraint": [
        0.16470365226268768,
        0.16470365226268768,
        0.04433754086494446,
        0.04433754086494446
      ],
      "sigma_gp_mean": 0.01000000350177288,
      "sigma_gp_max": 0.010000009089708328,
      "mu_gp_mean": 0.4646456241607666
    },
    {
      "episode": 200,
      "n_gp_points": 2800,
      "epsilon_total": 0.4188854694366455,
      "epsilon_per_constraint": [
        0.16502001881599426,
        0.16502001881599426,
        0.04442271590232849,
        0.04442271590232849
      ],
      "sigma_gp_mean": 0.01000000350177288,
      "sigma_gp_max": 0.010000008158385754,
      "mu_gp_mean": 0.4646431803703308
    }
  ]
}