{
  "violation_rate": [
    0.0,
    0.0
  ],
  "cbf_violation_rate": [
    0.0,
    0.0
  ],
  "cumulative_reward": [
    -653.2129205365976,
    60.46233414545089
  ],
  "tracking_rmse": {
    "pressure": [
      0.0251376127855077,
      0.0005174522408136413
    ],
    "enthalpy": [
      27.800583243110765,
      0.05253800726087782
    ],
    "power": [
      15.73876549760228,
      0.9742547802033351
    ]
  },
  "control_cost": [
    2036.9969075520833,
    74.51922048748872
  ],
  "min_barrier_value": [
    0.04443359375,
    0.0
  ],
  "online_time_ms": [
    516.7632853899462,
    77.32354807285817
  ],
  "convergence_episode": 200,
  "n_training_episodes": 200,
  "reward_history": [
    -816.9090369939804,
    -884.8916152119637,
    -879.3157719373703,
    -929.1842848062515,
    -893.8430786728859,
    -942.1227165460587,
    -949.9510369300842,
    -883.0813251137733,
    -895.3786841630936,
    -891.5978047251701,
    -906.3552587628365,
    -896.5915712714195,
    -910.7040365338326,
    -941.8741354942322,
    -886.7655468583107,
    -879.9245982170105,
    -868.931094110012,
    -962.8220005333424,
    -972.0673426389694,
    -936.238540828228,
    -892.5552320480347,
    -859.7076708078384,
    -902.5855067670345,
    -860.8839081525803,
    -895.7576522827148,
    -900.9277481436729,
    -958.18504601717,
    -893.032971560955,
    -937.0793862342834,
    -899.9086558818817,
    -883.6364983320236,
    -875.6149854063988,
    -1011.3668244481087,
    -915.3386610150337,
    -947.9871425628662,
    -967.2479833960533,
    -930.4245106577873,
    -913.9158855676651,
    -907.4621309041977,
    -833.0480344295502,
    -830.5206082463264,
    -927.0951896309853,
    -931.0953544974327,
    -963.5642411112785,
    -890.4603518843651,
    -930.417241692543,
    -890.3717406988144,
    -971.284241437912,
    -1006.3211289048195,
    -982.4103577136993,
    -980.1728964447975,
    -967.605851650238,
    -971.8923186063766,
    -870.5578085780144,
    -892.7824566364288,
    -919.5160797834396,
    -855.4211416244507,
    -929.8407277464867,
    -911.5809236168861,
    -859.9504253268242,
    -951.6847707033157,
    -922.2476340532303,
    -950.0926547646523,
    -888.8836285471916,
    -881.4697524309158,
    -932.7739104032516,
    -921.6700302958488,
    -1031.7671110630035,
    -896.6817179918289,
    -903.6291280388832,
    -951.9195421338081,
    -942.5665954947472,
    -944.373845398426,
    -930.8564720749855,
    -937.427013874054,
    -983.7475510239601,
    -848.5273218154907,
    -899.3849391341209,
    -919.7721888422966,
    -900.1302698254585,
    -881.1831596493721,
    -811.5445561110973,
    -960.3893400430679,
    -907.531439781189,
    -902.139540374279,
    -967.167201936245,
    -957.7653229236603,
    -968.765825688839,
    -950.0290198326111,
    -973.8475705981255,
    -957.172496676445,
    -953.3822659254074,
    -927.6188087761402,
    -1018.6673780679703,
    -997.2603216767311,
    -1026.416909456253,
    -1008.2844803333282,
    -970.4268881678581,
    -991.8220188617706,
    -961.6663843691349
  ],
  "epsilon_log": [
    {
      "episode": 50,
      "n_gp_points": 2200,
      "epsilon_total": 0.4162660613656044,
      "epsilon_per_constraint": [
        0.16398805379867554,
        0.16398805379867554,
        0.04414497688412666,
        0.04414497688412666
      ],
      "sigma_gp_mean": 0.010000002570450306,
      "sigma_gp_max": 0.010000007227063179,
      "mu_gp_mean": -16.66665267944336
    },
    {
      "episode": 100,
      "n_gp_points": 2400,
      "epsilon_total": 0.41721297055482864,
      "epsilon_per_constraint": [
        0.16436108946800232,
        0.16436108946800232,
        0.044245395809412,
        0.044245395809412
      ],
      "sigma_gp_mean": 0.010000002570450306,
      "sigma_gp_max": 0.010000007227063179,
      "mu_gp_mean": -16.666654586791992
    },
    {
      "episode": 150,
      "n_gp_points": 2600,
      "epsilon_total": 0.4180821478366852,
      "epsilon_per_constraint": [
        0.16470350325107574,
        0.16470350325107574,
        0.044337570667266846,
        0.044337570667266846
      ],
      "sigma_gp_mean": 0.010000002570450306,
      "sigma_gp_max": 0.010000007227063179,
      "mu_gp_mean": -16.666654586791992
    },
    {
      "episode": 200,
      "n_gp_points": 2800,
      "epsilon_total": 0.4188852831721306,
      "epsilon_per_constraint": [
        0.1650198996067047,
        0.1650198996067047,
        0.04442274197936058,
        0.04442274197936058
      ],
      "sigma_gp_mean": 0.010000001639127731,
      "sigma_gp_max": 0.010000006295740604,
      "mu_gp_mean": -16.666656494140625
    }
  ]
}