{
  "violation_rate": [
    0.09166666666666667,
    0.019293061504650374
  ],
  "cbf_violation_rate": [
    0.0,
    0.0
  ],
  "cumulative_reward": [
    -2419.2607321739197,
    167.64546981238558
  ],
  "tracking_rmse": {
    "pressure": [
      0.48629954540487513,
      0.0006579795287123205
    ],
    "enthalpy": [
      9.562304057526758,
      0.592084390614709
    ],
    "power": [
      34.206475560762605,
      1.2402170936921009
    ]
  },
  "control_cost": [
    953.8675537109375,
    69.03728977304306
  ],
  "min_barrier_value": [
    -17.411783854166668,
    5.1852639458965575
  ],
  "online_time_ms": [
    516.1987414459387,
    37.04596709830759
  ],
  "convergence_episode": 200,
  "n_training_episodes": 200,
  "reward_history": [
    -2269.4778099656105,
    -2451.749384343624,
    -2205.2664166092873,
    -2399.5601598620415,
    -2385.2907758951187,
    -2417.2900933921337,
    -2410.7613015174866,
    -2334.063321828842,
    -2470.0585469305515,
    -2432.7597181499004,
    -2516.1598339378834,
    -2354.5366401076317,
    -2504.983483403921,
    -2631.8441269099712,
    -2429.6415389180183,
    -2413.396100729704,
    -2242.283856958151,
    -2579.990461409092,
    -2636.1217459738255,
    -2482.416196346283,
    -2392.736505627632,
    -2332.8585965931416,
    -2366.6495656967163,
    -2332.0021845400333,
    -2378.136575639248,
    -2422.118835836649,
    -2479.281041264534,
    -2424.801892966032,
    -2502.099552974105,
    -2363.3314846754074,
    -2266.380790501833,
    -2249.496869623661,
    -2528.1508024930954,
    -2337.268112272024,
    -2575.892025321722,
    -2544.7449704408646,
    -2391.956454336643,
    -2499.5685618519783,
    -2342.0115181207657,
    -2095.761881545186,
    -2113.217440664768,
    -2425.1562671512365,
    -2351.956888705492,
    -2584.0929532945156,
    -2274.9021931290627,
    -2350.867870092392,
    -2391.7370294332504,
    -2485.4061734825373,
    -2791.25912168622,
    -2631.7903918921947,
    -2556.748247563839,
    -2547.6826700866222,
    -2510.0576150119305,
    -2439.7193881869316,
    -2430.7238632440567,
    -2402.6975299417973,
    -2396.320905327797,
    -2435.858629822731,
    -2478.496764153242,
    -2346.4713799655437,
    -2470.4474613815546,
    -2363.6729293316603,
    -2581.344625890255,
    -2350.06921094656,
    -2324.4082550257444,
    -2563.8336432278156,
    -2520.327061831951,
    -2653.6457417607307,
    -2474.673913925886,
    -2439.501792818308,
    -2538.547980248928,
    -2433.1660594046116,
    -2383.0550875663757,
    -2497.7199085354805,
    -2539.2158553004265,
    -2591.348604604602,
    -2274.7679667770863,
    -2367.8576853871346,
    -2389.9030527472496,
    -2277.773069500923,
    -2422.085877031088,
    -2107.581923544407,
    -2435.6445439755917,
    -2413.135513007641,
    -2194.3425230681896,
    -2535.0063903033733,
    -2477.9185485094786,
    -2498.0481230318546,
    -2495.712412148714,
    -2607.5544196367264,
    -2559.919439792633,
    -2509.264928162098,
    -2397.082192927599,
    -2604.1579554080963,
    -2705.265393793583,
    -2656.719316571951,
    -2557.318739503622,
    -2599.1573997735977,
    -2683.2836225628853,
    -2461.1351753771305
  ],
  "epsilon_log": [
    {
      "episode": 50,
      "n_gp_points": 2200,
      "epsilon_total": 0.4162660613656044,
      "epsilon_per_constraint": [
        0.16398808360099792,
        0.16398808360099792,
        0.044144947081804276,
        0.044144947081804276
      ],
      "sigma_gp_mean": 0.010000000707805157,
      "sigma_gp_max": 0.010000000707805157,
      "mu_gp_mean": -1.4991616010665894
    },
    {
      "episode": 100,
      "n_gp_points": 2400,
      "epsilon_total": 0.41721294075250626,
      "epsilon_per_constraint": [
        0.1643611043691635,
        0.1643611043691635,
        0.044245366007089615,
        0.044245366007089615
      ],
      "sigma_gp_mean": 0.010000000707805157,
      "sigma_gp_max": 0.010000000707805157,
      "mu_gp_mean": -1.4991624355316162
    },
    {
      "episode": 150,
      "n_gp_points": 2600,
      "epsilon_total": 0.4180821180343628,
      "epsilon_per_constraint": [
        0.16470351815223694,
        0.16470351815223694,
        0.04433754086494446,
        0.04433754086494446
      ],
      "sigma_gp_mean": 0.010000000707805157,
      "sigma_gp_max": 0.010000000707805157,
      "mu_gp_mean": -1.4991638660430908
    },
    {
      "episode": 200,
      "n_gp_points": 2800,
      "epsilon_total": 0.4188852608203888,
      "epsilon_per_constraint": [
        0.1650199145078659,
        0.1650199145078659,
        0.04442271590232849,
        0.04442271590232849
      ],
      "sigma_gp_mean": 0.010000000707805157,
      "sigma_gp_max": 0.010000000707805157,
      "mu_gp_mean": -1.4991650581359863
    }
  ]
}