{
  "violation_rate": [
    0.09000000000000001,
    0.01632993161855452
  ],
  "cbf_violation_rate": [
    0.0,
    0.0
  ],
  "cumulative_reward": [
    -2462.5365423709154,
    178.43109253507
  ],
  "tracking_rmse": {
    "pressure": [
      0.4825840543322619,
      0.0019927736236581904
    ],
    "enthalpy": [
      9.147336140297782,
      0.15932517975716692
    ],
    "power": [
      34.54381267260448,
      1.2437254848039219
    ]
  },
  "control_cost": [
    901.4861246744791,
    23.62553721572395
  ],
  "min_barrier_value": [
    -22.403767903645832,
    6.01157876404543
  ],
  "online_time_ms": [
    517.7972816524561,
    38.240542362306705
  ],
  "convergence_episode": 200,
  "n_training_episodes": 200,
  "reward_history": [
    -2371.7215419709682,
    -2513.4161219596863,
    -2418.4107005894184,
    -2174.5217431485653,
    -2315.8029675483704,
    -2514.7110586315393,
    -2446.6650047898293,
    -2648.9943268597126,
    -2366.229662209749,
    -2579.994760930538,
    -2536.8386758565903,
    -2590.76973760128,
    -2261.08053471148,
    -2376.2561509907246,
    -2404.47646933794,
    -2577.3025571107864,
    -2448.612600982189,
    -2461.3676729500294,
    -2607.9156002104282,
    -2518.722187668085,
    -2377.6619221270084,
    -2368.0701432824135,
    -2423.789991259575,
    -2474.5625392198563,
    -2329.0242860019207,
    -2596.6244305819273,
    -2675.8029871582985,
    -2513.7714705467224,
    -2224.092914789915,
    -2505.542598515749,
    -2294.5331998467445,
    -2287.123447805643,
    -2501.604590564966,
    -2659.558544576168,
    -2422.706817448139,
    -2394.482735902071,
    -2462.2741288542747,
    -2537.214774787426,
    -2337.9656551629305,
    -2494.8501438200474,
    -2231.2886588275433,
    -2279.0807323157787,
    -2541.637557774782,
    -2591.2785423099995,
    -2386.1075664162636,
    -2811.7279098033905,
    -2393.973508864641,
    -2465.4086703956127,
    -2375.1165188848972,
    -2514.3086283802986,
    -2454.2306607961655,
    -2468.8890047371387,
    -2316.635410785675,
    -2482.3157310783863,
    -2438.828294277191,
    -2356.3348726034164,
    -2604.7746686041355,
    -2439.4026470780373,
    -2485.177157342434,
    -2598.261899858713,
    -2418.582799255848,
    -2403.9638807475567,
    -2543.8569079637527,
    -2443.071579515934,
    -2465.3962277173996,
    -2436.4297739863396,
    -2330.9010914564133,
    -2426.850518256426,
    -2317.5188156068325,
    -2249.62842553854,
    -2588.4071716964245,
    -2390.08498378098,
    -2354.0531581789255,
    -2309.7588308155537,
    -2272.924222677946,
    -2472.9584545493126,
    -2574.8414213359356,
    -2550.651178985834,
    -2209.5163825154305,
    -2588.209540963173,
    -2578.1433461159468,
    -2483.455358147621,
    -2508.172219827771,
    -2338.225806593895,
    -2319.403030306101,
    -2516.1028219759464,
    -2579.6424122601748,
    -2489.186865195632,
    -2441.5504325330257,
    -2500.556798785925,
    -2637.2664583921432,
    -2372.3945984840393,
    -2454.0745427310467,
    -2445.212225690484,
    -2654.0644231140614,
    -2187.5244728922844,
    -2433.162556350231,
    -2619.3044125437737,
    -2389.966995984316,
    -2865.862972974777
  ],
  "epsilon_log": [
    {
      "episode": 50,
      "n_gp_points": 2200,
      "epsilon_total": 0.4162660613656044,
      "epsilon_per_constraint": [
        0.16398808360099792,
        0.16398808360099792,
        0.044144947081804276,
        0.044144947081804276
      ],
      "sigma_gp_mean": 0.010000000707805157,
      "sigma_gp_max": 0.010000000707805157,
      "mu_gp_mean": -1.4991631507873535
    },
    {
      "episode": 100,
      "n_gp_points": 2400,
      "epsilon_total": 0.41721294075250626,
      "epsilon_per_constraint": [
        0.1643611043691635,
        0.1643611043691635,
        0.044245366007089615,
        0.044245366007089615
      ],
      "sigma_gp_mean": 0.010000000707805157,
      "sigma_gp_max": 0.010000000707805157,
      "mu_gp_mean": -1.4991639852523804
    },
    {
      "episode": 150,
      "n_gp_points": 2600,
      "epsilon_total": 0.4180821180343628,
      "epsilon_per_constraint": [
        0.16470351815223694,
        0.16470351815223694,
        0.04433754086494446,
        0.04433754086494446
      ],
      "sigma_gp_mean": 0.010000000707805157,
      "sigma_gp_max": 0.010000000707805157,
      "mu_gp_mean": -1.4991650581359863
    },
    {
      "episode": 200,
      "n_gp_points": 2800,
      "epsilon_total": 0.4188852608203888,
      "epsilon_per_constraint": [
        0.1650199145078659,
        0.1650199145078659,
        0.04442271590232849,
        0.04442271590232849
      ],
      "sigma_gp_mean": 0.010000000707805157,
      "sigma_gp_max": 0.010000000707805157,
      "mu_gp_mean": -1.499166488647461
    }
  ]
}