{
  "violation_rate": [
    0.03833333333333334,
    0.016499158227686106
  ],
  "cbf_violation_rate": [
    0.0,
    0.0
  ],
  "cumulative_reward": [
    -1677.2912410597007,
    143.1939002693367
  ],
  "tracking_rmse": {
    "pressure": [
      0.34822074461152286,
      0.002313942913887481
    ],
    "enthalpy": [
      9.119586490175381,
      0.21681761958526474
    ],
    "power": [
      28.5202564334913,
      1.213439037586132
    ]
  },
  "control_cost": [
    901.39892578125,
    23.77406748019389
  ],
  "min_barrier_value": [
    -15.590738932291666,
    5.995657028160326
  ],
  "online_time_ms": [
    532.52099959529,
    34.209300097832994
  ],
  "convergence_episode": 200,
  "n_training_episodes": 200,
  "reward_history": [
    -1598.5147091597319,
    -1712.4956680238247,
    -1638.9625370800495,
    -1440.9242404848337,
    -1558.5976826250553,
    -1713.8060420006514,
    -1651.9648483544588,
    -1824.4455811083317,
    -1592.8391203284264,
    -1763.264490917325,
    -1742.0125487595797,
    -1775.4963155686855,
    -1518.7698866128922,
    -1608.4580122977495,
    -1610.3751961886883,
    -1767.9244015663862,
    -1673.2658074349165,
    -1673.873362198472,
    -1792.5691235661507,
    -1720.1086952388287,
    -1612.4446572363377,
    -1595.2338444292545,
    -1642.4849300831556,
    -1687.7923615127802,
    -1560.6150840818882,
    -1790.164026223123,
    -1839.3115381151438,
    -1715.5383502691984,
    -1483.8139697164297,
    -1693.0092796832323,
    -1534.7899451479316,
    -1528.6362523064017,
    -1713.5848166048527,
    -1830.1043141558766,
    -1646.3031164556742,
    -1622.5405757725239,
    -1665.5081368535757,
    -1733.908452436328,
    -1566.7138416171074,
    -1695.3786598742008,
    -1483.1852341741323,
    -1533.8646419346333,
    -1735.4975071251392,
    -1776.4458945840597,
    -1613.9937151148915,
    -1942.4003857523203,
    -1614.8896597772837,
    -1672.665412351489,
    -1596.4416081309319,
    -1715.603190869093,
    -1672.2089601755142,
    -1671.4424776732922,
    -1560.6106802076101,
    -1684.2632524818182,
    -1660.9903976470232,
    -1599.4702202230692,
    -1790.9258959293365,
    -1654.9413130357862,
    -1700.1725043356419,
    -1782.9368228837848,
    -1644.9117074161768,
    -1623.6415122449398,
    -1743.407032072544,
    -1660.9174645543098,
    -1665.324085444212,
    -1649.2889762371778,
    -1564.1206343322992,
    -1653.4844054579735,
    -1554.3897140026093,
    -1506.8772364929318,
    -1781.0921391546726,
    -1615.186353340745,
    -1603.6599734574556,
    -1550.5663541182876,
    -1517.0982488319278,
    -1686.9610426649451,
    -1753.8999971449375,
    -1753.4608219861984,
    -1475.979139700532,
    -1785.5299484580755,
    -1772.9785179942846,
    -1684.2918948978186,
    -1708.4275079071522,
    -1584.146794654429,
    -1559.0695741474628,
    -1728.6732645779848,
    -1784.4815104305744,
    -1702.9871761351824,
    -1657.0928942114115,
    -1709.0278235375881,
    -1815.8968796283007,
    -1604.26263281703,
    -1686.4865995943546,
    -1675.1813038438559,
    -1825.213546961546,
    -1442.5052808523178,
    -1644.6048509553075,
    -1802.3576417714357,
    -1620.2617705464363,
    -1996.1031744331121
  ],
  "epsilon_log": [
    {
      "episode": 50,
      "n_gp_points": 2200,
      "epsilon_total": 0.4622618108987808,
      "epsilon_per_constraint": [
        0.1639932245016098,
        0.1639932245016098,
        0.06713768094778061,
        0.06713768094778061
      ],
      "sigma_gp_mean": 0.011753625236451626,
      "sigma_gp_max": 0.015260547399520874,
      "mu_gp_mean": -1.5491533279418945
    },
    {
      "episode": 100,
      "n_gp_points": 2400,
      "epsilon_total": 0.4561452567577362,
      "epsilon_per_constraint": [
        0.16436593234539032,
        0.16436593234539032,
        0.06370669603347778,
        0.06370669603347778
      ],
      "sigma_gp_mean": 0.011480930261313915,
      "sigma_gp_max": 0.014442486688494682,
      "mu_gp_mean": -1.549178123474121
    },
    {
      "episode": 150,
      "n_gp_points": 2600,
      "epsilon_total": 0.4523915648460388,
      "epsilon_per_constraint": [
        0.16470801830291748,
        0.16470801830291748,
        0.06148776412010193,
        0.06148776412010193
      ],
      "sigma_gp_mean": 0.011302357539534569,
      "sigma_gp_max": 0.01390678621828556,
      "mu_gp_mean": -1.549206018447876
    },
    {
      "episode": 200,
      "n_gp_points": 2800,
      "epsilon_total": 0.4491069167852402,
      "epsilon_per_constraint": [
        0.16502414643764496,
        0.16502414643764496,
        0.05952931195497513,
        0.05952931195497513
      ],
      "sigma_gp_mean": 0.011144973337650299,
      "sigma_gp_max": 0.013434654101729393,
      "mu_gp_mean": -1.5492537021636963
    }
  ]
}