{
  "violation_rate": [
    0.03,
    0.008164965809277261
  ],
  "cbf_violation_rate": [
    0.0,
    0.0
  ],
  "cumulative_reward": [
    -1748.1065894862015,
    62.03667132074732
  ],
  "tracking_rmse": {
    "pressure": [
      0.35116552979104804,
      0.000983842013367864
    ],
    "enthalpy": [
      9.511776694855307,
      0.34874090149561043
    ],
    "power": [
      29.163603834828063,
      0.5426738129394602
    ]
  },
  "control_cost": [
    921.9740397135416,
    7.873650604006225
  ],
  "min_barrier_value": [
    -11.07470703125,
    3.3844699117772654
  ],
  "online_time_ms": [
    522.1019327756949,
    39.11703726112173
  ],
  "convergence_episode": 200,
  "n_training_episodes": 200,
  "reward_history": [
    -1644.8345395624638,
    -1666.1389637589455,
    -1550.3031863570213,
    -1604.270658954978,
    -1578.3235010802746,
    -1567.769974604249,
    -1722.118313729763,
    -1633.3641101270914,
    -1589.0184533819556,
    -1749.7022497355938,
    -1658.2472135871649,
    -1697.3512605503201,
    -1681.56586009264,
    -1577.2124071717262,
    -1697.6091403961182,
    -1640.234830737114,
    -1457.0032338351011,
    -1833.5740824788809,
    -1735.4350011348724,
    -1569.9298582226038,
    -1571.7300466448069,
    -1545.1767223775387,
    -1516.3602560907602,
    -1623.3869954794645,
    -1760.2702711969614,
    -1548.2093831375241,
    -1765.6978476643562,
    -1749.0368952304125,
    -1582.3810372650623,
    -1704.0316793620586,
    -1745.1201371103525,
    -1689.96999399364,
    -1608.8620183467865,
    -1559.749297708273,
    -1915.865602120757,
    -1775.5280375480652,
    -1789.8329185396433,
    -1736.4460517317057,
    -1677.7589567899704,
    -1710.9824266284704,
    -1677.2408387511969,
    -1765.2225500196218,
    -1568.1898709237576,
    -1556.1095097213984,
    -1850.733506962657,
    -1792.3768841177225,
    -1527.281102746725,
    -1670.5653693974018,
    -1679.1269332021475,
    -1706.7399617135525,
    -1752.6095748394728,
    -1603.4589457660913,
    -1724.7187918275595,
    -1545.0310996621847,
    -1743.117295846343,
    -1635.8667258769274,
    -1596.8729771077633,
    -1621.4588429927826,
    -1559.1686734706163,
    -1566.3710416927934,
    -1600.2634991109371,
    -1573.7131515592337,
    -1623.3925237506628,
    -1572.4250101447105,
    -1702.698531985283,
    -1781.4846682548523,
    -1676.975312575698,
    -1708.7958141118288,
    -1619.2397962361574,
    -1764.761730492115,
    -1686.0287699475884,
    -1956.5211890637875,
    -1436.3424630314112,
    -1688.3912844210863,
    -1645.402391538024,
    -1766.295125991106,
    -1704.6601821035147,
    -1625.3235867619514,
    -1580.7428703457117,
    -1827.709300622344,
    -1890.4122806042433,
    -1733.7531761527061,
    -1713.4455819875002,
    -1633.7713451385498,
    -1791.8934093564749,
    -1721.533010199666,
    -1695.7182017117739,
    -1890.3580028116703,
    -1748.4879699796438,
    -1793.244234830141,
    -1638.46340072155,
    -1733.8733279407024,
    -1706.0700782388449,
    -1621.2103017121553,
    -1695.1152396202087,
    -1739.1028504669666,
    -1484.4339048564434,
    -1713.0935917049646,
    -1754.3205129653215,
    -1737.2436488419771
  ],
  "epsilon_log": [
    {
      "episode": 50,
      "n_gp_points": 2200,
      "epsilon_total": 0.4606019854545593,
      "epsilon_per_constraint": [
        0.16399632394313812,
        0.16399632394313812,
        0.06630466878414154,
        0.06630466878414154
      ],
      "sigma_gp_mean": 0.011690161190927029,
      "sigma_gp_max": 0.015069961547851562,
      "mu_gp_mean": -1.5492050647735596
    },
    {
      "episode": 100,
      "n_gp_points": 2400,
      "epsilon_total": 0.4552304297685623,
      "epsilon_per_constraint": [
        0.16436892747879028,
        0.16436892747879028,
        0.06324628740549088,
        0.06324628740549088
      ],
      "sigma_gp_mean": 0.011445960029959679,
      "sigma_gp_max": 0.0143373878672719,
      "mu_gp_mean": -1.5492756366729736
    },
    {
      "episode": 150,
      "n_gp_points": 2600,
      "epsilon_total": 0.45124390721321106,
      "epsilon_per_constraint": [
        0.16471081972122192,
        0.16471081972122192,
        0.060911133885383606,
        0.060911133885383606
      ],
      "sigma_gp_mean": 0.011258630082011223,
      "sigma_gp_max": 0.013775430619716644,
      "mu_gp_mean": -1.5493042469024658
    },
    {
      "episode": 200,
      "n_gp_points": 2800,
      "epsilon_total": 0.44838395714759827,
      "epsilon_per_constraint": [
        0.1650266945362091,
        0.1650266945362091,
        0.05916528403759003,
        0.05916528403759003
      ],
      "sigma_gp_mean": 0.011117437854409218,
      "sigma_gp_max": 0.01335188839584589,
      "mu_gp_mean": -1.5493290424346924
    }
  ]
}