{
  "violation_rate": [
    0.9516666666666667,
    0.010274023338281637
  ],
  "cbf_violation_rate": [
    0.0,
    0.0
  ],
  "cumulative_reward": [
    -11444.71593284607,
    190.86903023328387
  ],
  "tracking_rmse": {
    "pressure": [
      1.3038905013530553,
      0.0008224203525623745
    ],
    "enthalpy": [
      9.351131913909576,
      0.014151025792052269
    ],
    "power": [
      74.33648575888266,
      0.6557762525950616
    ]
  },
  "control_cost": [
    921.9234008789062,
    8.657590530900308
  ],
  "min_barrier_value": [
    -59.633138020833336,
    3.4960728740009666
  ],
  "online_time_ms": [
    527.1976142648297,
    25.21861344975134
  ],
  "convergence_episode": 200,
  "n_training_episodes": 200,
  "reward_history": [
    -11287.07317352295,
    -11293.060313224792,
    -10943.815202713013,
    -11158.395988464355,
    -10991.418907165527,
    -10955.419483184814,
    -11397.063081741333,
    -11105.408268928528,
    -11121.111949920654,
    -11510.064631462097,
    -11266.805589675903,
    -11313.346168518066,
    -11310.187940597534,
    -10956.359434127808,
    -11350.865533828735,
    -11174.963832855225,
    -10672.247472763062,
    -11680.26085281372,
    -11437.417133331299,
    -11098.394746780396,
    -10952.83737564087,
    -10918.676957130432,
    -10816.69946861267,
    -11165.734489440918,
    -11536.121377944946,
    -11000.407377243042,
    -11493.729848861694,
    -11461.249652862549,
    -11110.84918308258,
    -11332.943626403809,
    -11527.012645721436,
    -11383.265775680542,
    -11076.748006820679,
    -11125.144339561462,
    -12037.828378677368,
    -11475.99621295929,
    -11556.418100357056,
    -11414.435136795044,
    -11315.24123954773,
    -11316.588490486145,
    -11289.899639129639,
    -11503.190408706665,
    -10926.041611671448,
    -10952.681268692017,
    -11742.218335151672,
    -11682.030002593994,
    -10880.011777877808,
    -11192.487669944763,
    -11243.121496200562,
    -11414.22894001007,
    -11588.671793937683,
    -11103.616298675537,
    -11453.22046470642,
    -10898.260928153992,
    -11518.968383789062,
    -11177.66056060791,
    -11060.629118919373,
    -11171.658140182495,
    -10907.36095380783,
    -10981.502844810486,
    -10937.357334136963,
    -10869.62568807602,
    -11145.180852890015,
    -11042.599086761475,
    -11388.189657211304,
    -11657.975128173828,
    -11193.177823066711,
    -11369.072536468506,
    -11102.463747024536,
    -11510.91435623169,
    -11274.194599151611,
    -12010.069122314453,
    -10509.354506492615,
    -11358.679281234741,
    -11229.197820663452,
    -11617.212906837463,
    -11279.747227668762,
    -11087.692349433899,
    -10984.54166316986,
    -11762.726968765259,
    -11952.385345458984,
    -11479.218101501465,
    -11384.274099349976,
    -11155.798978805542,
    -11591.314733505249,
    -11482.860461235046,
    -11175.264229297638,
    -11934.553236961365,
    -11513.09093093872,
    -11587.991723060608,
    -11204.99761390686,
    -11523.330738067627,
    -11306.976852416992,
    -11120.150924682617,
    -11325.255766868591,
    -11482.453994750977,
    -10804.783983707428,
    -11360.144515991211,
    -11361.738317489624,
    -11440.404898643494
  ],
  "epsilon_log": [
    {
      "episode": 50,
      "n_gp_points": 2200,
      "epsilon_total": 0.4162665084004402,
      "epsilon_per_constraint": [
        0.16398830711841583,
        0.16398830711841583,
        0.044144947081804276,
        0.044144947081804276
      ],
      "sigma_gp_mean": 0.01000000536441803,
      "sigma_gp_max": 0.01000001560896635,
      "mu_gp_mean": 0.46464449167251587
    },
    {
      "episode": 100,
      "n_gp_points": 2400,
      "epsilon_total": 0.41721338778734207,
      "epsilon_per_constraint": [
        0.16436132788658142,
        0.16436132788658142,
        0.044245366007089615,
        0.044245366007089615
      ],
      "sigma_gp_mean": 0.01000000536441803,
      "sigma_gp_max": 0.010000014677643776,
      "mu_gp_mean": 0.4646463990211487
    },
    {
      "episode": 150,
      "n_gp_points": 2600,
      "epsilon_total": 0.41808250546455383,
      "epsilon_per_constraint": [
        0.16470371186733246,
        0.16470371186733246,
        0.04433754086494446,
        0.04433754086494446
      ],
      "sigma_gp_mean": 0.01000000536441803,
      "sigma_gp_max": 0.010000013746321201,
      "mu_gp_mean": 0.46464502811431885
    },
    {
      "episode": 200,
      "n_gp_points": 2800,
      "epsilon_total": 0.4188857078552246,
      "epsilon_per_constraint": [
        0.1650201380252838,
        0.1650201380252838,
        0.04442271590232849,
        0.04442271590232849
      ],
      "sigma_gp_mean": 0.01000000536441803,
      "sigma_gp_max": 0.010000013746321201,
      "mu_gp_mean": 0.4646451473236084
    }
  ]
}