{
  "violation_rate": [
    0.09333333333333334,
    0.0023570226039551605
  ],
  "cbf_violation_rate": [
    0.0,
    0.0
  ],
  "cumulative_reward": [
    -2552.1494779636464,
    33.84935276388631
  ],
  "tracking_rmse": {
    "pressure": [
      0.4845788089805148,
      0.0016825322245153159
    ],
    "enthalpy": [
      9.741490981598044,
      0.6074408422779886
    ],
    "power": [
      35.190906920161645,
      0.21658527504141267
    ]
  },
  "control_cost": [
    922.1203002929688,
    21.17387333555954
  ],
  "min_barrier_value": [
    -19.994873046875,
    5.138148288979506
  ],
  "online_time_ms": [
    516.0199439882612,
    39.34998129351568
  ],
  "convergence_episode": 200,
  "n_training_episodes": 200,
  "reward_history": [
    -2542.4412268698215,
    -2614.663642823696,
    -2312.394889563322,
    -2357.009987577796,
    -2345.1671970784664,
    -2524.589884877205,
    -2288.0378175377846,
    -2661.736849963665,
    -2437.85430970788,
    -2571.826627999544,
    -2428.439449608326,
    -2351.060991048813,
    -2440.333005398512,
    -2501.4466628432274,
    -2332.4407572746277,
    -2280.334779754281,
    -2380.2881039381027,
    -2245.962257474661,
    -2385.195277005434,
    -2466.3004660606384,
    -2409.3780506253242,
    -2379.8385421037674,
    -2340.905710399151,
    -2613.4860699772835,
    -2658.73281493783,
    -2350.083054319024,
    -2482.3649069666862,
    -2527.248640358448,
    -2741.964391231537,
    -2471.196913897991,
    -2477.6650012284517,
    -2419.16662093997,
    -2579.7568689882755,
    -2259.8129694759846,
    -2467.3489461243153,
    -2462.693695515394,
    -2469.092637836933,
    -2394.834195792675,
    -2388.5636329054832,
    -2388.6892540454865,
    -2462.5016045868397,
    -2549.8867640197277,
    -2328.0061416924,
    -2528.1729979515076,
    -2174.3518819510937,
    -2527.3588565289974,
    -2548.2875432372093,
    -2558.8494559526443,
    -2392.4680129289627,
    -2444.612661510706,
    -2566.517729729414,
    -2393.6716358959675,
    -2576.3520891964436,
    -2651.91023132205,
    -2299.8569528460503,
    -2552.971614956856,
    -2346.139894798398,
    -2464.731365799904,
    -2355.1742009222507,
    -2361.7332979738712,
    -2566.6791194677353,
    -2423.2259128391743,
    -2525.4069156199694,
    -2469.804714411497,
    -2406.666036427021,
    -2563.129283130169,
    -2534.1452197134495,
    -2314.3458738923073,
    -2704.9262732863426,
    -2311.91679546237,
    -2463.226240336895,
    -2655.7904865443707,
    -2604.513065993786,
    -2543.001398563385,
    -2324.494644343853,
    -2425.3216444551945,
    -2589.235350459814,
    -2430.5986492335796,
    -2701.9076223373413,
    -2460.9597756266594,
    -2645.1260329782963,
    -2577.1280719041824,
    -2660.9819908738136,
    -2508.5764263272285,
    -2368.208619207144,
    -2269.4810683727264,
    -2187.3933733701706,
    -2359.302827298641,
    -2424.2274917662144,
    -2299.131923496723,
    -2300.985196828842,
    -2521.2136856913567,
    -2328.882227450609,
    -2404.3976408541203,
    -2293.6317263543606,
    -2436.655422627926,
    -2574.557766646147,
    -2493.2539852559566,
    -2451.0666121542454,
    -2403.3027246296406
  ],
  "epsilon_log": [
    {
      "episode": 50,
      "n_gp_points": 2200,
      "epsilon_total": 0.4162660613656044,
      "epsilon_per_constraint": [
        0.16398808360099792,
        0.16398808360099792,
        0.044144947081804276,
        0.044144947081804276
      ],
      "sigma_gp_mean": 0.010000000707805157,
      "sigma_gp_max": 0.010000000707805157,
      "mu_gp_mean": -1.4991649389266968
    },
    {
      "episode": 100,
      "n_gp_points": 2400,
      "epsilon_total": 0.41721294075250626,
      "epsilon_per_constraint": [
        0.1643611043691635,
        0.1643611043691635,
        0.044245366007089615,
        0.044245366007089615
      ],
      "sigma_gp_mean": 0.010000000707805157,
      "sigma_gp_max": 0.010000000707805157,
      "mu_gp_mean": -1.49916672706604
    },
    {
      "episode": 150,
      "n_gp_points": 2600,
      "epsilon_total": 0.4180821180343628,
      "epsilon_per_constraint": [
        0.16470351815223694,
        0.16470351815223694,
        0.04433754086494446,
        0.04433754086494446
      ],
      "sigma_gp_mean": 0.010000000707805157,
      "sigma_gp_max": 0.010000000707805157,
      "mu_gp_mean": -1.4991676807403564
    },
    {
      "episode": 200,
      "n_gp_points": 2800,
      "epsilon_total": 0.4188852608203888,
      "epsilon_per_constraint": [
        0.1650199145078659,
        0.1650199145078659,
        0.04442271590232849,
        0.04442271590232849
      ],
      "sigma_gp_mean": 0.010000000707805157,
      "sigma_gp_max": 0.010000000707805157,
      "mu_gp_mean": -1.4991683959960938
    }
  ]
}