{
  "violation_rate": [
    0.0,
    0.0
  ],
  "cbf_violation_rate": [
    0.0,
    0.0
  ],
  "cumulative_reward": [
    -561.5392558498619,
    20.176818569402915
  ],
  "tracking_rmse": {
    "pressure": [
      0.02402698950599817,
      0.0007626839136448822
    ],
    "enthalpy": [
      9.350848482137236,
      0.014053582348640384
    ],
    "power": [
      16.484587506485045,
      0.31130671321343245
    ]
  },
  "control_cost": [
    921.4896850585938,
    8.657087245249768
  ],
  "min_barrier_value": [
    0.9988447825113932,
    0.516049785278067
  ],
  "online_time_ms": [
    508.99615091388114,
    38.47655612374999
  ],
  "convergence_episode": 200,
  "n_training_episodes": 200,
  "reward_history": [
    -473.3863438006956,
    -500.00980911566876,
    -458.5917642728891,
    -461.7404694540892,
    -483.67030658060685,
    -474.19084268971346,
    -533.7746798689477,
    -521.0406246639322,
    -450.2878240086138,
    -540.497533726797,
    -493.8838237281889,
    -534.4786088243127,
    -512.3817345821299,
    -493.0372918890789,
    -521.9723137058318,
    -505.95514556835406,
    -423.35258639231324,
    -595.4248238496948,
    -543.6135340826586,
    -430.9669951442629,
    -487.3681359370239,
    -464.6986197880469,
    -462.1675597031135,
    -477.8840098856017,
    -544.5943619848695,
    -438.01427878800314,
    -571.4145509027876,
    -544.3804554035887,
    -454.0618503559381,
    -531.9520677793771,
    -537.7661442514509,
    -506.9312419136986,
    -492.1067575439811,
    -421.3666705598589,
    -587.2781044328585,
    -583.0086595811881,
    -583.2594276396558,
    -554.3153467881493,
    -507.273071707692,
    -547.5772086735815,
    -512.4432840147056,
    -562.295683409553,
    -492.54904929269105,
    -467.8080003611976,
    -604.4513415077236,
    -542.5297814728692,
    -462.5493420327548,
    -541.5326270633377,
    -539.6439780984074,
    -521.1479808164295,
    -523.7363363397308,
    -479.11219335347414,
    -531.7233069036156,
    -475.63798321958166,
    -533.2754260436632,
    -506.76738753472455,
    -491.84883517725393,
    -484.98357032891363,
    -484.8967330676969,
    -480.0066055683419,
    -526.7961925567361,
    -518.1038791388273,
    -497.63327058270806,
    -456.96401957422495,
    -524.534020482155,
    -534.5013419743627,
    -544.587251891382,
    -532.0884559208062,
    -502.07410548767075,
    -568.6893580149626,
    -538.4987898363033,
    -654.5956886187196,
    -453.04189189942554,
    -513.8283560364507,
    -505.4556982417125,
    -533.6067048376426,
    -554.2590183787979,
    -515.9377951361239,
    -494.36587475053966,
    -566.8166082389653,
    -590.9110380699858,
    -527.3259352967143,
    -546.115989068523,
    -504.5787400640547,
    -575.1224473551847,
    -516.2850291514769,
    -587.6850903099403,
    -593.8071845574304,
    -541.0436603564303,
    -578.4257034470793,
    -502.7838735538535,
    -520.3117738133296,
    -552.7198770486284,
    -502.4958508303389,
    -536.3240204102476,
    -540.4457867118763,
    -425.68286637193523,
    -544.6161459798459,
    -600.8590531107038,
    -555.6992258909158
  ],
  "epsilon_log": [
    {
      "episode": 50,
      "n_gp_points": 2200,
      "epsilon_total": 0.4162660017609596,
      "epsilon_per_constraint": [
        0.16398805379867554,
        0.16398805379867554,
        0.044144947081804276,
        0.044144947081804276
      ],
      "sigma_gp_mean": 0.009999999776482582,
      "sigma_gp_max": 0.010000000707805157,
      "mu_gp_mean": 7.92210130384774e-07
    },
    {
      "episode": 100,
      "n_gp_points": 2400,
      "epsilon_total": 0.41721291095018387,
      "epsilon_per_constraint": [
        0.16436108946800232,
        0.16436108946800232,
        0.044245366007089615,
        0.044245366007089615
      ],
      "sigma_gp_mean": 0.009999999776482582,
      "sigma_gp_max": 0.010000000707805157,
      "mu_gp_mean": 1.1476794270492974e-06
    },
    {
      "episode": 150,
      "n_gp_points": 2600,
      "epsilon_total": 0.4180820882320404,
      "epsilon_per_constraint": [
        0.16470350325107574,
        0.16470350325107574,
        0.04433754086494446,
        0.04433754086494446
      ],
      "sigma_gp_mean": 0.009999999776482582,
      "sigma_gp_max": 0.010000000707805157,
      "mu_gp_mean": 1.0714441032178001e-06
    },
    {
      "episode": 200,
      "n_gp_points": 2800,
      "epsilon_total": 0.4188852310180664,
      "epsilon_per_constraint": [
        0.1650198996067047,
        0.1650198996067047,
        0.04442271590232849,
        0.04442271590232849
      ],
      "sigma_gp_mean": 0.009999999776482582,
      "sigma_gp_max": 0.010000000707805157,
      "mu_gp_mean": 8.389200729652657e-07
    }
  ]
}