{
  "violation_rate": [
    0.0033333333333333335,
    0.004714045207910317
  ],
  "cbf_violation_rate": [
    0.0,
    0.0
  ],
  "cumulative_reward": [
    -534.3373773557445,
    58.51671287229551
  ],
  "tracking_rmse": {
    "pressure": [
      0.021386197789018308,
      0.0016691976587664009
    ],
    "enthalpy": [
      9.513283962356411,
      0.40153698842372654
    ],
    "power": [
      16.02120804597458,
      0.9061704251153457
    ]
  },
  "control_cost": [
    901.4882609049479,
    22.926720060573334
  ],
  "min_barrier_value": [
    -1.3324349721272786,
    3.480754163381249
  ],
  "online_time_ms": [
    530.161489857904,
    69.27087925571996
  ],
  "convergence_episode": 200,
  "n_training_episodes": 200,
  "reward_history": [
    -467.53960647433996,
    -516.0565281296149,
    -497.8798809577711,
    -402.67311984766275,
    -466.22060260514263,
    -517.1193304057233,
    -477.3499890426174,
    -599.3806062892545,
    -470.4546954538673,
    -532.0049126408994,
    -560.2004595701583,
    -552.3881137201097,
    -477.96876859571785,
    -496.0478481729515,
    -443.0657213293016,
    -544.8133185021579,
    -539.7050905893557,
    -515.0076723713428,
    -552.2398181799799,
    -551.2877065949142,
    -503.798422744032,
    -473.7585652729613,
    -499.7653040215373,
    -524.1295678773895,
    -446.55802194261923,
    -579.1613875795156,
    -570.4040469392203,
    -524.0362108368427,
    -429.1320111332461,
    -475.9923593821004,
    -439.19703121017665,
    -450.12624296196736,
    -556.7687044334598,
    -574.1832804412115,
    -519.1070182328112,
    -500.66768785519525,
    -491.3633459871635,
    -524.2815335172927,
    -455.57317658001557,
    -512.2525809998624,
    -423.48323620157316,
    -489.195402928628,
    -523.5051996046677,
    -542.9287838267628,
    -485.07164283818565,
    -592.6509263190674,
    -477.2081862119958,
    -500.4621215061052,
    -451.7769288487034,
    -534.7242842158303,
    -531.2716588019393,
    -487.97938286699355,
    -469.5297472657403,
    -507.58014840073884,
    -513.9808313972317,
    -511.7001723088324,
    -581.7897746302187,
    -513.3074444495142,
    -548.6278731096536,
    -554.4089195188135,
    -519.3193094581948,
    -498.67219827044755,
    -547.6891149906442,
    -510.09127974603325,
    -486.0311962245032,
    -488.89823758695275,
    -473.4050317276269,
    -539.5425824683625,
    -454.4076295462437,
    -462.9252363522537,
    -586.4196059885435,
    -479.39640938094817,
    -530.0539547526278,
    -475.8098805951886,
    -445.1130493514938,
    -540.4221533760428,
    -521.9638209547848,
    -563.5269638109021,
    -442.53208084683865,
    -589.9988678209484,
    -569.1857440891908,
    -492.1563574804459,
    -518.635571334511,
    -521.9346825125394,
    -465.11980460071936,
    -573.1794638554566,
    -607.0326870908029,
    -547.0079657468013,
    -514.682140088873,
    -526.5962600624189,
    -598.5598421357572,
    -506.6708015203476,
    -572.3447100184858,
    -567.0457396097481,
    -563.6454487219453,
    -385.362427565502,
    -491.35831405594945,
    -572.3114078840008,
    -519.8919755273964,
    -646.1504066910711
  ],
  "epsilon_log": [
    {
      "episode": 50,
      "n_gp_points": 2200,
      "epsilon_total": 0.4162660017609596,
      "epsilon_per_constraint": [
        0.16398805379867554,
        0.16398805379867554,
        0.044144947081804276,
        0.044144947081804276
      ],
      "sigma_gp_mean": 0.009999999776482582,
      "sigma_gp_max": 0.010000000707805157,
      "mu_gp_mean": 2.1607572762150085e-06
    },
    {
      "episode": 100,
      "n_gp_points": 2400,
      "epsilon_total": 0.41721291095018387,
      "epsilon_per_constraint": [
        0.16436108946800232,
        0.16436108946800232,
        0.044245366007089615,
        0.044245366007089615
      ],
      "sigma_gp_mean": 0.009999999776482582,
      "sigma_gp_max": 0.010000000707805157,
      "mu_gp_mean": 1.365526145491458e-06
    },
    {
      "episode": 150,
      "n_gp_points": 2600,
      "epsilon_total": 0.4180820882320404,
      "epsilon_per_constraint": [
        0.16470350325107574,
        0.16470350325107574,
        0.04433754086494446,
        0.04433754086494446
      ],
      "sigma_gp_mean": 0.009999999776482582,
      "sigma_gp_max": 0.010000000707805157,
      "mu_gp_mean": 1.5972744904502179e-06
    },
    {
      "episode": 200,
      "n_gp_points": 2800,
      "epsilon_total": 0.4188852310180664,
      "epsilon_per_constraint": [
        0.1650198996067047,
        0.1650198996067047,
        0.04442271590232849,
        0.04442271590232849
      ],
      "sigma_gp_mean": 0.009999999776482582,
      "sigma_gp_max": 0.010000000707805157,
      "mu_gp_mean": 8.283795409624872e-07
    }
  ]
}