{
  "violation_rate": [
    0.0016666666666666668,
    0.0023570226039551583
  ],
  "cbf_violation_rate": [
    0.0,
    0.0
  ],
  "cumulative_reward": [
    -664.0833722551664,
    26.46673504354254
  ],
  "tracking_rmse": {
    "pressure": [
      0.023361242678536242,
      0.0016423973386503993
    ],
    "enthalpy": [
      27.84899450604995,
      0.024603961927363093
    ],
    "power": [
      15.929268359586246,
      0.40746190925679365
    ]
  },
  "control_cost": [
    1983.254150390625,
    12.035095993893215
  ],
  "min_barrier_value": [
    -0.603759765625,
    0.9166838398683026
  ],
  "online_time_ms": [
    515.886591153297,
    22.740378556084405
  ],
  "convergence_episode": 200,
  "n_training_episodes": 200,
  "reward_history": [
    -943.8312801122665,
    -927.3314226865768,
    -889.3993746042252,
    -880.3787993788719,
    -897.6326567530632,
    -941.6928201317787,
    -860.8293985426426,
    -995.079756051302,
    -905.3890243172646,
    -934.5007897615433,
    -901.2667390704155,
    -889.334332883358,
    -917.0876360535622,
    -940.6515830755234,
    -874.5941554605961,
    -861.3201971650124,
    -918.5276859402657,
    -850.9060715436935,
    -894.254648566246,
    -955.7561668157578,
    -898.3412878513336,
    -897.3893450498581,
    -898.8054271936417,
    -964.4765635728836,
    -1006.2133800089359,
    -873.1250506639481,
    -975.1086166501045,
    -971.4514737725258,
    -993.7408422231674,
    -943.8586782813072,
    -936.4928448796272,
    -937.5814807415009,
    -968.2778417468071,
    -867.9883067011833,
    -945.2149773836136,
    -931.3590671420097,
    -924.1570103168488,
    -932.3344557881355,
    -855.1134695112705,
    -922.9284200668335,
    -915.40609562397,
    -983.3398557901382,
    -890.7100602984428,
    -924.7298663854599,
    -841.8702484369278,
    -967.5073513388634,
    -979.335374891758,
    -1038.9533177018166,
    -925.244454562664,
    -913.4776930809021,
    -980.0345395803452,
    -887.4157770872116,
    -984.9023857712746,
    -1010.4810530543327,
    -841.8632082939148,
    -948.0822499990463,
    -899.8312205672264,
    -914.0443833470345,
    -898.6359046697617,
    -952.2904308438301,
    -1017.2941424846649,
    -930.3674528598785,
    -960.980840086937,
    -940.0394470095634,
    -926.533385694027,
    -1043.9029185771942,
    -938.8591854572296,
    -852.2239973545074,
    -1037.1651042103767,
    -873.0255300402641,
    -930.2905189394951,
    -997.3184111118317,
    -972.9747084379196,
    -1008.6456237435341,
    -917.9325323104858,
    -938.0008571147919,
    -975.8433139324188,
    -965.9154088497162,
    -1027.6084274053574,
    -934.2289038300514,
    -974.1931592226028,
    -982.684063911438,
    -946.8143656849861,
    -978.5320353507996,
    -954.6593116521835,
    -887.2342623472214,
    -847.2825437784195,
    -951.3539400696754,
    -935.151606798172,
    -871.5122045278549,
    -906.1254285573959,
    -964.8619714379311,
    -920.0302577614784,
    -932.2726348638535,
    -920.6902075409889,
    -946.1332190036774,
    -993.122722864151,
    -945.3629051446915,
    -895.3812654614449,
    -974.2551174759865
  ],
  "epsilon_log": [
    {
      "episode": 50,
      "n_gp_points": 2200,
      "epsilon_total": 0.4162660390138626,
      "epsilon_per_constraint": [
        0.16398805379867554,
        0.16398805379867554,
        0.04414496570825577,
        0.04414496570825577
      ],
      "sigma_gp_mean": 0.010000001639127731,
      "sigma_gp_max": 0.01000000536441803,
      "mu_gp_mean": -16.666656494140625
    },
    {
      "episode": 100,
      "n_gp_points": 2400,
      "epsilon_total": 0.41721295565366745,
      "epsilon_per_constraint": [
        0.16436108946800232,
        0.16436108946800232,
        0.044245388358831406,
        0.044245388358831406
      ],
      "sigma_gp_mean": 0.010000001639127731,
      "sigma_gp_max": 0.01000000536441803,
      "mu_gp_mean": -16.666656494140625
    },
    {
      "episode": 150,
      "n_gp_points": 2600,
      "epsilon_total": 0.4180821254849434,
      "epsilon_per_constraint": [
        0.16470350325107574,
        0.16470350325107574,
        0.04433755949139595,
        0.04433755949139595
      ],
      "sigma_gp_mean": 0.010000001639127731,
      "sigma_gp_max": 0.010000004433095455,
      "mu_gp_mean": -16.666656494140625
    },
    {
      "episode": 200,
      "n_gp_points": 2800,
      "epsilon_total": 0.4188852608203888,
      "epsilon_per_constraint": [
        0.1650198996067047,
        0.1650198996067047,
        0.044422730803489685,
        0.044422730803489685
      ],
      "sigma_gp_mean": 0.010000001639127731,
      "sigma_gp_max": 0.010000004433095455,
      "mu_gp_mean": -16.666658401489258
    }
  ]
}