{
  "violation_rate": [
    0.0016666666666666668,
    0.0023570226039551583
  ],
  "cbf_violation_rate": [
    0.0,
    0.0
  ],
  "cumulative_reward": [
    -551.0958472988568,
    25.981523812349817
  ],
  "tracking_rmse": {
    "pressure": [
      0.023381634480069483,
      0.0016427007217855016
    ],
    "enthalpy": [
      9.782621938343972,
      0.3335170375620127
    ],
    "power": [
      16.299143747097464,
      0.4016664808708962
    ]
  },
  "control_cost": [
    922.4856363932291,
    20.86172621648281
  ],
  "min_barrier_value": [
    -0.4330437978108724,
    1.6946508081125617
  ],
  "online_time_ms": [
    515.8723924914375,
    34.28446808984168
  ],
  "convergence_episode": 200,
  "n_training_episodes": 200,
  "reward_history": [
    -519.2656750269234,
    -526.0591983739287,
    -463.24202933255583,
    -449.59217631071806,
    -468.0716960048303,
    -527.5955074471422,
    -452.6099140397273,
    -587.4632447636686,
    -494.63705939240754,
    -525.4707140896935,
    -497.66255579609424,
    -478.53515922650695,
    -510.03578601870686,
    -514.8959350500372,
    -469.06141272117384,
    -448.4099517017603,
    -487.3964142780751,
    -453.15295520657673,
    -492.46213227754924,
    -525.7278756401502,
    -487.20965089602396,
    -495.3672980563715,
    -488.57419858081266,
    -560.0698344258126,
    -592.747272732202,
    -484.70865234034136,
    -543.4711878011003,
    -546.6009159295354,
    -578.8226208947599,
    -516.4916438944638,
    -531.9684925819747,
    -520.5995507431217,
    -548.9665515441447,
    -450.84598305262625,
    -525.3963322445052,
    -517.2323639634997,
    -518.4131961418316,
    -519.023324163165,
    -445.6035621203482,
    -502.1749773090705,
    -509.12403539102525,
    -534.6838874034584,
    -452.5278348065913,
    -505.44775587692857,
    -420.0928376428783,
    -544.965802880004,
    -570.7124697441468,
    -599.0334993992001,
    -499.8661964405328,
    -510.0778611274436,
    -556.7332053622231,
    -491.50743121653795,
    -562.742869890295,
    -582.4626878113486,
    -442.06692798552103,
    -522.4836433407909,
    -479.34643911826424,
    -497.30157110025175,
    -474.6658387845382,
    -521.3727457616478,
    -595.4429207909852,
    -515.7329904767685,
    -566.8765321907122,
    -527.79536901135,
    -501.15967935172375,
    -614.8806265536696,
    -529.485186365433,
    -462.6478152377531,
    -629.8021997143514,
    -454.2494415594265,
    -512.9440400553867,
    -574.0398143620696,
    -563.4595009115583,
    -585.3619867162779,
    -479.69965002243407,
    -524.7450471874326,
    -546.7447993201204,
    -530.3569541606121,
    -613.6115306317806,
    -523.1092573089991,
    -549.5811993209645,
    -571.9716163929552,
    -532.3299061115831,
    -569.9413525937125,
    -520.2198055759072,
    -483.257699101232,
    -428.8495448981412,
    -519.5097800269723,
    -507.86356977408286,
    -454.9115853619296,
    -489.916570905596,
    -559.6062007080764,
    -488.7053938494064,
    -512.3593910919735,
    -497.7022444331087,
    -518.4101435976918,
    -559.9081252506003,
    -544.5236620567739,
    -495.76980980625376,
    -527.5540329334326
  ],
  "epsilon_log": [
    {
      "episode": 50,
      "n_gp_points": 2200,
      "epsilon_total": 0.4162660017609596,
      "epsilon_per_constraint": [
        0.16398805379867554,
        0.16398805379867554,
        0.044144947081804276,
        0.044144947081804276
      ],
      "sigma_gp_mean": 0.009999999776482582,
      "sigma_gp_max": 0.010000000707805157,
      "mu_gp_mean": 6.159303893582546e-07
    },
    {
      "episode": 100,
      "n_gp_points": 2400,
      "epsilon_total": 0.41721291095018387,
      "epsilon_per_constraint": [
        0.16436108946800232,
        0.16436108946800232,
        0.044245366007089615,
        0.044245366007089615
      ],
      "sigma_gp_mean": 0.009999999776482582,
      "sigma_gp_max": 0.010000000707805157,
      "mu_gp_mean": 8.82036033544864e-07
    },
    {
      "episode": 150,
      "n_gp_points": 2600,
      "epsilon_total": 0.4180820882320404,
      "epsilon_per_constraint": [
        0.16470350325107574,
        0.16470350325107574,
        0.04433754086494446,
        0.04433754086494446
      ],
      "sigma_gp_mean": 0.009999999776482582,
      "sigma_gp_max": 0.010000000707805157,
      "mu_gp_mean": 7.711470857429958e-07
    },
    {
      "episode": 200,
      "n_gp_points": 2800,
      "epsilon_total": 0.4188852310180664,
      "epsilon_per_constraint": [
        0.1650198996067047,
        0.1650198996067047,
        0.04442271590232849,
        0.04442271590232849
      ],
      "sigma_gp_mean": 0.009999999776482582,
      "sigma_gp_max": 0.010000000707805157,
      "mu_gp_mean": 7.427626655953645e-07
    }
  ]
}