{
  "violation_rate": [
    0.0,
    0.0
  ],
  "cbf_violation_rate": [
    0.0,
    0.0
  ],
  "cumulative_reward": [
    -470.52186563118204,
    47.75047937709865
  ],
  "tracking_rmse": {
    "pressure": [
      0.020827692089757384,
      0.0026821392767239606
    ],
    "enthalpy": [
      9.736310048337623,
      0.39736099912481754
    ],
    "power": [
      15.002560480565776,
      0.7834679180411696
    ]
  },
  "control_cost": [
    840.4370524088541,
    75.0903942318591
  ],
  "min_barrier_value": [
    1.3667138417561848,
    0.003517954939708035
  ],
  "online_time_ms": [
    561.9835159718059,
    49.53660913901417
  ],
  "convergence_episode": 200,
  "n_training_episodes": 200,
  "reward_history": [
    -531.339705228107,
    -476.76083709299564,
    -517.3596972973319,
    -501.84261643560603,
    -512.5336507048924,
    -408.45124211348593,
    -538.0944547684048,
    -358.0091821937822,
    -523.6928360359743,
    -494.5367778837681,
    -474.3296375833452,
    -498.7293439337518,
    -511.9821762815118,
    -402.15061771310866,
    -527.5635763574392,
    -461.60655117523856,
    -500.9561396436766,
    -458.8679322041571,
    -486.57473724801093,
    -434.2252441358287,
    -422.39907323161606,
    -421.6219945154153,
    -498.4094563983381,
    -481.44603010173887,
    -499.3257613191381,
    -514.0779661520501,
    -572.6426481651142,
    -520.3725663935766,
    -531.71042229468,
    -536.0411688704044,
    -551.3664605226368,
    -492.2657580457162,
    -389.48661364708096,
    -489.9061789868865,
    -475.00611672829837,
    -510.59848895296454,
    -480.3974917808082,
    -539.6311406064779,
    -510.0069958427921,
    -554.4618271910585,
    -570.4435674250126,
    -532.0033569270745,
    -578.6526713804342,
    -495.1928860342596,
    -460.32605934422463,
    -501.4151455760002,
    -468.17772273905575,
    -599.8632136047818,
    -627.0368033795385,
    -563.7759199580178,
    -516.0852711864281,
    -524.1151060359553,
    -412.8892229292542,
    -513.1055563793052,
    -611.6541128582321,
    -531.602371959947,
    -514.0144517414737,
    -501.9160479400307,
    -513.9631707444787,
    -515.4180778749287,
    -439.7541180816479,
    -533.7043956271373,
    -475.6092536901124,
    -477.4199508675374,
    -510.123607697431,
    -505.0020227394998,
    -597.6509346943349,
    -512.5854866656009,
    -529.9266829406843,
    -582.4034813381732,
    -484.33513010060415,
    -504.2071876004338,
    -530.8632409346756,
    -513.8966881139204,
    -441.12200984248193,
    -588.0403727754019,
    -486.487475820235,
    -524.351835473557,
    -406.5401331335306,
    -499.5862094112672,
    -534.3851688643917,
    -507.38088626554236,
    -569.3910441091284,
    -464.03455308359116,
    -542.7711520921439,
    -607.9266610522754,
    -555.3169681220315,
    -508.75032506126445,
    -509.0745322625153,
    -509.2409308087081,
    -479.05070100864395,
    -538.1900382996537,
    -539.6309267980978,
    -500.1677409939002,
    -526.7245897036046,
    -574.796764144674,
    -506.0608029393479,
    -654.4056817088276,
    -483.14099420048296,
    -541.6366003137082
  ],
  "epsilon_log": [
    {
      "episode": 50,
      "n_gp_points": 2200,
      "epsilon_total": 0.4162660017609596,
      "epsilon_per_constraint": [
        0.16398805379867554,
        0.16398805379867554,
        0.044144947081804276,
        0.044144947081804276
      ],
      "sigma_gp_mean": 0.010000000707805157,
      "sigma_gp_max": 0.010000000707805157,
      "mu_gp_mean": 3.0019568839634303e-06
    },
    {
      "episode": 100,
      "n_gp_points": 2400,
      "epsilon_total": 0.41721291095018387,
      "epsilon_per_constraint": [
        0.16436108946800232,
        0.16436108946800232,
        0.044245366007089615,
        0.044245366007089615
      ],
      "sigma_gp_mean": 0.010000000707805157,
      "sigma_gp_max": 0.010000000707805157,
      "mu_gp_mean": 3.1029810543259373e-06
    },
    {
      "episode": 150,
      "n_gp_points": 2600,
      "epsilon_total": 0.4180820882320404,
      "epsilon_per_constraint": [
        0.16470350325107574,
        0.16470350325107574,
        0.04433754086494446,
        0.04433754086494446
      ],
      "sigma_gp_mean": 0.010000000707805157,
      "sigma_gp_max": 0.010000000707805157,
      "mu_gp_mean": 3.1975796446204185e-06
    },
    {
      "episode": 200,
      "n_gp_points": 2800,
      "epsilon_total": 0.4188852310180664,
      "epsilon_per_constraint": [
        0.1650198996067047,
        0.1650198996067047,
        0.04442271590232849,
        0.04442271590232849
      ],
      "sigma_gp_mean": 0.010000000707805157,
      "sigma_gp_max": 0.010000000707805157,
      "mu_gp_mean": 2.5412573450012133e-06
    }
  ]
}