{
  "violation_rate": [
    0.0033333333333333335,
    0.004714045207910317
  ],
  "cbf_violation_rate": [
    0.0,
    0.0
  ],
  "cumulative_reward": [
    -534.3373767199615,
    58.51670780513504
  ],
  "tracking_rmse": {
    "pressure": [
      0.021386197789018308,
      0.0016691976587664009
    ],
    "enthalpy": [
      9.51328378056278,
      0.40153747487977254
    ],
    "power": [
      16.02120804597458,
      0.9061704251153457
    ]
  },
  "control_cost": [
    901.48828125,
    22.926703978685445
  ],
  "min_barrier_value": [
    -1.3324349721272786,
    3.480754163381249
  ],
  "online_time_ms": [
    552.4466039294688,
    43.511044439556365
  ],
  "convergence_episode": 200,
  "n_training_episodes": 200,
  "reward_history": [
    -467.53965239971876,
    -516.0565515541239,
    -497.87988608237356,
    -402.6731244046241,
    -466.22065720299724,
    -517.119333892595,
    -477.3499249080196,
    -599.3806031190325,
    -470.4548431262374,
    -532.0047706328332,
    -560.2003791932948,
    -552.3884617814329,
    -477.96859955694526,
    -496.04784886026755,
    -443.0657213293016,
    -544.8133103959262,
    -539.7050905893557,
    -515.0075825620443,
    -552.2398181799799,
    -551.2877065949142,
    -503.79840462422,
    -473.75862124178093,
    -499.7653053323738,
    -524.1294872919098,
    -446.5580290951766,
    -579.1612861920148,
    -570.4039856581949,
    -524.0362065453082,
    -429.1318566603586,
    -475.99233684362844,
    -439.1970514310524,
    -450.12638203264214,
    -556.7687117950991,
    -574.1832902163733,
    -519.1070182328112,
    -500.6677086590789,
    -491.3633459871635,
    -524.2815335174091,
    -455.573203610722,
    -512.2525040335022,
    -423.4832133729942,
    -489.19552625063807,
    -523.5051982933655,
    -542.9287781345192,
    -485.07189450389706,
    -592.6510168436216,
    -477.20818279962987,
    -500.46213092369726,
    -451.77665954001714,
    -534.7243520463817,
    -531.2716616629623,
    -487.97936665453017,
    -469.5297472657403,
    -507.58014840073884,
    -513.981004757341,
    -511.7001631297171,
    -581.7894625812769,
    -513.3073691092432,
    -548.627868341282,
    -554.4089195197448,
    -519.3192422245629,
    -498.67219827044755,
    -547.6892612606753,
    -510.09127974603325,
    -486.03119890671223,
    -488.89814412686974,
    -473.4050317276269,
    -539.5424426209647,
    -454.40771486004815,
    -462.92537211673334,
    -586.4196283998899,
    -479.3964184427168,
    -530.0539547526278,
    -475.8098805951886,
    -445.11306312016677,
    -540.4221984371543,
    -521.9638235103339,
    -563.5268732304685,
    -442.53208072762936,
    -589.9988656267524,
    -569.1857440891908,
    -492.15655986056663,
    -518.6355765201151,
    -521.9346868040739,
    -465.11979399085976,
    -573.1794638554566,
    -607.0327934515662,
    -547.0079845818691,
    -514.6821771927644,
    -526.5962808048353,
    -598.5597660057247,
    -506.67081969976425,
    -572.3446935378015,
    -567.045710850507,
    -563.6454428508878,
    -385.3624145903159,
    -491.3581979237497,
    -572.3112483223667,
    -519.8919364640024,
    -646.1502712767688
  ],
  "epsilon_log": [
    {
      "episode": 50,
      "n_gp_points": 2200,
      "epsilon_total": 0.4162660017609596,
      "epsilon_per_constraint": [
        0.16398805379867554,
        0.16398805379867554,
        0.044144947081804276,
        0.044144947081804276
      ],
      "sigma_gp_mean": 0.010000000707805157,
      "sigma_gp_max": 0.010000000707805157,
      "mu_gp_mean": 2.2983817871136125e-06
    },
    {
      "episode": 100,
      "n_gp_points": 2400,
      "epsilon_total": 0.41721291095018387,
      "epsilon_per_constraint": [
        0.16436108946800232,
        0.16436108946800232,
        0.044245366007089615,
        0.044245366007089615
      ],
      "sigma_gp_mean": 0.010000000707805157,
      "sigma_gp_max": 0.010000000707805157,
      "mu_gp_mean": 1.484034783061361e-06
    },
    {
      "episode": 150,
      "n_gp_points": 2600,
      "epsilon_total": 0.4180820882320404,
      "epsilon_per_constraint": [
        0.16470350325107574,
        0.16470350325107574,
        0.04433754086494446,
        0.04433754086494446
      ],
      "sigma_gp_mean": 0.010000000707805157,
      "sigma_gp_max": 0.010000000707805157,
      "mu_gp_mean": 1.709015350570553e-06
    },
    {
      "episode": 200,
      "n_gp_points": 2800,
      "epsilon_total": 0.4188852310180664,
      "epsilon_per_constraint": [
        0.1650198996067047,
        0.1650198996067047,
        0.04442271590232849,
        0.04442271590232849
      ],
      "sigma_gp_mean": 0.010000000707805157,
      "sigma_gp_max": 0.010000000707805157,
      "mu_gp_mean": 1.0039696007879684e-06
    }
  ]
}