{
  "violation_rate": [
    0.05666666666666667,
    0.01027402333828163
  ],
  "cbf_violation_rate": [
    0.0,
    0.0
  ],
  "cumulative_reward": [
    -2251.2832345912852,
    136.35641913783107
  ],
  "tracking_rmse": {
    "pressure": [
      0.481697362425074,
      0.0029313693621756437
    ],
    "enthalpy": [
      9.464445647354713,
      0.6243915108272863
    ],
    "power": [
      33.00052228735012,
      1.0066496209037048
    ]
  },
  "control_cost": [
    840.7621256510416,
    74.58621173689045
  ],
  "min_barrier_value": [
    -14.849690755208334,
    2.1500786040905253
  ],
  "online_time_ms": [
    516.1499474255834,
    36.368099862763025
  ],
  "convergence_episode": 200,
  "n_training_episodes": 200,
  "reward_history": [
    -2521.3968653678894,
    -2429.22307908535,
    -2486.426538705826,
    -2393.57204811275,
    -2533.522639244795,
    -2255.51317936182,
    -2571.1696698367596,
    -2171.024437725544,
    -2520.409871995449,
    -2323.0157663971186,
    -2397.092872917652,
    -2415.361770838499,
    -2456.4667607843876,
    -2226.2681774795055,
    -2506.932992398739,
    -2403.333818525076,
    -2413.4447297155857,
    -2252.5115690529346,
    -2351.405305981636,
    -2306.3916149139404,
    -2250.2550955712795,
    -2240.7621697187424,
    -2375.224630564451,
    -2324.7493229210377,
    -2339.2526769936085,
    -2541.113449037075,
    -2605.591758221388,
    -2559.6188920736313,
    -2569.7055057883263,
    -2493.2686161100864,
    -2560.2236030697823,
    -2405.603294044733,
    -2177.06261113286,
    -2547.051944375038,
    -2308.883764207363,
    -2395.2138051092625,
    -2257.3070062696934,
    -2522.026190251112,
    -2455.6919682621956,
    -2442.2547802627087,
    -2522.2047956883907,
    -2477.474594473839,
    -2612.7730520367622,
    -2374.520499020815,
    -2324.5788019299507,
    -2469.1768794953823,
    -2337.1523396223783,
    -2670.055029898882,
    -2774.0138127803802,
    -2584.5603226423264,
    -2513.056021362543,
    -2445.6285660862923,
    -2251.5957005918026,
    -2510.31626611948,
    -2686.132990628481,
    -2507.879810601473,
    -2431.2597051262856,
    -2401.7022591531277,
    -2513.949888586998,
    -2470.7830705344677,
    -2251.0557850003242,
    -2585.185062378645,
    -2472.20505964756,
    -2470.6869599819183,
    -2482.9585052728653,
    -2448.353418752551,
    -2661.0280901044607,
    -2388.812718421221,
    -2507.1876346617937,
    -2621.1057237386703,
    -2506.7661957144737,
    -2412.248481243849,
    -2320.003542661667,
    -2405.637997239828,
    -2294.7284579873085,
    -2745.887698084116,
    -2358.9240569770336,
    -2382.0520811378956,
    -2224.8358064591885,
    -2420.990640461445,
    -2545.1906771957874,
    -2365.827356874943,
    -2632.4658837616444,
    -2250.894880115986,
    -2609.8166459798813,
    -2713.3138436973095,
    -2529.347436070442,
    -2422.599608063698,
    -2464.916174918413,
    -2343.5558462440968,
    -2394.1886573433876,
    -2488.7100124955177,
    -2496.7740131914616,
    -2373.2876014113426,
    -2491.2791047394276,
    -2535.9589227437973,
    -2472.4632212519646,
    -2759.521951764822,
    -2439.0102104246616,
    -2605.4159695655107
  ],
  "epsilon_log": [
    {
      "episode": 50,
      "n_gp_points": 2200,
      "epsilon_total": 0.4162660613656044,
      "epsilon_per_constraint": [
        0.16398808360099792,
        0.16398808360099792,
        0.044144947081804276,
        0.044144947081804276
      ],
      "sigma_gp_mean": 0.010000000707805157,
      "sigma_gp_max": 0.010000000707805157,
      "mu_gp_mean": -1.4991638660430908
    },
    {
      "episode": 100,
      "n_gp_points": 2400,
      "epsilon_total": 0.41721294075250626,
      "epsilon_per_constraint": [
        0.1643611043691635,
        0.1643611043691635,
        0.044245366007089615,
        0.044245366007089615
      ],
      "sigma_gp_mean": 0.010000000707805157,
      "sigma_gp_max": 0.010000000707805157,
      "mu_gp_mean": -1.4991650581359863
    },
    {
      "episode": 150,
      "n_gp_points": 2600,
      "epsilon_total": 0.4180821180343628,
      "epsilon_per_constraint": [
        0.16470351815223694,
        0.16470351815223694,
        0.04433754086494446,
        0.04433754086494446
      ],
      "sigma_gp_mean": 0.010000000707805157,
      "sigma_gp_max": 0.010000000707805157,
      "mu_gp_mean": -1.4991672039031982
    },
    {
      "episode": 200,
      "n_gp_points": 2800,
      "epsilon_total": 0.4188852608203888,
      "epsilon_per_constraint": [
        0.1650199145078659,
        0.1650199145078659,
        0.04442271590232849,
        0.04442271590232849
      ],
      "sigma_gp_mean": 0.010000000707805157,
      "sigma_gp_max": 0.010000000707805157,
      "mu_gp_mean": -1.4991682767868042
    }
  ]
}