{
  "violation_rate": [
    0.935,
    0.008164965809277223
  ],
  "cbf_violation_rate": [
    0.0,
    0.0
  ],
  "cumulative_reward": [
    -11125.8190463384,
    370.0786158132577
  ],
  "tracking_rmse": {
    "pressure": [
      1.3050521162974034,
      0.0006375822078778807
    ],
    "enthalpy": [
      9.483591133882058,
      0.7452922864439961
    ],
    "power": [
      73.19900725281359,
      1.2621150204409992
    ]
  },
  "control_cost": [
    954.1321818033854,
    69.18192414108447
  ],
  "min_barrier_value": [
    -59.2197265625,
    5.357803356177314
  ],
  "online_time_ms": [
    547.9864957462996,
    91.30316143958972
  ],
  "convergence_episode": 200,
  "n_training_episodes": 200,
  "reward_history": [
    -10937.244256973267,
    -11319.54263496399,
    -10629.070742607117,
    -11132.274627685547,
    -11117.180812835693,
    -11154.121119499207,
    -11130.250410079956,
    -10992.9745054245,
    -11344.350772857666,
    -11236.004893302917,
    -11471.028699874878,
    -11050.000778198242,
    -11428.702680587769,
    -11712.790473937988,
    -11270.015481948853,
    -11242.13815689087,
    -10803.494226455688,
    -11543.8410654068,
    -11684.140399932861,
    -11355.54714012146,
    -11132.41466331482,
    -11037.705286026001,
    -11050.445284843445,
    -11040.482181549072,
    -11130.00170326233,
    -11217.482084274292,
    -11279.99349975586,
    -11224.25505065918,
    -11402.194757461548,
    -11067.048469543457,
    -10808.075835227966,
    -10793.605318069458,
    -11364.066984176636,
    -10981.844491958618,
    -11558.170638084412,
    -11457.005944252014,
    -11121.17991733551,
    -11415.640712738037,
    -11019.20004081726,
    -10449.397292137146,
    -10514.506971359253,
    -11209.179466247559,
    -11005.16740989685,
    -11568.225637435913,
    -10816.620038032532,
    -10982.363808631897,
    -11154.491149902344,
    -11278.194459915161,
    -12043.767255783081,
    -11658.103092193604,
    -11451.954690933228,
    -11435.86863899231,
    -11333.063669204712,
    -11318.998062133789,
    -11263.545621871948,
    -11135.31812286377,
    -11237.848754882812,
    -11207.95374584198,
    -11353.4405002594,
    -11098.979412078857,
    -11279.792165756226,
    -11036.487823486328,
    -11533.456119537354,
    -11067.08484172821,
    -10984.37822151184,
    -11576.050271987915,
    -11456.9946641922,
    -11680.317284584045,
    -11361.572006225586,
    -11269.64779663086,
    -11465.653266906738,
    -11161.840924263,
    -11068.768032073975,
    -11378.794486045837,
    -11486.869047164917,
    -11540.357192993164,
    -10907.24147605896,
    -11084.138767242432,
    -11098.321495056152,
    -10853.446823120117,
    -11263.046395301819,
    -10505.964980125427,
    -11158.299938201904,
    -11179.800387382507,
    -10612.600160598755,
    -11453.83128452301,
    -11301.996181488037,
    -11334.657739639282,
    -11364.841938018799,
    -11618.524136543274,
    -11508.31174659729,
    -11399.85401725769,
    -11126.568102836609,
    -11564.631391525269,
    -11847.933742523193,
    -11691.859716415405,
    -11411.15560245514,
    -11586.3798828125,
    -11797.302354812622,
    -11260.531012535095
  ],
  "epsilon_log": [
    {
      "episode": 50,
      "n_gp_points": 2200,
      "epsilon_total": 0.41626618057489395,
      "epsilon_per_constraint": [
        0.1639881432056427,
        0.1639881432056427,
        0.044144947081804276,
        0.044144947081804276
      ],
      "sigma_gp_mean": 0.010000001639127731,
      "sigma_gp_max": 0.010000004433095455,
      "mu_gp_mean": 0.4646245837211609
    },
    {
      "episode": 100,
      "n_gp_points": 2400,
      "epsilon_total": 0.4172130599617958,
      "epsilon_per_constraint": [
        0.1643611639738083,
        0.1643611639738083,
        0.044245366007089615,
        0.044245366007089615
      ],
      "sigma_gp_mean": 0.010000001639127731,
      "sigma_gp_max": 0.010000004433095455,
      "mu_gp_mean": 0.4646221995353699
    },
    {
      "episode": 150,
      "n_gp_points": 2600,
      "epsilon_total": 0.41808223724365234,
      "epsilon_per_constraint": [
        0.1647035777568817,
        0.1647035777568817,
        0.04433754086494446,
        0.04433754086494446
      ],
      "sigma_gp_mean": 0.010000001639127731,
      "sigma_gp_max": 0.010000004433095455,
      "mu_gp_mean": 0.46462318301200867
    },
    {
      "episode": 200,
      "n_gp_points": 2800,
      "epsilon_total": 0.41888532042503357,
      "epsilon_per_constraint": [
        0.1650199443101883,
        0.1650199443101883,
        0.04442271590232849,
        0.04442271590232849
      ],
      "sigma_gp_mean": 0.010000001639127731,
      "sigma_gp_max": 0.01000000350177288,
      "mu_gp_mean": 0.4646241068840027
    }
  ]
}