{
  "violation_rate": [
    0.0,
    0.0
  ],
  "cbf_violation_rate": [
    0.0,
    0.0
  ],
  "cumulative_reward": [
    -536.1858650129676,
    60.76742888702573
  ],
  "tracking_rmse": {
    "pressure": [
      0.025155737195445716,
      0.0005177114114442953
    ],
    "enthalpy": [
      9.483298781989383,
      0.7452814271581504
    ],
    "power": [
      16.056538357970773,
      1.0041053725722409
    ]
  },
  "control_cost": [
    953.7049560546875,
    69.15680018463047
  ],
  "min_barrier_value": [
    0.9745877583821615,
    0.543089889451521
  ],
  "online_time_ms": [
    554.2972567192434,
    43.46461471890194
  ],
  "convergence_episode": 200,
  "n_training_episodes": 200,
  "reward_history": [
    -400.8128128418466,
    -474.71026144362986,
    -467.2142501184717,
    -494.0617122956319,
    -482.6429607551545,
    -508.2736933915876,
    -509.6107770316303,
    -468.00010506715626,
    -492.4811050053686,
    -495.55705625750124,
    -493.50406728847884,
    -470.64743302826537,
    -501.3186586741358,
    -546.5745685873553,
    -468.00786954909563,
    -457.68798803305253,
    -428.5067712913733,
    -554.704726472497,
    -567.1246955366805,
    -504.47053186316043,
    -490.21284894575365,
    -447.842380427639,
    -491.1265191093553,
    -444.00441006058827,
    -465.8611346499529,
    -488.0054653568659,
    -543.0330197676085,
    -490.1072805058211,
    -511.5173611883074,
    -480.7684296502266,
    -469.70574430702254,
    -451.1836352273822,
    -569.190605108859,
    -482.12664499506354,
    -546.4377319784835,
    -549.251250077039,
    -491.10222835373133,
    -505.7367523738649,
    -469.6248600455001,
    -397.23860886693,
    -390.6538864102913,
    -499.68203876004554,
    -492.4871578058228,
    -553.4685844362248,
    -482.108401884092,
    -506.2004091059789,
    -480.8999410495162,
    -558.4527385580004,
    -618.4654506668448,
    -578.8420006632805,
    -572.167279470712,
    -570.44228141848,
    -565.4820119782817,
    -465.1833194368519,
    -480.3948436146602,
    -506.82309865229763,
    -443.7318155032117,
    -519.7017996888608,
    -504.61685594776645,
    -438.81907810876146,
    -531.8773054238409,
    -498.59744566679,
    -571.2779374471866,
    -459.32732048700564,
    -467.9853545213118,
    -520.2887789225206,
    -516.1783955805004,
    -595.7135447794572,
    -498.33026479548425,
    -494.54545349115506,
    -540.7098623444326,
    -543.9902188945562,
    -511.6893435586244,
    -522.7667811112478,
    -529.1425936716842,
    -580.6722474936396,
    -431.1467672768049,
    -481.5306263717357,
    -510.4159581414424,
    -462.8603859680006,
    -471.517720147036,
    -393.18183174240403,
    -547.0566170304082,
    -500.9197536163265,
    -464.6944741094485,
    -540.3545814678073,
    -531.4873462627875,
    -548.4560928791761,
    -526.5519197108224,
    -563.0798626821488,
    -547.9783395300619,
    -528.9379602302797,
    -500.9491318890359,
    -582.8449481236748,
    -593.4913457892835,
    -597.3689068011008,
    -598.0121384710073,
    -571.6374187823385,
    -584.4759085429832,
    -526.7345548198791
  ],
  "epsilon_log": [
    {
      "episode": 50,
      "n_gp_points": 2200,
      "epsilon_total": 0.4162660017609596,
      "epsilon_per_constraint": [
        0.16398805379867554,
        0.16398805379867554,
        0.044144947081804276,
        0.044144947081804276
      ],
      "sigma_gp_mean": 0.010000000707805157,
      "sigma_gp_max": 0.010000000707805157,
      "mu_gp_mean": -2.062169642158551e-06
    },
    {
      "episode": 100,
      "n_gp_points": 2400,
      "epsilon_total": 0.41721291095018387,
      "epsilon_per_constraint": [
        0.16436108946800232,
        0.16436108946800232,
        0.044245366007089615,
        0.044245366007089615
      ],
      "sigma_gp_mean": 0.010000000707805157,
      "sigma_gp_max": 0.010000000707805157,
      "mu_gp_mean": -2.3308186882786686e-06
    },
    {
      "episode": 150,
      "n_gp_points": 2600,
      "epsilon_total": 0.4180820882320404,
      "epsilon_per_constraint": [
        0.16470350325107574,
        0.16470350325107574,
        0.04433754086494446,
        0.04433754086494446
      ],
      "sigma_gp_mean": 0.010000000707805157,
      "sigma_gp_max": 0.010000000707805157,
      "mu_gp_mean": -2.141920504072914e-06
    },
    {
      "episode": 200,
      "n_gp_points": 2800,
      "epsilon_total": 0.4188852310180664,
      "epsilon_per_constraint": [
        0.1650198996067047,
        0.1650198996067047,
        0.04442271590232849,
        0.04442271590232849
      ],
      "sigma_gp_mean": 0.010000000707805157,
      "sigma_gp_max": 0.010000000707805157,
      "mu_gp_mean": -2.0166125977993943e-06
    }
  ]
}