{
  "violation_rate": [
    0.0016666666666666668,
    0.0023570226039551583
  ],
  "cbf_violation_rate": [
    0.0,
    0.0
  ],
  "cumulative_reward": [
    -649.4322463770708,
    56.25724691731406
  ],
  "tracking_rmse": {
    "pressure": [
      0.021367302557706223,
      0.001668986532413751
    ],
    "enthalpy": [
      27.82831744124131,
      0.03049134423344788
    ],
    "power": [
      15.671299554073974,
      0.878315327249731
    ]
  },
  "control_cost": [
    1976.731201171875,
    40.49326483968757
  ],
  "min_barrier_value": [
    -1.8153483072916667,
    2.6301287875091424
  ],
  "online_time_ms": [
    513.9014113038623,
    19.36013946275092
  ],
  "convergence_episode": 200,
  "n_training_episodes": 200,
  "reward_history": [
    -897.7198252081871,
    -931.2408899068832,
    -927.5753123760223,
    -827.7202503085136,
    -896.8546347618103,
    -938.601219534874,
    -902.4515383839607,
    -1012.3314920067787,
    -879.8330888152122,
    -931.5550146102905,
    -981.6559108495712,
    -973.894855260849,
    -894.8742994368076,
    -900.5277763605118,
    -863.2834562659264,
    -969.8226035237312,
    -952.9366953372955,
    -919.2665143013,
    -962.9450829029083,
    -959.8288533687592,
    -926.4364557266235,
    -910.342945098877,
    -926.6146905422211,
    -944.3723069429398,
    -867.111972630024,
    -997.135616183281,
    -983.2143761515617,
    -943.7505699396133,
    -841.6234647035599,
    -882.2213051915169,
    -863.6573998332024,
    -894.6562213897705,
    -965.6064335107803,
    -974.3379792273045,
    -931.0585498213768,
    -932.3668949604034,
    -910.0110636353493,
    -935.1593003869057,
    -851.5223680138588,
    -930.9911642074585,
    -836.5791856646538,
    -904.7782543897629,
    -921.0643265247345,
    -939.6336004137993,
    -878.0125559568405,
    -1028.8107198476791,
    -900.7946760058403,
    -913.1575540304184,
    -864.6537536978722,
    -968.3468734025955,
    -926.9769813418388,
    -906.0330141782761,
    -886.1269777417183,
    -902.0078665614128,
    -928.7802428603172,
    -936.7057357430458,
    -977.8978093266487,
    -939.4239042699337,
    -953.6865209341049,
    -947.7295868396759,
    -930.8901757001877,
    -926.4034798741341,
    -955.2827212810516,
    -943.5295654535294,
    -904.5159386992455,
    -918.0615739226341,
    -876.1992410421371,
    -958.8682285547256,
    -874.1637130379677,
    -884.832179069519,
    -1009.5677598714828,
    -880.6258271336555,
    -970.5274232625961,
    -876.9768634438515,
    -870.0821052789688,
    -939.9722390770912,
    -927.5411522388458,
    -1014.6023653745651,
    -871.0498496890068,
    -1000.0708581805229,
    -983.661853313446,
    -905.6352923810482,
    -924.5842177867889,
    -950.7530606985092,
    -881.6028047800064,
    -995.2797914147377,
    -1038.9519865512848,
    -973.0252041220665,
    -934.8657926917076,
    -966.5841721892357,
    -1014.9966220855713,
    -912.1335701346397,
    -1003.0186402797699,
    -982.291208922863,
    -973.9000939130783,
    -819.0614461302757,
    -919.8103181421757,
    -993.0499001145363,
    -934.877712905407,
    -1061.0794520378113
  ],
  "epsilon_log": [
    {
      "episode": 50,
      "n_gp_points": 2200,
      "epsilon_total": 0.4162660241127014,
      "epsilon_per_constraint": [
        0.16398805379867554,
        0.16398805379867554,
        0.04414495825767517,
        0.04414495825767517
      ],
      "sigma_gp_mean": 0.010000001639127731,
      "sigma_gp_max": 0.01000000350177288,
      "mu_gp_mean": -16.666658401489258
    },
    {
      "episode": 100,
      "n_gp_points": 2400,
      "epsilon_total": 0.41721294075250626,
      "epsilon_per_constraint": [
        0.16436108946800232,
        0.16436108946800232,
        0.04424538090825081,
        0.04424538090825081
      ],
      "sigma_gp_mean": 0.010000001639127731,
      "sigma_gp_max": 0.01000000350177288,
      "mu_gp_mean": -16.666658401489258
    },
    {
      "episode": 150,
      "n_gp_points": 2600,
      "epsilon_total": 0.4180821105837822,
      "epsilon_per_constraint": [
        0.16470350325107574,
        0.16470350325107574,
        0.04433755204081535,
        0.04433755204081535
      ],
      "sigma_gp_mean": 0.010000001639127731,
      "sigma_gp_max": 0.01000000350177288,
      "mu_gp_mean": -16.666658401489258
    },
    {
      "episode": 200,
      "n_gp_points": 2800,
      "epsilon_total": 0.4188852533698082,
      "epsilon_per_constraint": [
        0.1650198996067047,
        0.1650198996067047,
        0.04442272707819939,
        0.04442272707819939
      ],
      "sigma_gp_mean": 0.010000001639127731,
      "sigma_gp_max": 0.01000000350177288,
      "mu_gp_mean": -16.666658401489258
    }
  ]
}