{
  "rocbf_net": {
    "violation_rate": [
      0.0016666666666666668,
      0.0023570226039551583
    ],
    "cbf_violation_rate": [
      0.0,
      0.0
    ],
    "cumulative_reward": [
      -731.2820787628492,
      22.6064824798189
    ],
    "train_time_s": 801.6613640785217,
    "epsilon_log": [
      {
        "episode": 50,
        "n_gp_points": 2200,
        "epsilon_total": 0.416266106069088,
        "epsilon_per_constraint": [
          0.16398805379867554,
          0.16398805379867554,
          0.044144999235868454,
          0.044144999235868454
        ],
        "sigma_gp_mean": 0.010000004433095455,
        "sigma_gp_max": 0.010000012814998627
      },
      {
        "episode": 100,
        "n_gp_points": 2400,
        "epsilon_total": 0.41721300780773163,
        "epsilon_per_constraint": [
          0.16436108946800232,
          0.16436108946800232,
          0.044245414435863495,
          0.044245414435863495
        ],
        "sigma_gp_mean": 0.010000004433095455,
        "sigma_gp_max": 0.010000011883676052
      },
      {
        "episode": 150,
        "n_gp_points": 2600,
        "epsilon_total": 0.41808217763900757,
        "epsilon_per_constraint": [
          0.16470350325107574,
          0.16470350325107574,
          0.04433758556842804,
          0.04433758556842804
        ],
        "sigma_gp_mean": 0.01000000350177288,
        "sigma_gp_max": 0.010000010952353477
      },
      {
        "episode": 200,
        "n_gp_points": 2800,
        "epsilon_total": 0.418885312974453,
        "epsilon_per_constraint": [
          0.1650198996067047,
          0.1650198996067047,
          0.044422756880521774,
          0.044422756880521774
        ],
        "sigma_gp_mean": 0.01000000350177288,
        "sigma_gp_max": 0.010000010021030903
      }
    ],
    "config": {
      "k_p": [
        0.5,
        0.5
      ],
      "k_h": [
        1.0
      ],
      "mc": true,
      "spec_gp": true,
      "eps_floor": 0.0,
      "gp_update": true
    }
  },
  "ppo_rhocbf": {
    "violation_rate": [
      0.0016666666666666668,
      0.0023570226039551583
    ],
    "cbf_violation_rate": [
      0.0,
      0.0
    ],
    "cumulative_reward": [
      -676.2559186816216,
      35.758058854112065
    ],
    "train_time_s": 788.453510761261,
    "epsilon_log": [
      {
        "episode": 50,
        "n_gp_points": 2000,
        "epsilon_total": 0.41522642225027084,
        "epsilon_per_constraint": [
          0.16357846558094025,
          0.16357846558094025,
          0.044034745544195175,
          0.044034745544195175
        ],
        "sigma_gp_mean": 0.010000004433095455,
        "sigma_gp_max": 0.010000013746321201
      },
      {
        "episode": 100,
        "n_gp_points": 2000,
        "epsilon_total": 0.41522642225027084,
        "epsilon_per_constraint": [
          0.16357846558094025,
          0.16357846558094025,
          0.044034745544195175,
          0.044034745544195175
        ],
        "sigma_gp_mean": 0.010000004433095455,
        "sigma_gp_max": 0.010000013746321201
      },
      {
        "episode": 150,
        "n_gp_points": 2000,
        "epsilon_total": 0.41522642225027084,
        "epsilon_per_constraint": [
          0.16357846558094025,
          0.16357846558094025,
          0.044034745544195175,
          0.044034745544195175
        ],
        "sigma_gp_mean": 0.010000004433095455,
        "sigma_gp_max": 0.010000013746321201
      },
      {
        "episode": 200,
        "n_gp_points": 2000,
        "epsilon_total": 0.41522642225027084,
        "epsilon_per_constraint": [
          0.16357846558094025,
          0.16357846558094025,
          0.044034745544195175,
          0.044034745544195175
        ],
        "sigma_gp_mean": 0.010000004433095455,
        "sigma_gp_max": 0.010000013746321201
      }
    ],
    "config": {
      "k_p": [
        0.5,
        0.5
      ],
      "k_h": [
        1.0
      ],
      "mc": true,
      "spec_gp": true,
      "eps_floor": 0.0,
      "gp_update": false
    }
  }
}