{
  "rocbf_net_mixed_gp": {
    "violation_rate": [
      0.9983333333333334,
      0.0023570226039551605
    ],
    "cbf_violation_rate": [
      0.0033333333333333335,
      0.0023570226039551583
    ],
    "cumulative_reward": [
      -7000.223604639371,
      17.31328036161948
    ],
    "train_time_s": 805.6006047725677,
    "epsilon_log": [
      {
        "episode": 50,
        "n_gp_points": 2200,
        "epsilon_total": 0.7243995070457458,
        "epsilon_per_constraint": [
          0.18485648930072784,
          0.18485648930072784,
          0.17734326422214508,
          0.17734326422214508
        ],
        "sigma_gp_mean": 0.020595315843820572,
        "sigma_gp_max": 0.040474679321050644,
        "mu_gp_mean": -6.092715263366699
      },
      {
        "episode": 100,
        "n_gp_points": 2400,
        "epsilon_total": 0.7014077305793762,
        "epsilon_per_constraint": [
          0.18527698516845703,
          0.18527698516845703,
          0.16542688012123108,
          0.16542688012123108
        ],
        "sigma_gp_mean": 0.019657891243696213,
        "sigma_gp_max": 0.037662405520677567,
        "mu_gp_mean": -7.646768569946289
      },
      {
        "episode": 150,
        "n_gp_points": 2600,
        "epsilon_total": 0.6815906167030334,
        "epsilon_per_constraint": [
          0.18424545228481293,
          0.18424545228481293,
          0.1565498560667038,
          0.1565498560667038
        ],
        "sigma_gp_mean": 0.01892814040184021,
        "sigma_gp_max": 0.035561732947826385,
        "mu_gp_mean": -8.702136039733887
      },
      {
        "episode": 200,
        "n_gp_points": 2800,
        "epsilon_total": 0.6661444306373596,
        "epsilon_per_constraint": [
          0.184599369764328,
          0.184599369764328,
          0.1484728455543518,
          0.1484728455543518
        ],
        "sigma_gp_mean": 0.018293216824531555,
        "sigma_gp_max": 0.03365696221590042,
        "mu_gp_mean": -9.654168128967285
      }
    ],
    "config": {
      "k_p": [
        0.5,
        0.5
      ],
      "k_h": [
        1.0
      ],
      "mc": true,
      "spec_gp": false,
      "eps_floor": 0.0,
      "gp_update": true
    }
  },
  "ppo_rhocbf_mixed_gp": {
    "violation_rate": [
      0.9983333333333334,
      0.0023570226039551605
    ],
    "cbf_violation_rate": [
      0.005,
      0.0
    ],
    "cumulative_reward": [
      -7025.81037034591,
      13.30367180660271
    ],
    "train_time_s": 781.8452434539795,
    "epsilon_log": [
      {
        "episode": 50,
        "n_gp_points": 2000,
        "epsilon_total": 2.7717731297016144,
        "epsilon_per_constraint": [
          0.18717850744724274,
          0.18717850744724274,
          1.1987080574035645,
          1.1987080574035645
        ],
        "sigma_gp_mean": 0.09877587854862213,
        "sigma_gp_max": 0.2748412489891052,
        "mu_gp_mean": -3.9790773391723633
      },
      {
        "episode": 100,
        "n_gp_points": 2000,
        "epsilon_total": 2.7717731297016144,
        "epsilon_per_constraint": [
          0.18717850744724274,
          0.18717850744724274,
          1.1987080574035645,
          1.1987080574035645
        ],
        "sigma_gp_mean": 0.09877587854862213,
        "sigma_gp_max": 0.2748412489891052,
        "mu_gp_mean": -3.9790773391723633
      },
      {
        "episode": 150,
        "n_gp_points": 2000,
        "epsilon_total": 2.7717731297016144,
        "epsilon_per_constraint": [
          0.18717850744724274,
          0.18717850744724274,
          1.1987080574035645,
          1.1987080574035645
        ],
        "sigma_gp_mean": 0.09877587854862213,
        "sigma_gp_max": 0.2748412489891052,
        "mu_gp_mean": -3.9790773391723633
      },
      {
        "episode": 200,
        "n_gp_points": 2000,
        "epsilon_total": 2.7717731297016144,
        "epsilon_per_constraint": [
          0.18717850744724274,
          0.18717850744724274,
          1.1987080574035645,
          1.1987080574035645
        ],
        "sigma_gp_mean": 0.09877587854862213,
        "sigma_gp_max": 0.2748412489891052,
        "mu_gp_mean": -3.9790773391723633
      }
    ],
    "config": {
      "k_p": [
        0.5,
        0.5
      ],
      "k_h": [
        1.0
      ],
      "mc": true,
      "spec_gp": false,
      "eps_floor": 0.0,
      "gp_update": false
    }
  }
}