{
  "violation_rate": [
    0.0,
    0.0
  ],
  "cumulative_reward": [
    -4.984410308301449,
    0.05024046589031724
  ],
  "tracking_rmse": {
    "pressure": [
      0.2668740158042537,
      0.00020791070181623559
    ],
    "enthalpy": [
      1.209812518917973,
      0.3241031246020292
    ],
    "power": [
      1.6340528107363674,
      0.001132857525845485
    ]
  },
  "control_cost": [
    98.21665283044179,
    0.854122800882567
  ],
  "min_barrier_value": [
    1.1239522298177083,
    0.0003272843276365958
  ],
  "online_time_ms": [
    108.8678122824058,
    54.596422494125605
  ],
  "convergence_episode": 0,
  "n_training_episodes": 0,
  "reward_history": []
}