{
  "violation_rate": [
    0.0,
    0.0
  ],
  "cumulative_reward": [
    -16.942674087981384,
    0.052101116340200815
  ],
  "tracking_rmse": {
    "pressure": [
      0.27699617601550713,
      7.111608157009053e-05
    ],
    "enthalpy": [
      1.0301660599107747,
      0.09744463275395121
    ],
    "power": [
      0.8188777770964791,
      0.0008624856468157148
    ]
  },
  "control_cost": [
    420.26032370328903,
    0.8970651803808151
  ],
  "min_barrier_value": [
    1.110787073771159,
    0.0006195298813332005
  ],
  "online_time_ms": [
    94.2284992733039,
    42.07710263854237
  ],
  "convergence_episode": 0,
  "n_training_episodes": 0,
  "reward_history": []
}