{
  "violation_rate": [
    0.0016666666666666668,
    0.0023570226039551583
  ],
  "cumulative_reward": [
    -604.3621742023,
    43.07790230598094
  ],
  "tracking_rmse": {
    "pressure": [
      0.023686814706953056,
      0.0014731241090460126
    ],
    "enthalpy": [
      9.119863530772284,
      0.22112193696859567
    ],
    "power": [
      17.119360436979605,
      0.6247326363049016
    ]
  },
  "control_cost": [
    954.8540649414062,
    41.12012571514627
  ],
  "min_barrier_value": [
    -2.055201848347982,
    4.826555792291518
  ],
  "online_time_ms": [
    945.3300507017411,
    106.0435963990511
  ],
  "convergence_episode": 200,
  "n_training_episodes": 200,
  "reward_history": [
    -494.6183395460248,
    -1453.029793791473,
    -1416.3607090115547,
    -1376.2446606755257,
    -650.7207318507135,
    -1284.5961134284735,
    -1494.5803683251143,
    -556.3091538101435,
    -1378.7783654928207,
    -1276.9840750396252,
    -1255.1789630278945,
    -1446.3627930432558,
    -1543.9693945869803,
    -1464.6364814415574,
    -1278.920936472714,
    -1657.8960233777761,
    -1596.2301475256681,
    -1425.4504199773073,
    -1458.5058446973562,
    -1402.03486879915,
    -647.8385991863906,
    -1322.3343620672822,
    -543.1432787980884,
    -553.7272359654307,
    -481.8764745469671,
    -1381.8860328495502,
    -1390.609164133668,
    -1380.2370257377625,
    -1717.8118204250932,
    -1335.6056737452745,
    -1243.640599615872,
    -1645.206094481051,
    -580.0062004132196,
    -536.414543621242,
    -1402.0698354765773,
    -1353.4101532027125,
    -1308.9959565401077,
    -536.6073083691299,
    -646.3366748988628,
    -1375.970821812749,
    -1426.6395273432136,
    -486.2677781805396,
    -1629.3399639874697,
    -553.8844008257147,
    -559.647107321769,
    -1504.665648251772,
    -1435.1315812394023,
    -1331.2419818639755,
    -1525.532012656331,
    -613.675691973418,
    -1289.507181622088,
    -499.6394223922398,
    -1554.7716307863593,
    -1429.5335238054395,
    -576.9294867145363,
    -1434.2107667475939,
    -1516.532035805285,
    -1450.152876496315,
    -432.64939026976936,
    -464.5801600208506,
    -483.01727342931554,
    -712.1399203790352,
    -1646.9295611977577,
    -1464.7616772204638,
    -1274.2824650853872,
    -1649.38351996243,
    -1551.2634421437979,
    -1585.271219201386,
    -1450.3445585295558,
    -589.7577591240406,
    -511.41489704011474,
    -600.5115508676972,
    -1539.2007050216198,
    -536.7166736680083,
    -1515.8732903003693,
    -620.2419335022569,
    -1548.1346718147397,
    -471.9462535320781,
    -1572.33586858958,
    -1474.2618479579687,
    -563.5016643851995,
    -478.44812720362097,
    -1357.3965521752834,
    -1518.4875131845474,
    -1396.9526947662234,
    -1431.7644929289818,
    -1519.5854908153415,
    -451.4627277897089,
    -584.6388163696975,
    -1478.6244977116585,
    -576.0201416776981,
    -599.335004851222,
    -1538.5927253589034,
    -494.8812844157219,
    -649.7033303638455,
    -657.3389316685498,
    -579.2514294460416,
    -510.1161823547445,
    -1221.7752167284489,
    -1482.9338902756572
  ]
}