{
  "violation_rate": [
    0.065,
    0.004082482904638634
  ],
  "cumulative_reward": [
    -552.8278732051452,
    21.10973322546996
  ],
  "tracking_rmse": {
    "pressure": [
      0.02348956940464844,
      0.0017966416325894657
    ],
    "enthalpy": [
      20.07381113232527,
      0.1464268258024923
    ],
    "power": [
      15.358700740716285,
      0.33314078658965524
    ]
  },
  "control_cost": [
    904.4614461263021,
    13.351070158029122
  ],
  "min_barrier_value": [
    -12.318766276041666,
    2.0366152827278725
  ],
  "online_time_ms": [
    260.1106187448992,
    24.73866038245495
  ],
  "convergence_episode": 200,
  "n_training_episodes": 200,
  "reward_history": [
    -512.9039812767878,
    -549.5472766112653,
    -508.1994253601879,
    -1272.1658413559198,
    -1381.9920789077878,
    -1274.0995551720262,
    -491.23292359896004,
    -1330.408381819725,
    -1354.0333061814308,
    -1467.56534935534,
    -1237.722990334034,
    -1412.140936344862,
    -577.3992886915803,
    -526.6678819055669,
    -557.6443273209734,
    -1655.449049949646,
    -1388.9410296082497,
    -504.2339771980187,
    -485.9146930957213,
    -1403.9400848299265,
    -1341.23992562294,
    -1284.228846438229,
    -612.9520213454962,
    -1431.2265449687839,
    -572.6047977437265,
    -1500.3079165369272,
    -548.155060743913,
    -1374.68554623425,
    -476.36507411231287,
    -533.1774891875684,
    -1366.3270697146654,
    -1524.8157111778855,
    -1411.5026471167803,
    -493.160639539361,
    -1238.417361855507,
    -1515.3706997334957,
    -1564.1357078328729,
    -1661.3983803838491,
    -1335.7621308490634,
    -1355.7805366963148,
    -660.1255622804165,
    -565.3777605490759,
    -1524.1252382397652,
    -1553.1410382911563,
    -504.698340014671,
    -1233.7540057748556,
    -1367.9861774370074,
    -493.24582128832117,
    -437.0918257054873,
    -548.0495657268912,
    -1504.2129387110472,
    -1464.5177885219455,
    -478.11543204961345,
    -1624.7113186717033,
    -1528.031004756689,
    -1282.5869839936495,
    -660.2769904537126,
    -504.131962409243,
    -1443.96894736588,
    -670.9012568891048,
    -1643.9743578061461,
    -680.3487903997302,
    -1505.3722599595785,
    -1553.6254995465279,
    -1607.6047076508403,
    -549.2167377658188,
    -618.9240113906562,
    -499.5611486332491,
    -1497.862235546112,
    -1561.197319097817,
    -1749.9588441997766,
    -1420.4183220341802,
    -583.8096327148378,
    -1592.4170556366444,
    -1196.359055802226,
    -1628.6251846849918,
    -615.8665491426364,
    -565.3468692658935,
    -1310.8982091099024,
    -452.47493133391254,
    -672.9500876711681,
    -1523.6234511435032,
    -1373.3487745001912,
    -551.053481863346,
    -561.7231551557779,
    -1612.8940789625049,
    -1602.5070333331823,
    -1635.7536399513483,
    -1322.6304642558098,
    -549.5579434833489,
    -1415.6149511262774,
    -1492.9221103787422,
    -1499.8293358236551,
    -565.4943613186479,
    -1573.343907609582,
    -1512.6746954843402,
    -1354.009109735489,
    -651.8528029830195,
    -1489.4711469113827,
    -1255.1321306228638
  ]
}