{
  "violation_rate": [
    0.0016666666666666668,
    0.0023570226039551583
  ],
  "cumulative_reward": [
    -515.6512808684687,
    27.805937907867268
  ],
  "tracking_rmse": {
    "pressure": [
      0.022330267877124266,
      0.0019367387224042782
    ],
    "enthalpy": [
      9.947809818752548,
      0.25666555512241546
    ],
    "power": [
      15.72443777208442,
      0.4543416287162184
    ]
  },
  "control_cost": [
    936.6035970052084,
    28.298602479466616
  ],
  "min_barrier_value": [
    -0.35021400451660156,
    2.422403183189832
  ],
  "online_time_ms": [
    0.0,
    0.0
  ],
  "convergence_episode": 200,
  "n_training_episodes": 200,
  "reward_history": [
    -1373.3593318611383,
    -661.1483164802194,
    -1394.2902741730213,
    -1449.2372850626707,
    -1334.3882826268673,
    -483.67039052187465,
    -1367.1245904564857,
    -1336.3560716435313,
    -562.2313765510917,
    -1293.8017870634794,
    -574.4562127441168,
    -525.4538228400052,
    -517.3559325912502,
    -595.3313229847699,
    -1414.2911239266396,
    -1324.6284278035164,
    -489.10323772998527,
    -1341.522866383195,
    -617.6634268164635,
    -581.9560241401196,
    -552.3090970832855,
    -1547.4842530563474,
    -1405.3846440911293,
    -1371.4412749558687,
    -1272.9180854856968,
    -478.37184494454414,
    -1225.6557851880789,
    -1413.2674900591373,
    -1401.3110944479704,
    -1472.1865940988064,
    -1368.0007440671325,
    -1350.434804238379,
    -1410.1248510181904,
    -631.301033243537,
    -1677.5138412415981,
    -1517.1164846643806,
    -612.6282784156501,
    -426.5762142576277,
    -564.914039876312,
    -1436.3799591958523,
    -1398.0983135849237,
    -489.39929805486463,
    -682.5213553011417,
    -1214.0758396983147,
    -566.5220923265442,
    -1603.5432168841362,
    -638.3075085952878,
    -1597.2341803982854,
    -1448.8002404347062,
    -1464.904139906168,
    -1489.199756808579,
    -1448.6866723448038,
    -467.6993475332856,
    -1401.2930695042014,
    -624.8214980978519,
    -622.1927634961903,
    -1517.1427219882607,
    -1288.630304671824,
    -566.2807245058939,
    -1380.577862009406,
    -1344.2177940234542,
    -574.3624253459275,
    -1352.53527495265,
    -1523.2284863963723,
    -638.7875185534358,
    -1556.902866013348,
    -629.1533327922225,
    -1300.3182107657194,
    -493.86638931836933,
    -1461.751827351749,
    -593.2864384055138,
    -1277.8700147867203,
    -596.829590164125,
    -480.94968987908214,
    -1455.1074458435178,
    -619.8249942269176,
    -1486.415292069316,
    -617.4752582088113,
    -1364.2378711551428,
    -1457.3450513929129,
    -1408.5008077770472,
    -528.3097270589788,
    -1468.1995668783784,
    -1439.6728138178587,
    -634.2617982178926,
    -1373.5492615997791,
    -1313.5663820803165,
    -1278.5805921256542,
    -1378.5797820612788,
    -1401.4498353153467,
    -661.9331959858537,
    -1418.8787693828344,
    -576.4861226528883,
    -1492.418150961399,
    -539.7534810779616,
    -1510.472118243575,
    -554.57975724875,
    -1559.753752052784,
    -1228.904227025807,
    -599.3292198190466
  ]
}