{
  "violation_rate": [
    0.0,
    0.0
  ],
  "cumulative_reward": [
    -542.6440200329913,
    38.16744918544273
  ],
  "tracking_rmse": {
    "pressure": [
      0.02340967187146423,
      0.0038027082191943156
    ],
    "enthalpy": [
      9.90331258146158,
      0.2702927044094236
    ],
    "power": [
      16.158764661290785,
      0.5868843009411212
    ]
  },
  "control_cost": [
    935.1676025390625,
    68.21400299008141
  ],
  "min_barrier_value": [
    1.3612524668375652,
    0.0033254579502041835
  ],
  "online_time_ms": [
    0.0,
    0.0
  ],
  "convergence_episode": 200,
  "n_training_episodes": 200,
  "reward_history": [
    -1465.6428314000368,
    -481.9674452089239,
    -1470.7642930448055,
    -1418.9751200154424,
    -1354.9723899737,
    -457.2879750155844,
    -544.5882828719914,
    -1517.659202247858,
    -1500.8017568290234,
    -1516.6308386996388,
    -577.0612523090094,
    -1577.7220407277346,
    -580.6826140838675,
    -1250.853346914053,
    -1336.866085961461,
    -1288.4824521616101,
    -1260.6230705231428,
    -1381.8317121863365,
    -682.2141772285104,
    -1483.289158463478,
    -1373.9312886074185,
    -1467.5258359014988,
    -648.4473193585873,
    -553.6900171092711,
    -1600.5981564596295,
    -1452.90009521693,
    -533.5843416452408,
    -1467.3760332390666,
    -592.1337951868773,
    -525.5997108304873,
    -1565.7981954067945,
    -696.5352754928172,
    -1385.2925853580236,
    -1359.4695039391518,
    -1302.7050149068236,
    -551.96429124102,
    -1584.3738729059696,
    -1410.7944110706449,
    -1524.2880257070065,
    -1300.9022235274315,
    -1308.0277976989746,
    -1428.508905082941,
    -1481.3293986022472,
    -1361.1521052792668,
    -1357.464798912406,
    -1508.6544373258948,
    -1554.387857913971,
    -570.0772515684366,
    -1452.0570713877678,
    -647.7822273001075,
    -544.9406043366762,
    -1400.384289599955,
    -1639.3500013425946,
    -1431.503830447793,
    -1444.3158705607057,
    -1384.9221646860242,
    -1633.420334815979,
    -1676.2763721346855,
    -1399.6544063538313,
    -444.90723158046603,
    -591.2212688848376,
    -1405.7703948616982,
    -604.4981802823022,
    -651.3485527168959,
    -568.1231560371816,
    -1427.6324746534228,
    -594.4662307978142,
    -617.1975833773613,
    -1459.6870176643133,
    -649.1723477952182,
    -1541.1902157142758,
    -1538.9461275488138,
    -1367.0200790017843,
    -1520.5209176912904,
    -1453.0234926268458,
    -623.3040505647659,
    -1477.0068128854036,
    -1493.8102441951632,
    -1524.7197128012776,
    -558.9482147153467,
    -1367.356614395976,
    -600.243334742263,
    -1383.5097083374858,
    -568.8933556415141,
    -1349.970527306199,
    -546.1132987458259,
    -581.5472816545516,
    -458.04099317872897,
    -1529.0149918869138,
    -676.8631269782782,
    -1476.049549356103,
    -1424.5103794038296,
    -1413.2573939561844,
    -1375.135212391615,
    -1462.6036057025194,
    -1371.3629260063171,
    -1389.050281651318,
    -517.1716431872919,
    -1438.369107067585,
    -1561.3468281775713
  ]
}