{
  "violation_rate": [
    0.29833333333333334,
    0.006236095644623242
  ],
  "cumulative_reward": [
    -603.2940257017812,
    31.699132486775564
  ],
  "tracking_rmse": {
    "pressure": [
      0.022330267877124266,
      0.0019367387224042782
    ],
    "enthalpy": [
      24.700981391263962,
      0.3726512323606026
    ],
    "power": [
      15.490547649411795,
      0.4470619740224729
    ]
  },
  "control_cost": [
    936.6035563151041,
    28.298616217248384
  ],
  "min_barrier_value": [
    -20.026692708333332,
    2.6816938604442417
  ],
  "online_time_ms": [
    0.0,
    0.0
  ],
  "convergence_episode": 200,
  "n_training_episodes": 200,
  "reward_history": [
    -1373.3594756275415,
    -661.1484328880906,
    -1394.2901003658772,
    -1449.2373613268137,
    -1334.388310045004,
    -483.67039052187465,
    -1367.1248107552528,
    -1336.3560716435313,
    -562.2312553748488,
    -1293.8017672747374,
    -574.456216558814,
    -525.4537917263806,
    -517.3559278377797,
    -595.3313229847699,
    -1414.2911786437035,
    -1324.6284278035164,
    -489.10323772998527,
    -1341.5232263952494,
    -617.6635571271181,
    -581.9559611976147,
    -552.3090836126357,
    -1547.4842530563474,
    -1405.3846526741982,
    -1371.4414787441492,
    -1272.9180058538914,
    -478.3718449450098,
    -1225.6557667404413,
    -1413.2674884200096,
    -1401.3112006634474,
    -1472.1865940988064,
    -1368.0007502660155,
    -1350.4346647635102,
    -1410.1246960759163,
    -631.3010531514883,
    -1677.5138355195522,
    -1517.116552196443,
    -612.6282504014671,
    -426.5763232447207,
    -564.9139893911779,
    -1436.3797018229961,
    -1398.0984313637018,
    -489.39929805486463,
    -682.5213214457035,
    -1214.0758268237114,
    -566.5220361193642,
    -1603.5430590510368,
    -638.3075259998441,
    -1597.2342732027173,
    -1448.8002404347062,
    -1464.9039677679539,
    -1489.199756808579,
    -1448.6866723448038,
    -467.6993478164077,
    -1401.2927826866508,
    -624.8214980978519,
    -622.1927508153021,
    -1517.1429298892617,
    -1288.630307532847,
    -566.280721408315,
    -1380.577750429511,
    -1344.2177847251296,
    -574.3624247796834,
    -1352.5355539023876,
    -1523.228467322886,
    -638.7875096127391,
    -1556.9028492048383,
    -629.1533518582582,
    -1300.3179924935102,
    -493.8663603356108,
    -1461.7519050762057,
    -593.2863468527794,
    -1277.8700214624405,
    -596.8295541629195,
    -480.9497041059658,
    -1455.1074220016599,
    -619.8250831575133,
    -1486.415292069316,
    -617.475353218615,
    -1364.2378711551428,
    -1457.345527306199,
    -1408.5007619708776,
    -528.3097270589788,
    -1468.1995668783784,
    -1439.672977104783,
    -634.2617982178926,
    -1373.5492615997791,
    -1313.5664173290133,
    -1278.580656260252,
    -1378.5798285529017,
    -1401.4498519450426,
    -661.9333208277822,
    -1418.8793206065893,
    -576.4861326664686,
    -1492.4179492592812,
    -539.7534980652854,
    -1510.471924200654,
    -554.579787110677,
    -1559.7535512447357,
    -1228.9042162969708,
    -599.3292138362303
  ]
}