{
  "violation_rate": [
    0.02,
    0.0040824829046386315
  ],
  "cumulative_reward": [
    -1549.0362565716107,
    37.21781333949481
  ],
  "tracking_rmse": {
    "pressure": [
      0.2955255342431666,
      0.00046306612870306875
    ],
    "enthalpy": [
      27.83339988857325,
      0.0018451632416269122
    ],
    "power": [
      26.191690679828067,
      0.3964648437819426
    ]
  },
  "control_cost": [
    5613.826985677083,
    24.57582421462666
  ],
  "min_barrier_value": [
    -10.881673177083334,
    7.048855239234902
  ],
  "online_time_ms": [
    66.47728296772887,
    2.9372966753823966
  ],
  "convergence_episode": 200,
  "n_training_episodes": 200,
  "reward_history": [
    -1309.2146569490433,
    -1506.1785295680165,
    -555.2533779218793,
    -1436.0528380572796,
    -1358.3563400059938,
    -503.42565612937324,
    -1365.047815605998,
    -527.4859872108791,
    -649.2742805620655,
    -525.9719617390074,
    -468.9886468152981,
    -1479.5765521675348,
    -1397.4190129041672,
    -1337.3283055722713,
    -1409.4289949163795,
    -1309.1635603904724,
    -1456.4140366092324,
    -568.3795857429504,
    -516.7122153600794,
    -569.9836408663541,
    -1390.6581843048334,
    -1416.397239908576,
    -550.0472854971886,
    -1440.7271144092083,
    -624.1211713477969,
    -418.7505399477668,
    -1405.4805768877268,
    -1342.3196698278189,
    -1511.4466907233,
    -1397.4373385608196,
    -1504.6331308037043,
    -1390.4303315207362,
    -1511.9634164571762,
    -1608.4961828142405,
    -1549.471432581544,
    -466.16552256792784,
    -631.93311995361,
    -538.7689007893205,
    -1481.0976071804762,
    -490.58588631870225,
    -1593.2674146965146,
    -649.7268181769177,
    -1405.1635041981936,
    -664.4970195218921,
    -528.9109279694967,
    -578.1721301935613,
    -1418.39410892874,
    -525.0967607274652,
    -549.1926057916135,
    -511.78174189664423,
    -1537.3863647729158,
    -1324.9329180121422,
    -493.41909466974903,
    -1521.7543248534203,
    -1489.1305418461561,
    -1379.676803380251,
    -1467.4180524125695,
    -552.5258836144349,
    -458.0970907434821,
    -1323.849016532302,
    -560.3136098431423,
    -1390.1841220930219,
    -1303.892474874854,
    -1441.3002732396126,
    -1374.942107655108,
    -1455.301734894514,
    -497.6111753103323,
    -1360.8570824712515,
    -491.9946444462985,
    -534.6033014231361,
    -586.0210795849562,
    -1290.1188353523612,
    -1404.8376790434122,
    -526.1047144809854,
    -1581.0508391484618,
    -1485.5905439332128,
    -580.4642962776124,
    -1562.219421505928,
    -1455.6704870983958,
    -1341.624644331634,
    -512.0347505800892,
    -618.8959923386574,
    -1329.441017076373,
    -1509.0882098823786,
    -1586.1111488044262,
    -1426.231481038034,
    -1452.8078773394227,
    -606.989326343406,
    -1404.5720732063055,
    -1357.3461669534445,
    -1474.9589558020234,
    -501.0230325376615,
    -1367.361573420465,
    -1390.286155126989,
    -1520.9575041383505,
    -1566.7938544601202,
    -1503.6446009129286,
    -1280.8202267363667,
    -1408.7101908177137,
    -1484.353479757905
  ]
}