{
  "violation_rate": [
    0.9883333333333333,
    0.004714045207910321
  ],
  "cumulative_reward": [
    -1053.0822927157085,
    63.80521672377627
  ],
  "tracking_rmse": {
    "pressure": [
      0.023570074019780035,
      0.001276423867693493
    ],
    "enthalpy": [
      42.06120039803966,
      0.0748213144663107
    ],
    "power": [
      18.638902425503662,
      0.8308173465629137
    ]
  },
  "control_cost": [
    5618.032063802083,
    46.412121272839954
  ],
  "min_barrier_value": [
    -15.105224609375,
    0.010974566910641135
  ],
  "online_time_ms": [
    67.08830730834354,
    21.831227722220245
  ],
  "convergence_episode": 200,
  "n_training_episodes": 200,
  "reward_history": [
    -494.6183395460248,
    -1453.0297956988215,
    -1416.3607109189034,
    -1376.24451649189,
    -650.7208164893091,
    -1284.5961425155401,
    -1494.5805467814207,
    -556.3091538101435,
    -1378.778393983841,
    -1276.9838947951794,
    -1255.178915284574,
    -1446.362790390849,
    -1543.9694031700492,
    -1464.6365274563432,
    -1278.9209214821458,
    -1657.8956026807427,
    -1596.2300715893507,
    -1425.4504752904177,
    -1458.5056298226118,
    -1402.034863077104,
    -647.8385991863906,
    -1322.3343574255705,
    -543.1432696785778,
    -553.7272359654307,
    -481.8764218862634,
    -1381.886125355959,
    -1390.609164133668,
    -1380.2370963096619,
    -1717.8118461742997,
    -1335.6056453734636,
    -1243.6407197788358,
    -1645.206094481051,
    -580.0060710711405,
    -536.414503030479,
    -1402.0703118368983,
    -1353.4100240394473,
    -1308.996059179306,
    -536.6073658280075,
    -646.3366748988628,
    -1375.9707188159227,
    -1426.6386874392629,
    -486.26776304095984,
    -1629.3399639874697,
    -553.8844028662425,
    -559.6470081396401,
    -1504.665505439043,
    -1435.1312100216746,
    -1331.2418013811111,
    -1525.531984999776,
    -613.6756840460002,
    -1289.507181622088,
    -499.6393986695912,
    -1554.7715373262763,
    -1429.5334983244538,
    -576.9294393213931,
    -1434.2108785957098,
    -1516.5319013372064,
    -1450.1528500318527,
    -432.64952947641723,
    -464.58017808105797,
    -483.01721644727513,
    -712.1398841468617,
    -1646.9294047951698,
    -1464.7616009265184,
    -1274.2824592143297,
    -1649.3835085183382,
    -1551.2633992284536,
    -1585.2712830975652,
    -1450.344743810594,
    -589.7579091191292,
    -511.4149306868785,
    -600.5115508676972,
    -1539.2007023990154,
    -536.7166377766989,
    -1515.8737466335297,
    -620.2419771328568,
    -1548.1345354393125,
    -471.94614384463057,
    -1572.33586858958,
    -1474.2621323913336,
    -563.5016586631536,
    -478.44812720268965,
    -1357.3965385854244,
    -1518.4875260591507,
    -1396.9525316879153,
    -1431.7647027373314,
    -1519.585629813373,
    -451.462727787788,
    -584.6388163696975,
    -1478.6244941353798,
    -576.0201354192104,
    -599.3349706977606,
    -1538.5928271636367,
    -494.88128243386745,
    -649.7033303638455,
    -657.338951934129,
    -579.2514189556241,
    -510.11614206572995,
    -1221.7752167284489,
    -1482.933422498405
  ]
}