{
  "violation_rate": [
    0.0,
    0.0
  ],
  "cumulative_reward": [
    -516.9712610783754,
    74.80285249146431
  ],
  "tracking_rmse": {
    "pressure": [
      0.02328897969226912,
      0.001126416747168745
    ],
    "enthalpy": [
      9.05434981822991,
      0.5638485420256273
    ],
    "power": [
      15.765768644881062,
      1.1767931744508273
    ]
  },
  "control_cost": [
    915.1248575846354,
    44.722825098662554
  ],
  "min_barrier_value": [
    1.3607749938964844,
    0.003915601702128881
  ],
  "online_time_ms": [
    0.0,
    0.0
  ],
  "convergence_episode": 200,
  "n_training_episodes": 200,
  "reward_history": [
    -414.6781273111701,
    -1379.1058438122272,
    -1266.0880279541016,
    -544.9708227626979,
    -1538.565177604556,
    -1422.1484820321202,
    -1419.077498190105,
    -574.9766222233884,
    -1436.9664966836572,
    -542.4647958730347,
    -526.3920326530933,
    -1274.1920485273004,
    -584.8577038673684,
    -1467.8042821139097,
    -1408.5096458345652,
    -604.3121165297925,
    -1499.9541914612055,
    -1429.5154979974031,
    -1287.0978649705648,
    -1313.534439444542,
    -1418.174427807331,
    -1309.8398062586784,
    -1381.472313977778,
    -1462.5195491239429,
    -441.45244315173477,
    -1544.2740112543106,
    -1393.0826707780361,
    -1450.5267318710685,
    -1630.397376999259,
    -585.4107099585235,
    -528.154586579185,
    -497.7220150991343,
    -1338.6281592994928,
    -1509.3728835135698,
    -1320.5501600205898,
    -479.24656720180064,
    -1191.4809113889933,
    -1434.474472925067,
    -1691.7596912905574,
    -1489.3957127332687,
    -1495.9538712352514,
    -615.496148109436,
    -1606.2457393929362,
    -1379.3240634799004,
    -1362.1596418470144,
    -1513.4491699039936,
    -1379.1186265945435,
    -1299.565326437354,
    -1362.648168668151,
    -1232.0014460384846,
    -1328.0597041100264,
    -1424.8917764350772,
    -638.0995558071882,
    -1455.9915288239717,
    -1355.4493679106236,
    -529.8774104134645,
    -1383.8621528223157,
    -548.6148560740403,
    -1444.9587712436914,
    -1358.8333902060986,
    -1386.9698107540607,
    -1233.4897289425135,
    -519.2446103270631,
    -1427.759009897709,
    -1302.262532621622,
    -478.3247335185297,
    -1514.0191134363413,
    -1383.6444100812078,
    -1403.9028704464436,
    -1407.217179864645,
    -649.524040020071,
    -1388.5891319066286,
    -576.9903280176222,
    -430.595949572511,
    -1536.7517890408635,
    -1409.4842727854848,
    -587.3859895017231,
    -1409.2156825959682,
    -530.105519361794,
    -1263.5242635384202,
    -1558.0734074264765,
    -614.0562699832954,
    -1476.2100059688091,
    -1689.7311503589153,
    -517.6390389809385,
    -567.3282579947263,
    -474.3252839227207,
    -536.1713963970542,
    -537.4398925304413,
    -523.8408413752913,
    -501.45401915488765,
    -1312.060987122357,
    -1538.3578630164266,
    -1518.4291873276234,
    -580.5328911170363,
    -547.8691872656345,
    -1452.7954335734248,
    -545.8425674497848,
    -1228.242046944797,
    -1175.731989197433
  ]
}