{
  "violation_rate": [
    0.0,
    0.0
  ],
  "cumulative_reward": [
    -1493.511864433686,
    97.47297703785648
  ],
  "tracking_rmse": {
    "pressure": [
      0.3106795670303805,
      0.0013631233396871256
    ],
    "enthalpy": [
      10.561661947872834,
      0.14794266431970796
    ],
    "power": [
      26.90059118355802,
      0.9056657393717787
    ]
  },
  "control_cost": [
    916.7891642252604,
    17.451935872002203
  ],
  "min_barrier_value": [
    1.0747426350911458,
    0.0015995900463042167
  ],
  "online_time_ms": [
    257.2828106780071,
    6.831362004747144
  ],
  "method": "rocbf_net",
  "condition": "s3_coupled",
  "seed": 2,
  "epsilon_kappa": 1.0,
  "gp_train_time_s": 16.930604696273804,
  "train_time_s": 618.1434857845306
}