{
  "violation_rate": [
    0.0,
    0.0
  ],
  "cumulative_reward": [
    -1636.9594586069386,
    38.76048462921936
  ],
  "tracking_rmse": {
    "pressure": [
      0.3123657415413005,
      0.003992861943175808
    ],
    "enthalpy": [
      10.627289852585593,
      0.4752744863655231
    ],
    "power": [
      28.18911681080004,
      0.3407749678349102
    ]
  },
  "control_cost": [
    959.4131062825521,
    17.10502782956922
  ],
  "min_barrier_value": [
    1.0711739857991536,
    0.006104040586889782
  ],
  "online_time_ms": [
    253.63967412849888,
    7.774149676365005
  ],
  "method": "rocbf_net",
  "condition": "s3_coupled",
  "seed": 1,
  "epsilon_kappa": 1.0,
  "gp_train_time_s": 17.38846230506897,
  "train_time_s": 618.426486492157
}