{
  "violation_rate": [
    0.0016666666666666668,
    0.0023570226039551583
  ],
  "cumulative_reward": [
    -588.026179968069,
    32.76612305005802
  ],
  "tracking_rmse": {
    "pressure": [
      0.023566143667350794,
      0.0012769792447184733
    ],
    "enthalpy": [
      24.384573622701055,
      0.33478681783166564
    ],
    "power": [
      15.290937610168944,
      0.5822304984684149
    ]
  },
  "control_cost": [
    896.7331949869791,
    9.41053105426878
  ],
  "min_barrier_value": [
    0.6409924825032552,
    1.0229420796170898
  ],
  "online_time_ms": [
    253.96090033696964,
    6.491067775988779
  ],
  "method": "rocbf_net",
  "condition": "s1_heat",
  "seed": 0,
  "epsilon_kappa": 1.0,
  "gp_train_time_s": 17.096740007400513,
  "train_time_s": 612.5766055583954
}