{
  "violation_rate": [
    0.0,
    0.0
  ],
  "cumulative_reward": [
    -508.7499320191176,
    15.965790371156162
  ],
  "tracking_rmse": {
    "pressure": [
      0.020931513662463735,
      0.0005826580345098985
    ],
    "enthalpy": [
      9.610031352683249,
      0.20498066214478397
    ],
    "power": [
      15.648856218412297,
      0.25081845733475244
    ]
  },
  "control_cost": [
    886.7498982747396,
    24.01343248489389
  ],
  "min_barrier_value": [
    1.3638280232747395,
    0.001966550952853477
  ],
  "online_time_ms": [
    259.2904916021507,
    6.196038948177691
  ],
  "method": "rocbf_net",
  "condition": "load_following",
  "seed": 4,
  "epsilon_kappa": 1.0,
  "gp_train_time_s": 17.238574266433716,
  "train_time_s": 623.5580570697784
}