{
  "violation_rate": [
    0.0,
    0.0
  ],
  "cumulative_reward": [
    -1354.502613581717,
    35.81981478582016
  ],
  "tracking_rmse": {
    "pressure": [
      0.29580294687020786,
      0.0004636221060687843
    ],
    "enthalpy": [
      10.705819928634805,
      0.48367490154806086
    ],
    "power": [
      25.60375015350799,
      0.41998791905388516
    ]
  },
  "control_cost": [
    886.7498982747396,
    24.01343248489389
  ],
  "min_barrier_value": [
    1.0870424906412761,
    0.0019732437053143538
  ],
  "online_time_ms": [
    260.3075170284137,
    8.151634866463988
  ],
  "method": "rocbf_net",
  "condition": "s4_nonlinear",
  "seed": 4,
  "epsilon_kappa": 1.0,
  "gp_train_time_s": 17.223381996154785,
  "train_time_s": 623.1667983531952
}