{
  "violation_rate": [
    0.0,
    0.0
  ],
  "cumulative_reward": [
    -1360.05606384327,
    52.193578972568986
  ],
  "tracking_rmse": {
    "pressure": [
      0.2983059216991198,
      0.0014942550043811288
    ],
    "enthalpy": [
      15.61948276550393,
      0.36045927122848387
    ],
    "power": [
      25.350557372272913,
      0.5170625257864346
    ]
  },
  "control_cost": [
    896.7331949869791,
    9.41053105426878
  ],
  "min_barrier_value": [
    1.0870494842529297,
    0.0020484202092212293
  ],
  "online_time_ms": [
    257.0927578199189,
    7.970560886234863
  ],
  "method": "rocbf_net",
  "condition": "s2_pressure",
  "seed": 0,
  "epsilon_kappa": 1.0,
  "gp_train_time_s": 17.077925443649292,
  "train_time_s": 616.1156849861145
}