{
  "violation_rate": [
    0.0,
    0.0
  ],
  "cumulative_reward": [
    -1345.8654201701283,
    52.92312088391717
  ],
  "tracking_rmse": {
    "pressure": [
      0.2985957381945305,
      0.001497147184449398
    ],
    "enthalpy": [
      10.813220585328908,
      0.37747238897874985
    ],
    "power": [
      25.460650136786978,
      0.5163759575728738
    ]
  },
  "control_cost": [
    896.7331949869791,
    9.41053105426878
  ],
  "min_barrier_value": [
    1.086734135945638,
    0.0020529075683311106
  ],
  "online_time_ms": [
    262.2308655246161,
    7.349784924690677
  ],
  "method": "rocbf_net",
  "condition": "s4_nonlinear",
  "seed": 0,
  "epsilon_kappa": 1.0,
  "gp_train_time_s": 17.147621393203735,
  "train_time_s": 621.3784155845642
}