{
  "violation_rate": [
    0.0,
    0.0
  ],
  "cumulative_reward": [
    -1429.3886943385005,
    72.38620455633617
  ],
  "tracking_rmse": {
    "pressure": [
      0.29831038515867764,
      0.002322344745714054
    ],
    "enthalpy": [
      15.54449011314842,
      0.22278468589217246
    ],
    "power": [
      26.051990745184373,
      0.6946774611538888
    ]
  },
  "control_cost": [
    957.3366495768229,
    43.473141405452495
  ],
  "min_barrier_value": [
    1.0851090749104817,
    0.0030984897945532737
  ],
  "online_time_ms": [
    259.02842955081724,
    36.65053528282522
  ],
  "method": "rocbf_net",
  "condition": "s2_pressure",
  "seed": 3,
  "epsilon_kappa": 1.0,
  "gp_train_time_s": 17.08706784248352,
  "train_time_s": 613.8381831645966
}