{
  "violation_rate": [
    0.0033333333333333335,
    0.0023570226039551583
  ],
  "cumulative_reward": [
    -612.1687626515826,
    19.159640328419158
  ],
  "tracking_rmse": {
    "pressure": [
      0.02348580931842323,
      0.00227435621373631
    ],
    "enthalpy": [
      24.166339095967064,
      0.22208298111209593
    ],
    "power": [
      15.713639365389973,
      0.2994711532673705
    ]
  },
  "control_cost": [
    957.3366495768229,
    43.473141405452495
  ],
  "min_barrier_value": [
    -0.6841964721679688,
    1.7147817836178945
  ],
  "online_time_ms": [
    253.27678367844783,
    4.81242959482698
  ],
  "method": "rocbf_net",
  "condition": "s1_heat",
  "seed": 3,
  "epsilon_kappa": 1.0,
  "gp_train_time_s": 17.219154834747314,
  "train_time_s": 612.8767902851105
}