{
  "violation_rate": [
    0.0033333333333333335,
    0.004714045207910317
  ],
  "cumulative_reward": [
    -594.9239621510109,
    11.565583411052469
  ],
  "tracking_rmse": {
    "pressure": [
      0.020931513662463735,
      0.0005826580345098985
    ],
    "enthalpy": [
      24.181128428780585,
      0.8431421205510501
    ],
    "power": [
      15.435766568128074,
      0.24621557665253951
    ]
  },
  "control_cost": [
    886.7498982747396,
    24.01343248489389
  ],
  "min_barrier_value": [
    0.13911120096842447,
    1.7335513366507866
  ],
  "online_time_ms": [
    259.50429794262163,
    31.419170314040883
  ],
  "method": "rocbf_net",
  "condition": "s1_heat",
  "seed": 4,
  "epsilon_kappa": 1.0,
  "gp_train_time_s": 17.449249744415283,
  "train_time_s": 613.6148769855499
}