{
  "violation_rate": [
    0.0033333333333333335,
    0.0023570226039551583
  ],
  "cumulative_reward": [
    -611.8254446228966,
    52.61010122991052
  ],
  "tracking_rmse": {
    "pressure": [
      0.02055674146703153,
      0.000996289732288511
    ],
    "enthalpy": [
      23.931694833659105,
      0.17908898766972053
    ],
    "power": [
      15.73311576817783,
      0.803744068657049
    ]
  },
  "control_cost": [
    916.7891642252604,
    17.451935872002203
  ],
  "min_barrier_value": [
    -1.9456329345703125,
    2.689617299576319
  ],
  "online_time_ms": [
    256.2496862071566,
    7.755584091610492
  ],
  "method": "rocbf_net",
  "condition": "s1_heat",
  "seed": 2,
  "epsilon_kappa": 1.0,
  "gp_train_time_s": 17.21813941001892,
  "train_time_s": 614.5622611045837
}