{
  "violation_rate": [
    0.98,
    0.004082482904638634
  ],
  "cbf_violation_rate": [
    0.98,
    0.004082482904638634
  ],
  "cumulative_reward": [
    -938.2243731220564,
    62.67137888436683
  ],
  "tracking_rmse": {
    "pressure": [
      0.02513546667163365,
      0.0005174666040267736
    ],
    "enthalpy": [
      47.127624400832055,
      0.31922774015486444
    ],
    "power": [
      15.640015251692697,
      0.9736619973134703
    ]
  },
  "control_cost": [
    918.6763916015625,
    69.03588622640504
  ],
  "min_barrier_value": [
    -36.619791666666664,
    1.8434570460513657
  ],
  "online_time_ms": [
    277.23250895893824,
    18.139494257872148
  ],
  "convergence_episode": 200,
  "n_training_episodes": 200,
  "reward_history": [
    -816.9089924097061,
    -884.8915460705757,
    -879.315781712532,
    -929.1842585802078,
    -893.8431416153908,
    -942.1227737665176,
    -949.9509258270264,
    -883.0813012719154,
    -895.3786525726318,
    -891.5977296233177,
    -906.3552826046944,
    -896.5915712714195,
    -910.7038965821266,
    -941.874119758606,
    -886.7655209898949,
    -879.9245862960815,
    -868.9311131834984,
    -962.8218431770802,
    -972.0672798752785,
    -936.238548219204,
    -892.5552320480347,
    -859.7076770067215,
    -902.5854860246181,
    -860.8839186429977,
    -895.757613658905,
    -900.9278256297112,
    -958.1850355267525,
    -893.0331258177757,
    -937.0794661045074,
    -899.9086816310883,
    -883.6364575624466,
    -875.6149854063988,
    -1011.3667786717415,
    -915.3386414647102,
    -947.9871000051498,
    -967.2479633688927,
    -930.4244540333748,
    -913.9158608913422,
    -907.4622005224228,
    -833.0480344295502,
    -830.5206082463264,
    -927.0951529145241,
    -931.0953502058983,
    -963.5643548369408,
    -890.4603931307793,
    -930.4173661470413,
    -890.3717211484909,
    -971.2842166423798,
    -1006.3211289048195,
    -982.4103934764862,
    -980.1728845238686,
    -967.6057772636414,
    -971.8923004865646,
    -870.5578250288963,
    -892.782345533371,
    -919.5161026716232,
    -855.4210755825043,
    -929.8407277464867,
    -911.5807358622551,
    -859.9503747820854,
    -951.6847907304764,
    -922.2474595308304,
    -950.0926043391228,
    -888.8836027979851,
    -881.4698573350906,
    -932.7741379737854,
    -921.6699287295341,
    -1031.7670052051544,
    -896.6816631555557,
    -903.6290193200111,
    -951.9193050265312,
    -942.5666093230247,
    -944.3738283514977,
    -930.8564081788063,
    -937.426990032196,
    -983.7472835183144,
    -848.5273218154907,
    -899.3849391341209,
    -919.7724487185478,
    -900.1302948594093,
    -881.1830947995186,
    -811.544325441122,
    -960.3892461061478,
    -907.5314061641693,
    -902.1394720673561,
    -967.167201936245,
    -957.7651989459991,
    -968.7658428549767,
    -950.0290198326111,
    -973.847518146038,
    -957.172496676445,
    -953.3823503255844,
    -927.6188195049763,
    -1018.6673341989517,
    -997.2602750658989,
    -1026.416909456253,
    -1008.2845219373703,
    -970.42690128088,
    -991.8220007419586,
    -961.6663227379322
  ],
  "epsilon_log": [
    {
      "episode": 50,
      "n_gp_points": 2200,
      "epsilon_total": 0.4162660613656044,
      "epsilon_per_constraint": [
        0.16398805379867554,
        0.16398805379867554,
        0.04414497688412666,
        0.04414497688412666
      ],
      "sigma_gp_mean": 0.010000002570450306,
      "sigma_gp_max": 0.010000007227063179,
      "mu_gp_mean": -16.666654586791992
    },
    {
      "episode": 100,
      "n_gp_points": 2400,
      "epsilon_total": 0.41721297055482864,
      "epsilon_per_constraint": [
        0.16436108946800232,
        0.16436108946800232,
        0.044245395809412,
        0.044245395809412
      ],
      "sigma_gp_mean": 0.010000002570450306,
      "sigma_gp_max": 0.010000007227063179,
      "mu_gp_mean": -16.666654586791992
    },
    {
      "episode": 150,
      "n_gp_points": 2600,
      "epsilon_total": 0.4180821403861046,
      "epsilon_per_constraint": [
        0.16470350325107574,
        0.16470350325107574,
        0.04433756694197655,
        0.04433756694197655
      ],
      "sigma_gp_mean": 0.010000001639127731,
      "sigma_gp_max": 0.010000006295740604,
      "mu_gp_mean": -16.666656494140625
    },
    {
      "episode": 200,
      "n_gp_points": 2800,
      "epsilon_total": 0.4188852831721306,
      "epsilon_per_constraint": [
        0.1650198996067047,
        0.1650198996067047,
        0.04442274197936058,
        0.04442274197936058
      ],
      "sigma_gp_mean": 0.010000001639127731,
      "sigma_gp_max": 0.010000006295740604,
      "mu_gp_mean": -16.666656494140625
    }
  ]
}