{
  "violation_rate": [
    0.5016666666666666,
    0.006236095644623242
  ],
  "cumulative_reward": [
    -619.2756776784857,
    52.74533563848807
  ],
  "n_training_episodes": 200,
  "reward_history": [
    -958.6019939184189,
    -886.314024746418,
    -957.6518148183823,
    -875.7850193977356,
    -910.4073367714882,
    -899.2111865878105,
    -849.2396708726883,
    -956.839771270752,
    -997.852266907692,
    -816.3589668273926,
    -914.2750778794289,
    -951.2112091183662,
    -950.4092736244202,
    -977.2930796146393,
    -989.5177066326141,
    -901.9683422446251,
    -889.2699414491653,
    -839.9119585752487,
    -944.2210284471512,
    -944.9709329605103,
    -905.607648909092,
    -928.4599894285202,
    -989.5930973887444,
    -950.7344696521759,
    -844.619262099266,
    -879.2241185307503,
    -943.351560741663,
    -916.6669180393219,
    -939.810257345438,
    -990.5811786651611,
    -827.5414627790451,
    -929.0318645238876,
    -973.863931953907,
    -811.9370737075806,
    -933.9202583432198,
    -891.791278898716,
    -826.9124088287354,
    -925.081839799881,
    -899.1506083011627,
    -988.9899035692215,
    -934.2925691604614,
    -989.2823130488396,
    -982.1881306767464,
    -997.0727840662003,
    -926.3995232582092,
    -913.8613440394402,
    -946.9642590880394,
    -925.7660731673241,
    -961.1931720972061,
    -847.2727261185646,
    -952.7841045260429,
    -909.4935809969902,
    -1011.5109130740166,
    -902.0043703913689,
    -988.4397054314613,
    -990.9106117486954,
    -934.3460124731064,
    -1019.7940808534622,
    -1007.3178977966309,
    -942.1705226898193,
    -884.6779232025146,
    -871.5932177007198,
    -991.6730132102966,
    -885.0089985132217,
    -931.8446360826492,
    -923.4005362391472,
    -922.3549675345421,
    -906.8508271574974,
    -1006.645960688591,
    -910.4586665630341,
    -912.3029642105103,
    -881.9882460236549,
    -843.4833987951279,
    -877.760564416647,
    -922.1603791713715,
    -947.0307096242905,
    -1009.0816842317581,
    -947.2905812859535,
    -961.3589953780174,
    -927.1947763562202,
    -985.5591023564339,
    -949.7304564714432,
    -965.5457080006599,
    -951.2782508134842,
    -929.3357568979263,
    -986.4848549365997,
    -999.5430853962898,
    -950.66047757864,
    -963.0683950185776,
    -920.0647379159927,
    -922.2223041057587,
    -881.2124786674976,
    -912.5290479660034,
    -976.4507311582565,
    -1054.228853881359,
    -942.1744814515114,
    -906.6415928900242,
    -913.0134797990322,
    -938.2343928813934,
    -935.8722191751003
  ],
  "epsilon_log": [
    {
      "beta": 4.359869956970215,
      "sigma_gp_mean": 4.175365575065371e-06,
      "sigma_gp_max": 1.2108233931940049e-05,
      "sigma_gp_per_dim": [
        2.952457123228669e-07,
        1.2261573090199818e-07,
        1.2108233931940049e-05
      ],
      "n_gp_points": 2000,
      "mu_gp_mean": 16.666656494140625,
      "mu_gp_per_dim": [
        1.890716276875537e-07,
        -6.165075205899484e-08,
        -49.99996566772461
      ],
      "epsilon_per_constraint": [
        0.0004557207867037505,
        0.0004557207867037505,
        0.0004889570409432054,
        0.0004889570409432054
      ],
      "epsilon_total": 0.0018893556552939117,
      "episode": 10
    },
    {
      "beta": 4.359869956970215,
      "sigma_gp_mean": 4.175365575065371e-06,
      "sigma_gp_max": 1.2108233931940049e-05,
      "sigma_gp_per_dim": [
        2.952457123228669e-07,
        1.2261573090199818e-07,
        1.2108233931940049e-05
      ],
      "n_gp_points": 2000,
      "mu_gp_mean": 16.666656494140625,
      "mu_gp_per_dim": [
        1.890716276875537e-07,
        -6.165075205899484e-08,
        -49.99996566772461
      ],
      "epsilon_per_constraint": [
        0.0004557207867037505,
        0.0004557207867037505,
        0.0004889570409432054,
        0.0004889570409432054
      ],
      "epsilon_total": 0.0018893556552939117,
      "episode": 20
    },
    {
      "beta": 4.359869956970215,
      "sigma_gp_mean": 4.175365575065371e-06,
      "sigma_gp_max": 1.2108233931940049e-05,
      "sigma_gp_per_dim": [
        2.952457123228669e-07,
        1.2261573090199818e-07,
        1.2108233931940049e-05
      ],
      "n_gp_points": 2000,
      "mu_gp_mean": 16.666656494140625,
      "mu_gp_per_dim": [
        1.890716276875537e-07,
        -6.165075205899484e-08,
        -49.99996566772461
      ],
      "epsilon_per_constraint": [
        0.0004557207867037505,
        0.0004557207867037505,
        0.0004889570409432054,
        0.0004889570409432054
      ],
      "epsilon_total": 0.0018893556552939117,
      "episode": 30
    },
    {
      "beta": 4.359869956970215,
      "sigma_gp_mean": 4.175365575065371e-06,
      "sigma_gp_max": 1.2108233931940049e-05,
      "sigma_gp_per_dim": [
        2.952457123228669e-07,
        1.2261573090199818e-07,
        1.2108233931940049e-05
      ],
      "n_gp_points": 2000,
      "mu_gp_mean": 16.666656494140625,
      "mu_gp_per_dim": [
        1.890716276875537e-07,
        -6.165075205899484e-08,
        -49.99996566772461
      ],
      "epsilon_per_constraint": [
        0.0004557207867037505,
        0.0004557207867037505,
        0.0004889570409432054,
        0.0004889570409432054
      ],
      "epsilon_total": 0.0018893556552939117,
      "episode": 40
    },
    {
      "beta": 4.359869956970215,
      "sigma_gp_mean": 4.175365575065371e-06,
      "sigma_gp_max": 1.2108233931940049e-05,
      "sigma_gp_per_dim": [
        2.952457123228669e-07,
        1.2261573090199818e-07,
        1.2108233931940049e-05
      ],
      "n_gp_points": 2000,
      "mu_gp_mean": 16.666656494140625,
      "mu_gp_per_dim": [
        1.890716276875537e-07,
        -6.165075205899484e-08,
        -49.99996566772461
      ],
      "epsilon_per_constraint": [
        0.0004557207867037505,
        0.0004557207867037505,
        0.0004889570409432054,
        0.0004889570409432054
      ],
      "epsilon_total": 0.0018893556552939117,
      "episode": 50
    },
    {
      "beta": 4.359869956970215,
      "sigma_gp_mean": 4.175365575065371e-06,
      "sigma_gp_max": 1.2108233931940049e-05,
      "sigma_gp_per_dim": [
        2.952457123228669e-07,
        1.2261573090199818e-07,
        1.2108233931940049e-05
      ],
      "n_gp_points": 2000,
      "mu_gp_mean": 16.666656494140625,
      "mu_gp_per_dim": [
        1.890716276875537e-07,
        -6.165075205899484e-08,
        -49.99996566772461
      ],
      "epsilon_per_constraint": [
        0.0004557207867037505,
        0.0004557207867037505,
        0.0004889570409432054,
        0.0004889570409432054
      ],
      "epsilon_total": 0.0018893556552939117,
      "episode": 60
    },
    {
      "beta": 4.359869956970215,
      "sigma_gp_mean": 4.175365575065371e-06,
      "sigma_gp_max": 1.2108233931940049e-05,
      "sigma_gp_per_dim": [
        2.952457123228669e-07,
        1.2261573090199818e-07,
        1.2108233931940049e-05
      ],
      "n_gp_points": 2000,
      "mu_gp_mean": 16.666656494140625,
      "mu_gp_per_dim": [
        1.890716276875537e-07,
        -6.165075205899484e-08,
        -49.99996566772461
      ],
      "epsilon_per_constraint": [
        0.0004557207867037505,
        0.0004557207867037505,
        0.0004889570409432054,
        0.0004889570409432054
      ],
      "epsilon_total": 0.0018893556552939117,
      "episode": 70
    },
    {
      "beta": 4.359869956970215,
      "sigma_gp_mean": 4.175365575065371e-06,
      "sigma_gp_max": 1.2108233931940049e-05,
      "sigma_gp_per_dim": [
        2.952457123228669e-07,
        1.2261573090199818e-07,
        1.2108233931940049e-05
      ],
      "n_gp_points": 2000,
      "mu_gp_mean": 16.666656494140625,
      "mu_gp_per_dim": [
        1.890716276875537e-07,
        -6.165075205899484e-08,
        -49.99996566772461
      ],