{
  "violation_rate": [
    0.49833333333333335,
    0.004714045207910321
  ],
  "cumulative_reward": [
    -674.9164117624363,
    25.158599745999837
  ],
  "n_training_episodes": 200,
  "reward_history": [
    -956.6886024475098,
    -874.9607257843018,
    -909.5223727822304,
    -898.3584659695625,
    -848.4969677329063,
    -955.9239414334297,
    -996.8585448861122,
    -815.7017436623573,
    -913.502376139164,
    -950.3409307599068,
    -949.5353618860245,
    -976.3965266942978,
    -988.6149722337723,
    -901.2082384228706,
    -888.5393851995468,
    -839.2643865346909,
    -943.4125801920891,
    -944.1732137203217,
    -904.8888388872147,
    -927.6944797635078,
    -988.7319865822792,
    -949.949903845787,
    -843.9926429986954,
    -878.5577929615974,
    -942.5844678580761,
    -915.9456104040146,
    -939.0749208331108,
    -989.7767511606216,
    -826.9689944982529,
    -928.3180130720139,
    -973.0799518227577,
    -811.3925822973251,
    -933.2034306526184,
    -891.1436656117439,
    -826.3394074440002,
    -924.3876016139984,
    -898.5011138916016,
    -988.2106689214706,
    -933.5833072662354,
    -988.5167185664177,
    -981.4220196604729,
    -996.2846474051476,
    -925.7113790512085,
    -913.2212010622025,
    -946.2857615351677,
    -925.105495929718,
    -960.4798074960709,
    -846.7325248122215,
    -952.0839107036591,
    -908.8620386123657,
    -901.0781734883785,
    -987.3319056332111,
    -989.8189437389374,
    -933.3306941390038,
    -1018.5989141464233,
    -1006.1947371959686,
    -941.1719140410423,
    -883.8026666641235,
    -870.7460498809814,
    -990.5677678585052,
    -884.1482986211777,
    -930.9058369994164,
    -922.4697600603104,
    -921.4148553609848,
    -905.9377712011337,
    -1005.5410150885582,
    -909.5764557123184,
    -911.4211966991425,
    -881.1695137023926,
    -842.7402865886688,
    -876.918537914753,
    -921.2833474874496,
    -946.0671462416649,
    -1008.0058713555336,
    -946.3636661171913,
    -960.3678077459335,
    -926.2769317626953,
    -984.5591216087341,
    -948.7759037017822,
    -964.5561645030975,
    -950.2987141609192,
    -928.4342979192734,
    -985.4904809594154,
    -998.4634074568748,
    -949.7422785758972,
    -962.1535957455635,
    -919.1727445721626,
    -921.3576701879501,
    -880.4047385752201,
    -911.6265993118286,
    -975.4521470069885,
    -1053.0869109630585,
    -941.2002393603325,
    -905.7406840920448,
    -912.0865788161755,
    -937.2895947694778,
    -934.963617503643,
    -916.6931741833687,
    -856.7318935990334,
    -923.2104311585426
  ],
  "epsilon_log": [
    {
      "beta": 4.359869956970215,
      "sigma_gp_mean": 4.26620044891024e-06,
      "sigma_gp_max": 1.2380739462969359e-05,
      "sigma_gp_per_dim": [
        2.952463944438932e-07,
        1.2261560300430574e-07,
        1.2380739462969359e-05
      ],
      "n_gp_points": 2000,
      "mu_gp_mean": 16.666656494140625,
      "mu_gp_per_dim": [
        1.8907252297140076e-07,
        -6.165123522805516e-08,
        -49.99996566772461
      ],
      "epsilon_per_constraint": [
        0.0004557207867037505,
        0.0004557207867037505,
        0.000490141159389168,
        0.000490141159389168
      ],
      "epsilon_total": 0.001891723892185837,
      "episode": 10
    },
    {
      "beta": 4.359869956970215,
      "sigma_gp_mean": 4.26620044891024e-06,
      "sigma_gp_max": 1.2380739462969359e-05,
      "sigma_gp_per_dim": [
        2.952463944438932e-07,
        1.2261560300430574e-07,
        1.2380739462969359e-05
      ],
      "n_gp_points": 2000,
      "mu_gp_mean": 16.666656494140625,
      "mu_gp_per_dim": [
        1.8907252297140076e-07,
        -6.165123522805516e-08,
        -49.99996566772461
      ],
      "epsilon_per_constraint": [
        0.0004557207867037505,
        0.0004557207867037505,
        0.000490141159389168,
        0.000490141159389168
      ],
      "epsilon_total": 0.001891723892185837,
      "episode": 20
    },
    {
      "beta": 4.359869956970215,
      "sigma_gp_mean": 4.26620044891024e-06,
      "sigma_gp_max": 1.2380739462969359e-05,
      "sigma_gp_per_dim": [
        2.952463944438932e-07,
        1.2261560300430574e-07,
        1.2380739462969359e-05
      ],
      "n_gp_points": 2000,
      "mu_gp_mean": 16.666656494140625,
      "mu_gp_per_dim": [
        1.8907252297140076e-07,
        -6.165123522805516e-08,
        -49.99996566772461
      ],
      "epsilon_per_constraint": [
        0.0004557207867037505,
        0.0004557207867037505,
        0.000490141159389168,
        0.000490141159389168
      ],
      "epsilon_total": 0.001891723892185837,
      "episode": 30
    },
    {
      "beta": 4.359869956970215,
      "sigma_gp_mean": 4.26620044891024e-06,
      "sigma_gp_max": 1.2380739462969359e-05,
      "sigma_gp_per_dim": [
        2.952463944438932e-07,
        1.2261560300430574e-07,
        1.2380739462969359e-05
      ],
      "n_gp_points": 2000,
      "mu_gp_mean": 16.666656494140625,
      "mu_gp_per_dim": [
        1.8907252297140076e-07,
        -6.165123522805516e-08,
        -49.99996566772461
      ],
      "epsilon_per_constraint": [
        0.0004557207867037505,
        0.0004557207867037505,
        0.000490141159389168,
        0.000490141159389168
      ],
      "epsilon_total": 0.001891723892185837,
      "episode": 40
    },
    {
      "beta": 4.385385990142822,
      "sigma_gp_mean": 6.258501798583893e-06,
      "sigma_gp_max": 1.827177948143799e-05,
      "sigma_gp_per_dim": [
        3.197822024958441e-07,
        1.83942745479726e-07,
        1.827177948143799e-05
      ],
      "n_gp_points": 2500,
      "mu_gp_mean": 16.666656494140625,
      "mu_gp_per_dim": [
        2.2295236590252898e-07,
        3.5432812239832856e-08,
        -49.99996566772461
      ],
      "epsilon_per_constraint": [
        0.00045851970207877457,
        0.00045851970207877457,
        0.0005187873030081391,
        0.0005187873030081391
      ],
      "epsilon_total": 0.0019546140101738274,
      "episode": 50
    },
    {
      "beta": 4.385385990142822,
      "sigma_gp_mean": 6.258501798583893e-06,
      "sigma_gp_max": 1.827177948143799e-05,
      "sigma_gp_per_dim": [
        3.197822024958441e-07,
        1.83942745479726e-07,
        1.827177948143799e-05
      ],
      "n_gp_points": 2500,
      "mu_gp_mean": 16.666656494140625,
      "mu_gp_per_dim": [
        2.2295236590252898e-07,
        3.5432812239832856e-08,
        -49.99996566772461
      ],
      "epsilon_per_constraint": [
        0.00045851970207877457,
        0.00045851970207877457,
        0.0005187873030081391,
        0.0005187873030081391
      ],
      "epsilon_total": 0.0019546140101738274,
      "episode": 60
    },
    {
      "beta": 4.385385990142822,
      "sigma_gp_mean": 6.258501798583893e-06,
      "sigma_gp_max": 1.827177948143799e-05,
      "sigma_gp_per_dim": [
        3.197822024958441e-07,
        1.83942745479726e-07,
        1.827177948143799e-05
      ],
      "n_gp_points": 2500,
      "mu_gp_mean": 16.666656494140625,
      "mu_gp_per_dim": [
        2.2295236590252898e-07,
        3.5432812239832856e-08,
        -49.99996566772461
      ],
      "epsilon_per_constraint": [
        0.00045851970207877457,
        0.00045851970207877457,
        0.0005187873030081391,
        0.0005187873030081391
      ],
      "epsilon_total": 0.0019546140101738274,
      "episode": 70
    },
    {
      "beta": 4.385385990142822,
      "sigma_gp_mean": 6.258501798583893e-06,
      "sigma_gp_max": 1.827177948143799e-05,
      "sigma_gp_per_dim": [
        3.197822024958441e-07,
        1.83942745479726e-07,
        1.827177948143799e-05
      ],
      "n_gp_points": 2500,
      "mu_gp_mean": 16.666656494140625,
      "mu_gp_per_dim": [
        2.2295236590252898e-07,
        3.5432812239832856e-08,
        -49.99996566772461
      ],