{
  "kappa": 1.0,
  "scenario": "coupled",
  "seed": 0,
  "cbf_violation_pct": 0.0,
  "power_violation_pct": 0.0,
  "qp_intervention_pct": 98.8,
  "total_reward": -8043.607383728027,
  "per_constraint_pct": {
    "pressure_high": 0.0,
    "pressure_low": 0.0,
    "enthalpy_high": 0.0,
    "enthalpy_low": 0.0,
    "power_high": 0.0,
    "power_low": 0.0
  },
  "epsilon_mean": 2.7742663860321044,
  "epsilon_std": 0.08673678122809865,
  "epsilon_max": 3.2785398960113525,
  "action_diff_mean": 2.5140820475816725,
  "action_diff_max": 5.321588039398193,
  "chatter_rate_pct": 97.39999999999999,
  "scenario_name": "S3:Coupled"
}