{
  "violation_rate": [
    0.02666666666666667,
    0.002357022603955157
  ],
  "cumulative_reward": [
    -1415.8501262093585,
    112.35946855210744
  ],
  "tracking_rmse": {
    "pressure": [
      0.2972354005119043,
      0.0012956765037616697
    ],
    "enthalpy": [
      10.28929121890583,
      0.25170932966000326
    ],
    "power": [
      26.169423688677185,
      1.0350089671586924
    ]
  },
  "control_cost": [
    911.5142618815104,
    48.407671616429226
  ],
  "min_barrier_value": [
    -14.869669596354166,
    2.052490593343613
  ],
  "online_time_ms": [
    103.95354552310891,
    34.44523143065234
  ],
  "convergence_episode": 200,
  "n_training_episodes": 200,
  "reward_history": [
    -1309.214635014534,
    -1506.1783450320363,
    -555.2533779218793,
    -1436.0528253614902,
    -1358.35639603436,
    -503.4256353273522,
    -1365.047815605998,
    -527.4859428164782,
    -649.2742365738377,
    -525.9719735258259,
    -468.98854352044873,
    -1479.5764943510294,
    -1397.4185736775398,
    -1337.3281279802322,
    -1409.428996823728,
    -1309.1635808944702,
    -1456.4141378179193,
    -568.3793778419495,
    -516.7121288141352,
    -569.9836432058364,
    -1390.6585306078196,
    -1416.3973924964666,
    -550.0473642349243,
    -1440.727049201727,
    -624.1211713477969,
    -418.7507156622596,
    -1405.4805575758219,
    -1342.3196700662374,
    -1511.4465533941984,
    -1397.4373352229595,
    -1504.6331260353327,
    -1390.4303315207362,
    -1511.9634164571762,
    -1608.4961967021227,
    -1549.4713411480188,
    -466.165522582829,
    -631.9331199545413,
    -538.7688240781426,
    -1481.0971049368382,
    -490.5858121109195,
    -1593.267843581736,
    -649.7267001597211,
    -1405.1632878631353,
    -664.4969959780574,
    -528.910891849082,
    -578.1721416376531,
    -1418.3941194191575,
    -525.0967230536044,
    -549.1926212590188,
    -511.78175195492804,
    -1537.3864564746618,
    -1324.9330531954765,
    -493.41902552812826,
    -1521.7543248534203,
    -1489.1307858973742,
    -1379.6765747070312,
    -1467.4180524125695,
    -552.5258797997376,
    -458.09709250275046,
    -1323.849319666624,
    -560.31361610163,
    -1390.1841437891126,
    -1303.8924739211798,
    -1441.3001761436462,
    -1374.9420989528298,
    -1455.301734894514,
    -497.6111546573229,
    -1360.8569186478853,
    -491.9946444462985,
    -534.6032199137844,
    -586.0210279673338,
    -1290.1184892877936,
    -1404.8376470580697,
    -526.1047144809854,
    -1581.0508391484618,
    -1485.5907048657537,
    -580.4644154859707,
    -1562.2193706035614,
    -1455.670472793281,
    -1341.6248274371028,
    -512.0348125689197,
    -618.8960375785828,
    -1329.4408816248178,
    -1509.0880600064993,
    -1586.1111317574978,
    -1426.231296889484,
    -1452.8078773394227,
    -606.9893139461055,
    -1404.5720608085394,
    -1357.3461669534445,
    -1474.9590292349458,
    -501.0230626678094,
    -1367.3616587743163,
    -1390.2862860187888,
    -1520.9576888531446,
    -1566.7939223498106,
    -1503.6446252316236,
    -1280.8201924338937,
    -1408.7101908177137,
    -1484.3536018282175
  ]
}