{
  "violation_rate": [
    0.0016666666666666668,
    0.0023570226039551583
  ],
  "cumulative_reward": [
    -551.840132030348,
    42.08925201479896
  ],
  "tracking_rmse": {
    "pressure": [
      0.02409138178912974,
      0.001250866969237105
    ],
    "enthalpy": [
      8.949841708597036,
      0.37688518620378547
    ],
    "power": [
      16.351682629343422,
      0.615032642253421
    ]
  },
  "control_cost": [
    906.181884765625,
    25.296913483046332
  ],
  "min_barrier_value": [
    -0.4118569691975911,
    2.5102697221998826
  ],
  "online_time_ms": [
    100.9425087137303,
    6.581442922134307
  ],
  "convergence_episode": 200,
  "n_training_episodes": 200,
  "reward_history": [
    -512.9039514744654,
    -549.5472789959167,
    -508.1992857651785,
    -1272.1658413559198,
    -1381.992339976132,
    -1274.0994743481278,
    -491.2329434179701,
    -1330.407971560955,
    -1354.0332909226418,
    -1467.5653616338968,
    -1237.7231823205948,
    -1412.1410436928272,
    -577.3993163481355,
    -526.6677940110676,
    -557.6443388246698,
    -1655.449147209525,
    -1388.9410296082497,
    -504.2339867645642,
    -485.91469166520983,
    -1403.9401221573353,
    -1341.2397900223732,
    -1284.2288407161832,
    -612.9519389420748,
    -1431.226543776691,
    -572.6048295721412,
    -1500.3080028444529,
    -548.1551920603961,
    -1374.6854249984026,
    -476.3650856760796,
    -533.1774891875684,
    -1366.3270883709192,
    -1524.8149944916368,
    -1411.502498343587,
    -493.1606376329437,
    -1238.4175258874893,
    -1515.370524019003,
    -1564.135587491095,
    -1661.3982694000006,
    -1335.762129895389,
    -1355.7806517928839,
    -660.1255766749382,
    -565.3777042822912,
    -1524.1249445229769,
    -1553.1408510133624,
    -504.6984206598718,
    -1233.7541264742613,
    -1367.9861787185073,
    -493.24583738157526,
    -437.0917845084332,
    -548.0496123377234,
    -1504.2130240648985,
    -1464.5179499313235,
    -478.11545732198283,
    -1624.711204946041,
    -1528.030784457922,
    -1282.5869874507189,
    -660.2770133418962,
    -504.13195425085723,
    -1443.96894736588,
    -670.9012568965554,
    -1643.9743578061461,
    -680.3489313051105,
    -1505.3721886724234,
    -1553.6256533265114,
    -1607.6043825671077,
    -549.2167377658188,
    -618.9240390472114,
    -499.561128099449,
    -1497.8622148633003,
    -1561.197319097817,
    -1749.9589554220438,
    -1420.4183220341802,
    -583.8096283040941,
    -1592.4170594513416,
    -1196.359055802226,
    -1628.625165849924,
    -615.866697200574,
    -565.3467825411353,
    -1310.8982091099024,
    -452.4749358340632,
    -672.9501171158627,
    -1523.6234511435032,
    -1373.3487745001912,
    -551.053481863346,
    -561.7230236083269,
    -1612.8939471170306,
    -1602.5068260282278,
    -1635.7538119703531,
    -1322.6300697922707,
    -549.5580121478997,
    -1415.614972524345,
    -1492.92338052392,
    -1499.8290445804596,
    -565.4944187179208,
    -1573.3443324118853,
    -1512.6752068921924,
    -1354.008911371231,
    -651.8528065592982,
    -1489.4717904031277,
    -1255.1319463253021
  ]
}