{
  "violation_rate": [
    0.9866666666666667,
    0.0023570226039551605
  ],
  "cumulative_reward": [
    -1142.3234649101894,
    35.67940533897967
  ],
  "tracking_rmse": {
    "pressure": [
      0.022393143346368934,
      0.00035539488853793743
    ],
    "enthalpy": [
      41.94251978150905,
      0.09766655955725762
    ],
    "power": [
      19.82713270572681,
      0.46992314377426564
    ]
  },
  "control_cost": [
    5650.959309895833,
    32.35879886281519
  ],
  "min_barrier_value": [
    -15.110026041666666,
    0.013882900642530718
  ],
  "online_time_ms": [
    71.96152029170965,
    7.45596765490119
  ],
  "convergence_episode": 200,
  "n_training_episodes": 200,
  "reward_history": [
    -1360.4495393410325,
    -1401.675050407648,
    -1405.4828078746796,
    -567.7208457291126,
    -598.260302470997,
    -487.81936578196473,
    -558.0690941829234,
    -1447.2939471900463,
    -502.59101160187856,
    -1495.5388600379229,
    -1460.4409532546997,
    -498.7331292722374,
    -1403.2044653594494,
    -568.73007632792,
    -1537.897521726787,
    -1377.1140092387795,
    -458.90983687597327,
    -1261.828388914466,
    -579.9242462657858,
    -1356.4688953086734,
    -476.7140719536692,
    -541.7740824986249,
    -1520.6009600088,
    -1391.1239305734634,
    -494.51948659843765,
    -440.2971598673612,
    -519.5226566836936,
    -538.0659668957815,
    -614.0795016404008,
    -1564.4652412086725,
    -586.2259379029274,
    -636.7526822090149,
    -1325.8488222956657,
    -531.4761873246171,
    -1399.7046406790614,
    -1410.436831265688,
    -524.5936531170155,
    -629.6060795933008,
    -462.1092292582616,
    -1518.9860798493028,
    -1440.8159348145127,
    -1641.4433325380087,
    -704.0185534125194,
    -1551.1701765656471,
    -562.6564311482944,
    -528.1498631718569,
    -1586.0435362681746,
    -663.9433390945196,
    -580.5111441574991,
    -619.300894074142,
    -1418.6052147597075,
    -1421.657252073288,
    -556.7439358383417,
    -1438.9212743788958,
    -567.007348225452,
    -1454.2565378844738,
    -1502.7109115570784,
    -1544.6317835450172,
    -1568.1836679950356,
    -555.8668933771551,
    -1342.9173688963056,
    -639.407224567607,
    -610.7298194766045,
    -1438.220634125173,
    -1570.2602920681238,
    -665.8619071692228,
    -1402.574824437499,
    -664.4472373649478,
    -645.4955261796713,
    -1442.7422486320138,
    -594.5613982640207,
    -1429.0124865174294,
    -1327.0082885026932,
    -1340.0811928212643,
    -1347.2300371676683,
    -1518.3873958662152,
    -620.4195211902261,
    -1410.980068333447,
    -514.1225729715079,
    -1454.9475057721138,
    -1435.8082285821438,
    -607.617887487635,
    -1524.2587921768427,
    -1387.275728419423,
    -1412.4903941750526,
    -1411.5837357640266,
    -1391.157351769507,
    -1399.9310837984085,
    -1481.4557473435998,
    -1393.6551062241197,
    -565.7190541885793,
    -1365.6719756275415,
    -640.8292664401233,
    -1235.4854011163116,
    -602.2690499424934,
    -547.9053971185349,
    -1484.9473659694195,
    -1380.5371986925602,
    -1507.866476893425,
    -1281.925082243979
  ]
}