{
  "violation_rate": [
    0.02666666666666667,
    0.002357022603955157
  ],
  "cumulative_reward": [
    -1454.0170325885217,
    48.62842080361713
  ],
  "tracking_rmse": {
    "pressure": [
      0.31374626559282254,
      0.0019259560023844684
    ],
    "enthalpy": [
      10.284449079017799,
      0.2707028933519951
    ],
    "power": [
      26.539432472433152,
      0.4439446838879239
    ]
  },
  "control_cost": [
    918.2474568684896,
    20.664263523973265
  ],
  "min_barrier_value": [
    -8.161051432291666,
    0.9766509020317475
  ],
  "online_time_ms": [
    0.0,
    0.0
  ],
  "convergence_episode": 200,
  "n_training_episodes": 200,
  "reward_history": [
    -507.3073391309008,
    -1270.9590567946434,
    -1380.644660063088,
    -1272.9526131004095,
    -490.40986784501,
    -1329.166305653751,
    -1352.8170675039291,
    -1466.2289224639535,
    -1236.6595106944442,
    -1410.9231391847134,
    -576.6359117627144,
    -525.8345012948848,
    -556.767665925785,
    -1654.054189518094,
    -1387.8064760118723,
    -503.4573515005177,
    -485.17907673097216,
    -1402.8197212815285,
    -1340.2171134650707,
    -1283.2912576720119,
    -612.1794378012419,
    -1430.1035937145352,
    -571.8996885931119,
    -1499.1756348460913,
    -547.3704809295014,
    -1373.7397188693285,
    -475.6801347436849,
    -532.4249235279858,
    -1365.3741168007255,
    -1523.7361182495952,
    -1410.5241745561361,
    -492.4715138627216,
    -1237.6084429100156,
    -1514.3171144276857,
    -1563.0797889456153,
    -1660.251253157854,
    -1334.860850147903,
    -1354.909577846527,
    -659.3552060052752,
    -564.6197679110337,
    -1523.144339710474,
    -1552.1275622099638,
    -504.0362217661459,
    -1233.050701752305,
    -1367.1579475849867,
    -492.59900326281786,
    -436.5289564579725,
    -547.3447746471502,
    -1503.3193918019533,
    -1463.667214334011,
    -477.50308525236323,
    -1623.6656169816852,
    -1527.0689382851124,
    -1281.9352917671204,
    -659.546981097199,
    -503.4964876435697,
    -1443.1393537819386,
    -670.1456007920206,
    -1642.8974070250988,
    -679.5989324115217,
    -1504.474808037281,
    -1552.7086574733257,
    -1606.701600447297,
    -548.5340037224814,
    -618.2822265066206,
    -498.95845044683665,
    -1497.0032649934292,
    -1560.365344889462,
    -1748.8854894787073,
    -1419.6890041083097,
    -583.2072078287601,
    -1591.5477094501257,
    -1195.834140792489,
    -1627.708214148879,
    -615.2420283537358,
    -564.6495988711249,
    -1310.2512890696526,
    -451.9228790489724,
    -672.2290672096424,
    -1522.838835388422,
    -1372.6762544810772,
    -550.4003799548373,
    -561.1526853963733,
    -1611.9948505982757,
    -1601.6289727836847,
    -1634.8308811485767,
    -1322.0324388891459,
    -548.8944151147734,
    -1414.8773485794663,
    -1492.163492590189,
    -1499.0133232325315,
    -564.9196296446025,
    -1572.544557467103,
    -1511.8505638688803,
    -1353.3851530104876,
    -651.192428345792,
    -1488.6692777723074,
    -1254.5967676639557,
    -526.9333643931895,
    -648.9282408058643
  ]
}