{
  "violation_rate": [
    0.02666666666666667,
    0.009428090415820633
  ],
  "cumulative_reward": [
    -1419.7163545687993,
    58.05335087955802
  ],
  "tracking_rmse": {
    "pressure": [
      0.3136398023223334,
      0.0018373906965431066
    ],
    "enthalpy": [
      10.67322898329847,
      0.13737173598186217
    ],
    "power": [
      26.200195683835474,
      0.570704584572214
    ]
  },
  "control_cost": [
    912.5382690429688,
    71.79715151481042
  ],
  "min_barrier_value": [
    -9.682413736979166,
    2.563373006676741
  ],
  "online_time_ms": [
    967.5245668607143,
    104.29282259140041
  ],
  "convergence_episode": 200,
  "n_training_episodes": 200,
  "reward_history": [
    -1360.449378170073,
    -1401.675050407648,
    -1405.4828078746796,
    -567.7208401411772,
    -598.2603182066232,
    -487.81936578196473,
    -558.0690494198352,
    -1447.294096082449,
    -502.5911424601509,
    -1495.5385953933,
    -1460.4409573972225,
    -498.7331292424351,
    -1403.2046303451061,
    -568.7302072495222,
    -1537.8977825269103,
    -1377.1141792312264,
    -458.91006527352147,
    -1261.8284808248281,
    -579.9241848730016,
    -1356.4693346247077,
    -476.7140588890761,
    -541.774082259275,
    -1520.6010091230273,
    -1391.1240272447467,
    -494.5194844787475,
    -440.2971598673612,
    -519.5223887308966,
    -538.0659588268027,
    -614.0795022363309,
    -1564.4654433876276,
    -586.2258787378669,
    -636.7526822090149,
    -1325.848941385746,
    -531.4760383130051,
    -1399.7048087790608,
    -1410.4368326961994,
    -524.5936357646133,
    -629.6060795933008,
    -462.1091433307156,
    -1518.9860798493028,
    -1440.8159155026078,
    -1641.4432409852743,
    -704.0185774331912,
    -1551.170253932476,
    -562.6565424897708,
    -528.1498632016592,
    -1586.0435539111495,
    -663.943245396018,
    -580.5111615173519,
    -619.3008934780955,
    -1418.6052147597075,
    -1421.657268166542,
    -556.7440034896135,
    -1438.9212858229876,
    -567.0073520401493,
    -1454.2565378844738,
    -1502.7108203619719,
    -1544.6317868828773,
    -1568.1831457093358,
    -555.8669169805944,
    -1342.9173927381635,
    -639.4071956593543,
    -610.729808151722,
    -1438.2207978442311,
    -1570.260298743844,
    -665.8619071692228,
    -1402.574824437499,
    -664.4472218677402,
    -645.4955118745565,
    -1442.7423506751657,
    -594.5613291226327,
    -1429.0118541419506,
    -1327.0082885026932,
    -1340.0811928212643,
    -1347.2297957092524,
    -1518.387425430119,
    -620.4195239841938,
    -1410.9801521971822,
    -514.1225729715079,
    -1454.947500050068,
    -1435.8081999719143,
    -607.6178988125175,
    -1524.258766695857,
    -1387.275695040822,
    -1412.490473330021,
    -1411.5839191526175,
    -1391.1572249904275,
    -1399.9311242699623,
    -1481.4557473435998,
    -1393.6551338806748,
    -565.719096686691,
    -1365.6719756275415,
    -640.8294487409294,
    -1235.4855374917388,
    -602.2690879106522,
    -547.9053919925354,
    -1484.947287529707,
    -1380.5371918976307,
    -1507.8665832281113,
    -1281.9249591603875
  ]
}