{
  "violation_rate": [
    0.04833333333333333,
    0.013123346456686353
  ],
  "cumulative_reward": [
    -1414.7071659490466,
    152.5409260437539
  ],
  "tracking_rmse": {
    "pressure": [
      0.29778955885625397,
      0.0011919299843896802
    ],
    "enthalpy": [
      15.195897069870142,
      0.11098481286112889
    ],
    "power": [
      25.913683587574806,
      1.466499536919645
    ]
  },
  "control_cost": [
    914.4479777018229,
    45.40321942151873
  ],
  "min_barrier_value": [
    -8.463460286458334,
    2.0717569010993646
  ],
  "online_time_ms": [
    853.1987927985998,
    87.4302268149345
  ],
  "convergence_episode": 200,
  "n_training_episodes": 200,
  "reward_history": [
    -1465.6430316716433,
    -481.9674538553227,
    -1470.7646823823452,
    -1418.9751339629292,
    -1354.9723246470094,
    -457.2879750155844,
    -544.5882672853768,
    -1517.6594145596027,
    -1500.801707714796,
    -1516.6308386996388,
    -577.0612213145941,
    -1577.7216128855944,
    -580.6825897651725,
    -1250.853346914053,
    -1336.866174414754,
    -1288.482333905995,
    -1260.623144134879,
    -1381.831625521183,
    -682.2140024676919,
    -1483.289158463478,
    -1373.931443579495,
    -1467.5260290205479,
    -648.4473821222782,
    -553.6899312785827,
    -1600.5981507375836,
    -1452.8999783918262,
    -533.5843416452408,
    -1467.3758582398295,
    -592.1335555166006,
    -525.5997108304873,
    -1565.797931239009,
    -696.5354037620127,
    -1385.2925853580236,
    -1359.4696617722511,
    -1302.7049152478576,
    -551.9643286727369,
    -1584.3738729059696,
    -1410.7944220378995,
    -1524.2881492078304,
    -1300.9021243453026,
    -1308.02781021595,
    -1428.5089117586613,
    -1481.329461067915,
    -1361.152123875916,
    -1357.4646145552397,
    -1508.6544170603156,
    -1554.3875921964645,
    -570.0771892219782,
    -1452.0570442080498,
    -647.7822897657752,
    -544.940604321775,
    -1400.3842042461038,
    -1639.350011833012,
    -1431.503830447793,
    -1444.3158385530114,
    -1384.922470100224,
    -1633.4202604293823,
    -1676.2768378853798,
    -1399.6544063538313,
    -444.9072313327342,
    -591.2212688848376,
    -1405.7703967690468,
    -604.4981576921418,
    -651.3486544024199,
    -568.1231617890298,
    -1427.6324390769005,
    -594.4662222110201,
    -617.1977178454399,
    -1459.686989530921,
    -649.1724535338581,
    -1541.1901806667447,
    -1538.9461275488138,
    -1367.0198366194963,
    -1520.520922459662,
    -1453.023547001183,
    -623.3039402365685,
    -1477.0072124749422,
    -1493.8098668977618,
    -1524.7199059203267,
    -558.9482147153467,
    -1367.3565996140242,
    -600.2430796343833,
    -1383.5096108913422,
    -568.8933338560164,
    -1349.970527306199,
    -546.1132006962434,
    -581.5472958404571,
    -458.0409931712784,
    -1529.0152593925595,
    -676.8630549758673,
    -1476.0495746284723,
    -1424.510092228651,
    -1413.2574104070663,
    -1375.1349309384823,
    -1462.60359826684,
    -1371.3629260063171,
    -1389.0502778366208,
    -517.1716548139229,
    -1438.369107067585,
    -1561.3468311131
  ]
}