{
  "violation_rate": [
    0.0,
    0.0
  ],
  "cumulative_reward": [
    -464.278631043601,
    62.770962945771515
  ],
  "tracking_rmse": {
    "pressure": [
      0.021805559772221223,
      0.0011174769502513295
    ],
    "enthalpy": [
      10.14794133577602,
      0.7963238271644543
    ],
    "power": [
      14.849735993478262,
      0.9908008919031333
    ]
  },
  "control_cost": [
    902.4110514322916,
    80.21769754422127
  ],
  "min_barrier_value": [
    1.1597894032796223,
    0.2916650897489607
  ],
  "online_time_ms": [
    0.0,
    0.0
  ],
  "convergence_episode": 200,
  "n_training_episodes": 200,
  "reward_history": [
    -1465.6427357941866,
    -481.96747866203077,
    -1470.7644790112972,
    -1418.9751200154424,
    -1354.9723246470094,
    -457.2879750155844,
    -544.5882533080876,
    -1517.6591992676258,
    -1500.8015379607677,
    -1516.6308386996388,
    -577.0613152887672,
    -1577.7220407277346,
    -580.6825897651725,
    -1250.8531287908554,
    -1336.8661820441484,
    -1288.4825680330396,
    -1260.6230809539557,
    -1381.831625521183,
    -682.214088536799,
    -1483.2891519665718,
    -1373.9312285259366,
    -1467.525814205408,
    -648.4473193585873,
    -553.6899297307245,
    -1600.597887761891,
    -1452.90009521693,
    -533.5843558311462,
    -1467.3760332390666,
    -592.1336036771536,
    -525.5996107216924,
    -1565.7978194206953,
    -696.5354037620127,
    -1385.2926115840673,
    -1359.4695194363594,
    -1302.7050162181258,
    -551.96429124102,
    -1584.3738690912724,
    -1410.7944110780954,
    -1524.2880710065365,
    -1300.9021430015564,
    -1308.0277903676033,
    -1428.5089081823826,
    -1481.329461067915,
    -1361.1521052792668,
    -1357.464798912406,
    -1508.6545887216926,
    -1554.3875597715378,
    -570.0771892219782,
    -1452.0570713877678,
    -647.7822272926569,
    -544.9406047241064,
    -1400.384289599955,
    -1639.3494117334485,
    -1431.503830447793,
    -1444.3159704580903,
    -1384.9219434335828,
    -1633.4203870296478,
    -1676.27675229311,
    -1399.6545536965132,
    -444.9071952125523,
    -591.2212688848376,
    -1405.7703967690468,
    -604.4981576921418,
    -651.3486544024199,
    -568.1231479905546,
    -1427.6324734091759,
    -594.4662203036714,
    -617.1975534558296,
    -1459.686989530921,
    -649.1724277846515,
    -1541.1902157142758,
    -1538.9461275488138,
    -1367.019977927208,
    -1520.5209176912904,
    -1453.0235975310206,
    -623.3041180372238,
    -1477.0069397240877,
    -1493.8099020645022,
    -1524.7197204306722,
    -558.9482980426401,
    -1367.356599137187,
    -600.2430799920112,
    -1383.5097083449364,
    -568.8933556415141,
    -1349.9703737646341,
    -546.113200100197,
    -581.547452243045,
    -458.0409896695055,
    -1529.0151332691312,
    -676.8630790561438,
    -1476.049549356103,
    -1424.510263890028,
    -1413.2574874162674,
    -1375.1352009475231,
    -1462.6037341058254,
    -1371.363135099411,
    -1389.0500389412045,
    -517.1716476613656,
    -1438.369014441967,
    -1561.3469069302082
  ]
}