{
  "violation_rate": [
    0.0,
    0.0
  ],
  "cumulative_reward": [
    -598.8409388657504,
    4.543982771878792
  ],
  "tracking_rmse": {
    "pressure": [
      0.022118757931901767,
      0.003696670200099876
    ],
    "enthalpy": [
      9.636108063405912,
      0.28596253785578135
    ],
    "power": [
      17.023376718684375,
      0.08513664660616163
    ]
  },
  "control_cost": [
    959.4131062825521,
    17.10502782956922
  ],
  "min_barrier_value": [
    1.3639373779296875,
    0.005836544369016967
  ],
  "online_time_ms": [
    256.45297568291426,
    6.432420863425516
  ],
  "method": "rocbf_net",
  "condition": "load_following",
  "seed": 1,
  "epsilon_kappa": 1.0,
  "gp_train_time_s": 17.294696807861328,
  "train_time_s": 624.410918712616
}