{
  "violation_rate": [
    0.0,
    0.0
  ],
  "cumulative_reward": [
    -500.34397878210683,
    35.491537138833586
  ],
  "tracking_rmse": {
    "pressure": [
      0.023566143667350794,
      0.0012769792447184733
    ],
    "enthalpy": [
      9.54916878431082,
      0.3232869757671401
    ],
    "power": [
      15.503442761468852,
      0.5815910188344248
    ]
  },
  "control_cost": [
    896.7331949869791,
    9.41053105426878
  ],
  "min_barrier_value": [
    1.3635215759277344,
    0.0020484202092212293
  ],
  "online_time_ms": [
    260.9302577690687,
    6.704621365520264
  ],
  "method": "rocbf_net",
  "condition": "load_following",
  "seed": 0,
  "epsilon_kappa": 1.0,
  "gp_train_time_s": 17.117262840270996,
  "train_time_s": 624.9183990955353
}