{
  "violation_rate": [
    0.0,
    0.0
  ],
  "cumulative_reward": [
    -1561.1561907976866,
    36.1848690162061
  ],
  "tracking_rmse": {
    "pressure": [
      0.297106867984712,
      0.0037993474857418654
    ],
    "enthalpy": [
      10.746163289096934,
      0.4882269013228805
    ],
    "power": [
      27.52439065936113,
      0.32376655036073765
    ]
  },
  "control_cost": [
    959.4131062825521,
    17.10502782956922
  ],
  "min_barrier_value": [
    1.0871512095133464,
    0.005847536969448605
  ],
  "online_time_ms": [
    262.0958267035894,
    7.025447789470069
  ],
  "method": "rocbf_net",
  "condition": "s4_nonlinear",
  "seed": 1,
  "epsilon_kappa": 1.0,
  "gp_train_time_s": 17.226120710372925,
  "train_time_s": 623.154102563858
}