{
  "violation_rate": [
    0.0,
    0.0
  ],
  "cumulative_reward": [
    -530.7542763532061,
    51.27179292139532
  ],
  "tracking_rmse": {
    "pressure": [
      0.02055674146703153,
      0.000996289732288511
    ],
    "enthalpy": [
      9.840776505465342,
      0.29452260589328144
    ],
    "power": [
      15.963405367604024,
      0.8117679217952595
    ]
  },
  "control_cost": [
    916.7891642252604,
    17.451935872002203
  ],
  "min_barrier_value": [
    1.3673070271809895,
    0.0014731691567954706
  ],
  "online_time_ms": [
    251.3152081356384,
    6.2427558861864005
  ],
  "method": "rocbf_net",
  "condition": "nominal",
  "seed": 2,
  "epsilon_kappa": 1.0,
  "gp_train_time_s": 17.16402840614319,
  "train_time_s": 611.0115313529968
}