{
  "violation_rate": [
    0.0,
    0.0
  ],
  "cumulative_reward": [
    -1573.8141549304128,
    36.13963292885155
  ],
  "tracking_rmse": {
    "pressure": [
      0.29681995039451675,
      0.003792020430778832
    ],
    "enthalpy": [
      15.485656733200528,
      0.5675469363459981
    ],
    "power": [
      27.412395377728938,
      0.3220957160079197
    ]
  },
  "control_cost": [
    959.4131062825521,
    17.10502782956922
  ],
  "min_barrier_value": [
    1.0874652862548828,
    0.005836544369016967
  ],
  "online_time_ms": [
    258.2644890167285,
    6.946260778956226
  ],
  "method": "rocbf_net",
  "condition": "s2_pressure",
  "seed": 1,
  "epsilon_kappa": 1.0,
  "gp_train_time_s": 17.26047992706299,
  "train_time_s": 617.5701406002045
}