{
  "violation_rate": [
    0.0,
    0.0
  ],
  "cumulative_reward": [
    -1488.4731411213677,
    75.96627977553784
  ],
  "tracking_rmse": {
    "pressure": [
      0.3139349517019621,
      0.0024447630934079853
    ],
    "enthalpy": [
      10.847294694229555,
      0.20290068983353585
    ],
    "power": [
      26.82502093385436,
      0.7114322086753732
    ]
  },
  "control_cost": [
    957.3366495768229,
    43.473141405452495
  ],
  "min_barrier_value": [
    1.0685984293619792,
    0.003284139885188426
  ],
  "online_time_ms": [
    261.2626709509641,
    46.37458113091874
  ],
  "method": "rocbf_net",
  "condition": "s3_coupled",
  "seed": 3,
  "epsilon_kappa": 1.0,
  "gp_train_time_s": 17.00353741645813,
  "train_time_s": 616.3624820709229
}