{
  "violation_rate": [
    0.0,
    0.0
  ],
  "cumulative_reward": [
    -1434.2363061557214,
    95.49200188007211
  ],
  "tracking_rmse": {
    "pressure": [
      0.2952179998498563,
      0.0012946647297916922
    ],
    "enthalpy": [
      15.269592264305253,
      0.12432492253688802
    ],
    "power": [
      26.131015236820364,
      0.9062786230787093
    ]
  },
  "control_cost": [
    916.7891642252604,
    17.451935872002203
  ],
  "min_barrier_value": [
    1.0908336639404297,
    0.0014740559861132951
  ],
  "online_time_ms": [
    257.01505249598995,
    6.300099850144068
  ],
  "method": "rocbf_net",
  "condition": "s2_pressure",
  "seed": 2,
  "epsilon_kappa": 1.0,
  "gp_train_time_s": 17.071904182434082,
  "train_time_s": 617.1653110980988
}