{
  "violation_rate": [
    0.0,
    0.0
  ],
  "cumulative_reward": [
    -1421.934341783325,
    95.19411782990574
  ],
  "tracking_rmse": {
    "pressure": [
      0.2955018275770575,
      0.0012970544315508118
    ],
    "enthalpy": [
      10.670423443185726,
      0.12424989710244767
    ],
    "power": [
      26.242276620178984,
      0.9062781504072775
    ]
  },
  "control_cost": [
    916.7891642252604,
    17.451935872002203
  ],
  "min_barrier_value": [
    1.0905297597249348,
    0.001479186542565916
  ],
  "online_time_ms": [
    260.5551022896543,
    7.919420409041719
  ],
  "method": "rocbf_net",
  "condition": "s4_nonlinear",
  "seed": 2,
  "epsilon_kappa": 1.0,
  "gp_train_time_s": 17.442734956741333,
  "train_time_s": 622.4577231407166
}