{
  "violation_rate": [
    0.0,
    0.0
  ],
  "cumulative_reward": [
    -1416.6142780457933,
    72.58448595080914
  ],
  "tracking_rmse": {
    "pressure": [
      0.2986001925972563,
      0.002326980620046865
    ],
    "enthalpy": [
      10.971856488923459,
      0.19448872888036153
    ],
    "power": [
      26.163207719358937,
      0.696846606264203
    ]
  },
  "control_cost": [
    957.3366495768229,
    43.473141405452495
  ],
  "min_barrier_value": [
    1.0847880045572917,
    0.0031055952100709975
  ],
  "online_time_ms": [
    260.57654042262584,
    6.685048757576979
  ],
  "method": "rocbf_net",
  "condition": "s4_nonlinear",
  "seed": 3,
  "epsilon_kappa": 1.0,
  "gp_train_time_s": 17.425015687942505,
  "train_time_s": 621.2046413421631
}