{
  "violation_rate": [
    0.0033333333333333335,
    0.0023570226039551583
  ],
  "cumulative_reward": [
    -681.5387973378723,
    4.728372005213337
  ],
  "tracking_rmse": {
    "pressure": [
      0.022118757931901767,
      0.003696670200099876
    ],
    "enthalpy": [
      24.22108843992842,
      0.5865797538205818
    ],
    "power": [
      16.777692034568975,
      0.07468637016761004
    ]
  },
  "control_cost": [
    959.4131062825521,
    17.10502782956922
  ],
  "min_barrier_value": [
    -1.5848108927408855,
    2.1060397386721763
  ],
  "online_time_ms": [
    257.35899870982394,
    25.457142362421305
  ],
  "method": "rocbf_net",
  "condition": "s1_heat",
  "seed": 1,
  "epsilon_kappa": 1.0,
  "gp_train_time_s": 16.99522113800049,
  "train_time_s": 614.7540636062622
}