{
  "violation_rate": [
    0.0,
    0.0
  ],
  "cumulative_reward": [
    -1423.4653847888112,
    37.782764108141684
  ],
  "tracking_rmse": {
    "pressure": [
      0.310997462266032,
      0.00048629429385874985
    ],
    "enthalpy": [
      10.596314712669686,
      0.41390034191075936
    ],
    "power": [
      26.25264821124031,
      0.425703462000888
    ]
  },
  "control_cost": [
    886.7498982747396,
    24.01343248489389
  ],
  "min_barrier_value": [
    1.0710589090983074,
    0.0021140819896882123
  ],
  "online_time_ms": [
    259.0928118152078,
    7.583775795919466
  ],
  "method": "rocbf_net",
  "condition": "s3_coupled",
  "seed": 4,
  "epsilon_kappa": 1.0,
  "gp_train_time_s": 17.158573389053345,
  "train_time_s": 618.4206731319427
}