{
  "violation_rate": [
    0.0,
    0.0
  ],
  "cumulative_reward": [
    -1415.2183705965679,
    53.83982651913966
  ],
  "tracking_rmse": {
    "pressure": [
      0.31393008400541733,
      0.001572389872583223
    ],
    "enthalpy": [
      10.697581662687279,
      0.3871929147421218
    ],
    "power": [
      26.117782149522625,
      0.5131713310619634
    ]
  },
  "control_cost": [
    896.7331949869791,
    9.41053105426878
  ],
  "min_barrier_value": [
    1.0706685384114583,
    0.002144761497379224
  ],
  "online_time_ms": [
    253.47181128687225,
    6.456772514504503
  ],
  "method": "rocbf_net",
  "condition": "s3_coupled",
  "seed": 0,
  "epsilon_kappa": 1.0,
  "gp_train_time_s": 16.928888082504272,
  "train_time_s": 618.8478603363037
}