{
  "violation_rate": [
    0.0,
    0.0
  ],
  "cumulative_reward": [
    -529.3394210852372,
    20.217552613708175
  ],
  "tracking_rmse": {
    "pressure": [
      0.02348580931842323,
      0.00227435621373631
    ],
    "enthalpy": [
      10.061370231585526,
      0.0624262102848444
    ],
    "power": [
      15.941411397111047,
      0.31515992464904075
    ]
  },
  "control_cost": [
    957.3366495768229,
    43.473141405452495
  ],
  "min_barrier_value": [
    1.361581802368164,
    0.003097924472542774
  ],
  "online_time_ms": [
    261.8411774421111,
    6.7864600616488575
  ],
  "method": "rocbf_net",
  "condition": "load_following",
  "seed": 3,
  "epsilon_kappa": 1.0,
  "gp_train_time_s": 17.288795709609985,
  "train_time_s": 622.3051421642303
}