{
  "violation_rate": [
    0.0,
    0.0
  ],
  "cumulative_reward": [
    -1368.2893952528636,
    33.0407904306243
  ],
  "tracking_rmse": {
    "pressure": [
      0.2955185004457764,
      0.00046273062129586524
    ],
    "enthalpy": [
      15.440778181326664,
      0.7436189464416365
    ],
    "power": [
      25.494053129508746,
      0.41892044226849173
    ]
  },
  "control_cost": [
    886.7498982747396,
    24.01343248489389
  ],
  "min_barrier_value": [
    1.0873559315999348,
    0.0019680913400707636
  ],
  "online_time_ms": [
    252.72361876093782,
    6.766290392794935
  ],
  "method": "rocbf_net",
  "condition": "s2_pressure",
  "seed": 4,
  "epsilon_kappa": 1.0,
  "gp_train_time_s": 17.092707872390747,
  "train_time_s": 616.3215594291687
}