{
  "violation_rate": [
    0.06166666666666667,
    0.038586123009300755
  ],
  "cumulative_reward": [
    -1629.7120653962095,
    734.1864930630414
  ],
  "n_training_episodes": 200,
  "reward_history": [
    -824.3793066740036,
    -1604.2475602924824,
    -11182.908327102661,
    -1520.0596577227116,
    -966.8037948608398,
    -10753.840574264526,
    -1648.7160327136517,
    -880.9256519079208,
    -11039.266528129578,
    -10759.217794418335,
    -10761.97626876831,
    -2479.1213817298412,
    -1707.7785462737083,
    -11443.986087799072,
    -2251.082131624222,
    -2721.229537844658,
    -11734.678527832031,
    -11223.175741195679,
    -1618.1482177227736,
    -2422.6353200376034,
    -973.9976354837418,
    -2309.996582865715,
    -865.5310226678848,
    -885.0187034606934,
    -475.14637278276496,
    -10992.441298484802,
    -2412.3633951842785,
    -1538.333048760891,
    -2817.0327412188053,
    -2336.6257252693176,
    -2202.616031616926,
    -1821.8251240253448,
    -573.1079010502435,
    -870.5010703206062,
    -2411.058619916439,
    -1509.5534332096577,
    -2297.904839158058,
    -529.3117304341868,
    -977.893194437027,
    -11125.068197250366,
    -2463.327161937952,
    -480.47269881376997,
    -1808.3095250576735,
    -547.1594674412627,
    -897.8268692493439,
    -11413.275294303894,
    -2474.9909754395485,
    -10995.17284488678,
    -1696.2206991165876,
    -938.3515821993351,
    -2255.450140565634,
    -494.68194492766634,
    -1732.9404193162918,
    -2458.568435281515,
    -571.2637258507311,
    -11218.920454025269,
    -2541.016256570816,
    -2497.664005726576,
    -428.03842080710456,
    -459.6887060580775,
    -478.1340171343181,
    -1033.1100488901138,
    -1824.4776011109352,
    -11144.95719242096,
    -10621.385502815247,
    -2752.2469468414783,
    -2643.826433300972,
    -11769.991443634033,
    -11345.162197113037,
    -918.1304714679718,
    -506.9212553194375,
    -595.9291080085095,
    -2596.425272643566,
    -531.9057455407456,
    -2568.7233529388905,
    -951.5256643891335,
    -11750.865446090698,
    -468.35596483014524,
    -2674.30729752779,
    -1650.9421726763248,
    -883.8948220014572,
    -474.5129786734469,
    -2329.660499036312,
    -11530.969636917114,
    -2396.906606823206,
    -11355.359901428223,
    -2577.312515825033,
    -448.46876057691406,
    -921.0181441903114,
    -11413.182136535645,
    -571.9001503750333,
    -930.6899662613869,
    -2602.1121773421764,
    -491.81983879592735,
    -973.4904265403748,
    -991.4237754940987,
    -911.7536063790321,
    -506.89297037385404,
    -2190.3920508623123,
    -2529.4188477545977
  ],
  "epsilon_log": [
    {
      "beta": 4.359869956970215,
      "sigma_gp_mean": 0.09318232536315918,
      "sigma_gp_max": 0.2744525969028473,
      "sigma_gp_per_dim": [
        1.3718749869440217e-07,
        0.005094254855066538,
        0.2744525969028473
      ],
      "n_gp_points": 2000,
      "mu_gp_mean": 4.019429683685303,
      "mu_gp_per_dim": [
        -1.2927597481393605e-07,
        0.05427709221839905,
        -12.004011154174805
      ],
      "epsilon_per_constraint": [
        0.08230342715978622,
        0.08230342715978622,
        1.1970136165618896,
        1.1970136165618896
      ],
      "epsilon_total": 2.5586340874433517,
      "episode": 10,
      "method": "ppo_rhocbf"
    },
    {
      "beta": 4.359869956970215,
      "sigma_gp_mean": 0.09318232536315918,
      "sigma_gp_max": 0.2744525969028473,
      "sigma_gp_per_dim": [
        1.3718749869440217e-07,
        0.005094254855066538,
        0.2744525969028473
      ],
      "n_gp_points": 2000,
      "mu_gp_mean": 4.019429683685303,
      "mu_gp_per_dim": [
        -1.2927597481393605e-07,
        0.05427709221839905,
        -12.004011154174805
      ],
      "epsilon_per_constraint": [
        0.08230342715978622,
        0.08230342715978622,
        1.1970136165618896,
        1.1970136165618896
      ],
      "epsilon_total": 2.5586340874433517,
      "episode": 20,
      "method": "ppo_rhocbf"
    },
    {
      "beta": 4.359869956970215,
      "sigma_gp_mean": 0.09318232536315918,
      "sigma_gp_max": 0.2744525969028473,
      "sigma_gp_per_dim": [
        1.3718749869440217e-07,
        0.005094254855066538,
        0.2744525969028473
      ],
      "n_gp_points": 2000,
      "mu_gp_mean": 4.019429683685303,
      "mu_gp_per_dim": [
        -1.2927597481393605e-07,
        0.05427709221839905,
        -12.004011154174805
      ],
      "epsilon_per_constraint": [
        0.08230342715978622,
        0.08230342715978622,
        1.1970136165618896,
        1.1970136165618896
      ],
      "epsilon_total": 2.5586340874433517,
      "episode": 30,
      "method": "ppo_rhocbf"
    },
    {
      "beta": 4.359869956970215,
      "sigma_gp_mean": 0.09318232536315918,
      "sigma_gp_max": 0.2744525969028473,
      "sigma_gp_per_dim": [
        1.3718749869440217e-07,
        0.005094254855066538,
        0.2744525969028473
      ],
      "n_gp_points": 2000,
      "mu_gp_mean": 4.019429683685303,
      "mu_gp_per_dim": [
        -1.2927597481393605e-07,
        0.05427709221839905,
        -12.004011154174805
      ],
      "epsilon_per_constraint": [
        0.08230342715978622,
        0.08230342715978622,
        1.1970136165618896,
        1.1970136165618896
      ],
      "epsilon_total": 2.5586340874433517,
      "episode": 40,
      "method": "ppo_rhocbf"
    },
    {
      "beta": 4.359869956970215,
      "sigma_gp_mean": 0.09318232536315918,
      "sigma_gp_max": 0.2744525969028473,
      "sigma_gp_per_dim": [
        1.3718749869440217e-07,
        0.005094254855066538,
        0.2744525969028473
      ],
      "n_gp_points": 2000,
      "mu_gp_mean": 4.019429683685303,
      "mu_gp_per_dim": [
        -1.2927597481393605e-07,
        0.05427709221839905,
        -12.004011154174805
      ],
      "epsilon_per_constraint": [
        0.08230342715978622,
        0.08230342715978622,
        1.1970136165618896,
        1.1970136165618896
      ],
      "epsilon_total": 2.5586340874433517,
      "episode": 50,
      "method": "ppo_rhocbf"
    },
    {
      "beta": 4.359869956970215,
      "sigma_gp_mean": 0.09318232536315918,
      "sigma_gp_max": 0.2744525969028473,
      "sigma_gp_per_dim": [
        1.3718749869440217e-07,
        0.005094254855066538,
        0.2744525969028473
      ],
      "n_gp_points": 2000,
      "mu_gp_mean": 4.019429683685303,
      "mu_gp_per_dim": [
        -1.2927597481393605e-07,
        0.05427709221839905,
        -12.004011154174805
      ],
      "epsilon_per_constraint": [
        0.08230342715978622,
        0.08230342715978622,
        1.1970136165618896,
        1.1970136165618896
      ],
      "epsilon_total": 2.5586340874433517,
      "episode": 60,
      "method": "ppo_rhocbf"
    },
    {
      "beta": 4.359869956970215,
      "sigma_gp_mean": 0.09318232536315918,
      "sigma_gp_max": 0.2744525969028473,
      "sigma_gp_per_dim": [
        1.3718749869440217e-07,
        0.005094254855066538,
        0.2744525969028473
      ],
      "n_gp_points": 2000,
      "mu_gp_mean": 4.019429683685303,
      "mu_gp_per_dim": [
        -1.2927597481393605e-07,
        0.05427709221839905,
        -12.004011154174805
      ],
      "epsilon_per_constraint": [
        0.08230342715978622,
        0.08230342715978622,
        1.1970136165618896,
        1.1970136165618896
      ],
      "epsilon_total": 2.5586340874433517,
      "episode": 70,
      "method": "ppo_rhocbf"
    },
    {
      "beta": 4.359869956970215,
      "sigma_gp_mean": 0.09318232536315918,
      "sigma_gp_max": 0.2744525969028473,
      "sigma_gp_per_dim": [
        1.3718749869440217e-07,
        0.005094254855066538,
        0.2744525969028473
      ],
      "n_gp_points": 2000,
      "mu_gp_mean": 4.019429683685303,
      "mu_gp_per_dim": [
        -1.2927597481393605e-07,
        0.05427709221839905,
        -12.004011154174805
      ],