{
  "violation_rate": [
    0.20166666666666666,
    0.0777102881791651
  ],
  "cumulative_reward": [
    -1611.6999517108004,
    409.91126239551653
  ],
  "n_training_episodes": 200,
  "reward_history": [
    -861.3492654561996,
    -10656.14336013794,
    -10920.035154342651,
    -893.1194004416466,
    -485.8144520247588,
    -11074.619005203247,
    -1484.273728840053,
    -2284.0809708833694,
    -2532.369311839342,
    -11277.866289138794,
    -868.5294178724289,
    -2330.9302218556404,
    -11190.834529876709,
    -11189.394061088562,
    -10966.635885238647,
    -442.89490364911035,
    -11522.749320983887,
    -10784.670162200928,
    -11042.506736755371,
    -11199.73415851593,
    -1000.5948893427849,
    -11006.532411575317,
    -943.0063602924347,
    -902.3508151769638,
    -10953.676950454712,
    -937.0740358233452,
    -2172.666276872158,
    -470.12065289355814,
    -476.48081608163193,
    -1687.3167582452297,
    -1689.68294711411,
    -933.7219377160072,
    -1680.7198986113071,
    -936.0358217954636,
    -479.74427830276545,
    -2445.917454779148,
    -917.8850402235985,
    -912.4053286910057,
    -563.4654589310521,
    -2454.338377803564,
    -11276.587634086609,
    -2698.0923795700073,
    -483.08782004890963,
    -1871.748621724546,
    -552.9320361793507,
    -575.0900697153993,
    -444.5167575129308,
    -481.06569115817547,
    -2340.4388884305954,
    -1817.6173827052116,
    -11646.951961517334,
    -11357.64224243164,
    -523.3383580823429,
    -937.1943700313568,
    -1686.846704877913,
    -11285.826707839966,
    -2489.243257164955,
    -603.3965860307217,
    -527.4434457363095,
    -10880.117648124695,
    -595.5701450044289,
    -2654.5565446317196,
    -11352.228476524353,
    -1050.3036556243896,
    -2431.346267014742,
    -542.7051005277317,
    -513.374217055738,
    -11156.826239585876,
    -11400.91842842102,
    -11105.279348373413,
    -534.8382476803381,
    -1653.1038109362125,
    -2622.38920968771,
    -1408.0060522407293,
    -2437.59365580976,
    -1003.0957455635071,
    -1737.7950827777386,
    -11051.356185913086,
    -11766.345080375671,
    -11362.246578216553,
    -1681.9201987832785,
    -2524.1717798113823,
    -10928.910477161407,
    -943.4937181472778,
    -518.3556401785463,
    -956.7630552053452,
    -2229.135514885187,
    -895.2408480644226,
    -1491.35589286685,
    -11269.074054718018,
    -11119.630158424377,
    -846.5148397684097,
    -1754.0558177754283,
    -11188.425398349762,
    -1657.6364275813103,
    -11590.83156299591,
    -516.5041513182223,
    -11064.599756240845,
    -888.0311731100082,
    -982.4009335041046
  ],
  "epsilon_log": [
    {
      "beta": 4.359869956970215,
      "sigma_gp_mean": 0.09864869713783264,
      "sigma_gp_max": 0.2746347188949585,
      "sigma_gp_per_dim": [
        0.009999999776482582,
        0.011311396025121212,
        0.2746347188949585
      ],
      "n_gp_points": 2000,
      "mu_gp_mean": 4.016592502593994,
      "mu_gp_per_dim": [
        -1.2927688430863782e-07,
        0.0492817759513855,
        -12.000494956970215
      ],
      "epsilon_per_constraint": [
        0.18439684808254242,
        0.18439684808254242,
        1.1978075504302979,
        1.1978075504302979
      ],
      "epsilon_total": 2.7644087970256805,
      "episode": 10,
      "method": "rocbf_net"
    },
    {
      "beta": 4.359869956970215,
      "sigma_gp_mean": 0.09864869713783264,
      "sigma_gp_max": 0.2746347188949585,
      "sigma_gp_per_dim": [
        0.009999999776482582,
        0.011311396025121212,
        0.2746347188949585
      ],
      "n_gp_points": 2000,
      "mu_gp_mean": 4.016592502593994,
      "mu_gp_per_dim": [
        -1.2927688430863782e-07,
        0.0492817759513855,
        -12.000494956970215
      ],
      "epsilon_per_constraint": [
        0.18439684808254242,
        0.18439684808254242,
        1.1978075504302979,
        1.1978075504302979
      ],
      "epsilon_total": 2.7644087970256805,
      "episode": 20,
      "method": "rocbf_net"
    },
    {
      "beta": 4.359869956970215,
      "sigma_gp_mean": 0.09864869713783264,
      "sigma_gp_max": 0.2746347188949585,
      "sigma_gp_per_dim": [
        0.009999999776482582,
        0.011311396025121212,
        0.2746347188949585
      ],
      "n_gp_points": 2000,
      "mu_gp_mean": 4.016592502593994,
      "mu_gp_per_dim": [
        -1.2927688430863782e-07,
        0.0492817759513855,
        -12.000494956970215
      ],
      "epsilon_per_constraint": [
        0.18439684808254242,
        0.18439684808254242,
        1.1978075504302979,
        1.1978075504302979
      ],
      "epsilon_total": 2.7644087970256805,
      "episode": 30,
      "method": "rocbf_net"
    },
    {
      "beta": 4.359869956970215,
      "sigma_gp_mean": 0.09864869713783264,
      "sigma_gp_max": 0.2746347188949585,
      "sigma_gp_per_dim": [
        0.009999999776482582,
        0.011311396025121212,
        0.2746347188949585
      ],
      "n_gp_points": 2000,
      "mu_gp_mean": 4.016592502593994,
      "mu_gp_per_dim": [
        -1.2927688430863782e-07,
        0.0492817759513855,
        -12.000494956970215
      ],
      "epsilon_per_constraint": [
        0.18439684808254242,
        0.18439684808254242,
        1.1978075504302979,
        1.1978075504302979
      ],
      "epsilon_total": 2.7644087970256805,
      "episode": 40,
      "method": "rocbf_net"
    },
    {
      "beta": 4.406124591827393,
      "sigma_gp_mean": 0.01708577387034893,
      "sigma_gp_max": 0.03058146871626377,
      "sigma_gp_per_dim": [
        0.009999999776482582,
        0.010675853118300438,
        0.03058146871626377
      ],
      "n_gp_points": 3000,
      "mu_gp_mean": 4.0440354347229,
      "mu_gp_per_dim": [
        -2.3184014708022005e-09,
        0.08824533224105835,
        -12.04386043548584
      ],
      "epsilon_per_constraint": [
        0.17615006864070892,
        0.17615006864070892,
        0.13518637418746948,
        0.13518637418746948
      ],
      "epsilon_total": 0.6226728856563568,
      "episode": 50,
      "method": "rocbf_net"
    },
    {
      "beta": 4.406124591827393,
      "sigma_gp_mean": 0.01708577387034893,
      "sigma_gp_max": 0.03058146871626377,
      "sigma_gp_per_dim": [
        0.009999999776482582,
        0.010675853118300438,
        0.03058146871626377
      ],
      "n_gp_points": 3000,
      "mu_gp_mean": 4.0440354347229,
      "mu_gp_per_dim": [
        -2.3184014708022005e-09,
        0.08824533224105835,
        -12.04386043548584
      ],
      "epsilon_per_constraint": [
        0.17615006864070892,
        0.17615006864070892,
        0.13518637418746948,
        0.13518637418746948
      ],
      "epsilon_total": 0.6226728856563568,
      "episode": 60,
      "method": "rocbf_net"
    },
    {
      "beta": 4.406124591827393,
      "sigma_gp_mean": 0.01708577387034893,
      "sigma_gp_max": 0.03058146871626377,
      "sigma_gp_per_dim": [
        0.009999999776482582,
        0.010675853118300438,
        0.03058146871626377
      ],
      "n_gp_points": 3000,
      "mu_gp_mean": 4.0440354347229,
      "mu_gp_per_dim": [
        -2.3184014708022005e-09,
        0.08824533224105835,
        -12.04386043548584
      ],
      "epsilon_per_constraint": [
        0.17615006864070892,
        0.17615006864070892,
        0.13518637418746948,
        0.13518637418746948
      ],
      "epsilon_total": 0.6226728856563568,
      "episode": 70,
      "method": "rocbf_net"
    },
    {
      "beta": 4.406124591827393,
      "sigma_gp_mean": 0.01708577387034893,
      "sigma_gp_max": 0.03058146871626377,
      "sigma_gp_per_dim": [
        0.009999999776482582,
        0.010675853118300438,
        0.03058146871626377
      ],
      "n_gp_points": 3000,
      "mu_gp_mean": 4.0440354347229,
      "mu_gp_per_dim": [
        -2.3184014708022005e-09,
        0.08824533224105835,
        -12.04386043548584
      ],