{
  "s5_step": {
    "nmpc": {
      "violation_rates": [
        0.02,
        0.02,
        0.02,
        0.02,
        0.02
      ],
      "hocbf_violation_rates": [
        0.02,
        0.02,
        0.02,
        0.02,
        0.02
      ],
      "rewards": [
        -42.97340673147755,
        -42.95927085074527,
        -42.95927049810507,
        -42.959257877208984,
        -42.959302602565
      ],
      "solve_times": [
        250.6660724027703,
        247.88001025638854,
        249.7905513496759,
        246.63496750484532,
        246.67612727731466
      ],
      "epsilon_log": []
    },
    "rocbf_net_fixed": {
      "violation_rates": [
        0.96,
        0.9366666666666666,
        0.96,
        0.9533333333333334,
        0.9433333333333334,
        0.9766666666666667,
        0.95,
        0.9833333333333333,
        0.9633333333333334,
        0.9766666666666667,
        0.98,
        0.9833333333333333,
        0.9566666666666667,
        0.9633333333333334,
        0.96,
        0.9466666666666667,
        0.9566666666666667,
        0.9633333333333334,
        0.9466666666666667,
        0.9666666666666667
      ],
      "hocbf_violation_rates": [
        0.016666666666666666,
        0.03,
        0.016666666666666666,
        0.023333333333333334,
        0.023333333333333334,
        0.006666666666666667,
        0.023333333333333334,
        0.006666666666666667,
        0.006666666666666667,
        0.0033333333333333335,
        0.01,
        0.016666666666666666,
        0.016666666666666666,
        0.03,
        0.03333333333333333,
        0.006666666666666667,
        0.016666666666666666,
        0.023333333333333334,
        0.02,
        0.02
      ],
      "rewards": [
        -10134.65659686923,
        -9828.781089156866,
        -10145.348895199597,
        -9981.459583714604,
        -9932.12755124271,
        -10436.20046389103,
        -10019.639104947448,
        -10442.896688401699,
        -10250.634541779757,
        -10422.386988162994,
        -10410.426040261984,
        -10405.587641328573,
        -10098.563239865005,
        -10051.767413198948,
        -10066.127098068595,
        -10147.501327231526,
        -10223.046523928642,
        -10153.912427514791,
        -10099.825163543224,
        -10228.093576654792
      ],
      "solve_times": [
        7.187590300260733,
        5.8452008897438645,
        5.837431573309004,
        5.802514511936654,
        5.824296646751463,
        5.84450908160458,
        5.738866406027228,
        5.8514466672204435,
        5.871205343088756,
        5.91447996829326,
        5.91166401359563,
        5.912684644572437,
        5.935410080322375,
        5.938515085726976,
        5.845196368948867,
        5.846377590981622,
        5.824335336219519,
        5.922368442794929,
        5.850735285785049,
        5.897009603213519
      ],
      "epsilon_log": [
        42.27373257100582,
        41.7396392228206,
        42.48745694259802,
        42.06935289800167,
        41.93190711756547,
        42.71688541829586,
        42.04729334930579,
        42.953842160900436,
        42.53871434311072,
        43.07434757014116,
        42.88707423945268,
        42.600856212973596,
        42.018984417319295,
        41.920304970145224,
        41.664195687969524,
        42.48715886851152,
        42.139787411093714,
        42.23790483891964,
        42.26089575231075,
        42.35211752355099
      ]
    },
    "rocbf_net_online": {
      "violation_rates": [
        0.68,
        0.6533333333333333,
        0.6966666666666667,
        0.6633333333333333,
        0.6733333333333333,
        0.7,
        0.6666666666666666,
        0.7,
        0.6933333333333334,
        0.7033333333333334,
        0.7466666666666667,
        0.7566666666666667,
        0.73,
        0.7566666666666667,
        0.73,
        0.71,
        0.7233333333333334,
        0.76,
        0.7233333333333334,
        0.73
      ],
      "hocbf_violation_rates": [
        0.03666666666666667,
        0.06333333333333334,
        0.03333333333333333,
        0.03666666666666667,
        0.043333333333333335,
        0.02666666666666667,
        0.04,
        0.043333333333333335,
        0.03666666666666667,
        0.03666666666666667,
        0.04666666666666667,
        0.056666666666666664,
        0.06,
        0.06666666666666667,
        0.07666666666666666,
        0.016666666666666666,
        0.03333333333333333,
        0.03666666666666667,
        0.043333333333333335,
        0.056666666666666664
      ],
      "rewards": [
        -7192.441582622938,
        -6817.619375662878,
        -7483.29737784341,
        -7043.141671363264,
        -7080.85182763543,
        -7629.522286341526,
        -7106.26448072819,
        -7362.732644273201,
        -7408.82943831454,
        -7530.1281389296055,
        -7834.7920637354255,
        -7877.844368226826,
        -7575.624956563115,
        -7785.016540981829,
        -7554.983424246311,
        -7791.529449492693,
        -7779.45373461023,
        -8080.774702347815,
        -7762.795704580843,
        -7568.326770342886
      ],
      "solve_times": [
        7.435737046568344,
        6.804461337936421,
        6.767016026812295,
        6.881627563852817,
        6.773089486329506,
        6.998789956172307,
        6.789168786102285,
        6.747633452372004,
        7.168197295007606,
        6.855998406341921,
        6.913713628115754,
        6.9751803468291955,
        6.93702995001028,
        7.052991232679536,
        6.865119341139992,
        7.004254503796498,
        6.8419874568159385,
        6.956866515489916,
        6.885975943102191,
        6.822320064529777
      ],
      "epsilon_log": [
        61.34558475494385,
        60.76731438954671,
        61.58596046447754,
        61.195259488423666,
        61.1266028213501,
        61.8577075958252,
        60.96160354614258,
        61.9950474802653,
        61.602066853841144,
        62.09342431386312,
        45.75597433725993,
        47.277109731038415,
        47.13002633412679,
        46.893905092875166,
        47.33594881693522,
        45.93109210968018,
        47.08120911916097,
        46.27875335693359,
        46.94203016916911,
        46.29229159037272
      ]
    }
  },
  "s6_fast_step": {
    "nmpc": {
      "violation_rates": [
        0.05,
        0.05,
        0.05,
        0.05,
        0.05
      ],
      "hocbf_violation_rates": [
        0.05,
        0.05,
        0.05,
        0.05,
        0.05
      ],
      "rewards": [
        -98.68844133376115,
        -98.67030700080431,
        -98.67076879354317,
        -98.67079107909922,
        -98.67051717406684
      ],
      "solve_times": [
        365.9787609637715,
        363.0142115196213,
        375.89615349580225,
        368.08501691867906,
        370.3788777502875
      ],
      "epsilon_log": []
    },
    "rocbf_net_fixed": {
      "violation_rates": [
        0.9533333333333334,
        0.9533333333333334,
        0.9633333333333334,
        0.9366666666666666,
        0.98,
        0.98,
        0.9366666666666666,
        0.97,
        0.9666666666666667,
        0.99,
        0.9866666666666667,
        0.97,
        0.97,
        0.9666666666666667,
        0.9366666666666666,
        0.97,
        0.9266666666666666,
        0.9566666666666667,
        0.97,
        0.9433333333333334
      ],