{
  "violation_rate": [
    0.0016666666666666668,
    0.0023570226039551583
  ],
  "cbf_violation_rate": [
    0.0,
    0.0
  ],
  "cumulative_reward": [
    -643.8825106024742,
    47.613542333445665
  ],
  "tracking_rmse": {
    "pressure": [
      0.02217925656910813,
      0.0022366773870126583
    ],
    "enthalpy": [
      27.794151232118754,
      0.07967357441555123
    ],
    "power": [
      15.60396003663657,
      0.7711465849360697
    ]
  },
  "control_cost": [
    1979.4724527994792,
    21.599427529944993
  ],
  "min_barrier_value": [
    -1.7464599609375,
    2.532015419839622
  ],
  "online_time_ms": [
    908.4345177273887,
    46.74008156487371
  ],
  "convergence_episode": 200,
  "n_training_episodes": 200,
  "reward_history": [
    -894.5664590001106,
    -876.808809876442,
    -861.8213749527931,
    -905.3739055991173,
    -930.4411445260048,
    -970.4720676541328,
    -963.5490220785141,
    -916.4114093780518,
    -853.1460904181004,
    -882.3555698394775,
    -886.7797220945358,
    -877.6133840680122,
    -1040.7279947400093,
    -917.6402898430824,
    -912.8524715900421,
    -956.5915704369545,
    -882.5107112526894,
    -967.8789137601852,
    -965.8526431322098,
    -889.5752974152565,
    -978.2197898626328,
    -812.0005642175674,
    -930.1938936114311,
    -990.2375046610832,
    -888.633117377758,
    -836.1768199205399,
    -886.4822424054146,
    -933.9899119734764,
    -902.2588344216347,
    -920.3157595992088,
    -926.2679069638252,
    -882.3309818506241,
    -923.4817994236946,
    -922.5827741026878,
    -887.3662840127945,
    -994.8959785699844,
    -891.10681027174,
    -907.9690445661545,
    -896.6756430268288,
    -934.4836157560349,
    -949.5534312725067,
    -899.9606354832649,
    -993.4077767133713,
    -903.6676125824451,
    -932.1894196271896,
    -939.5354990959167,
    -872.1207258701324,
    -854.922623872757,
    -869.990780889988,
    -947.4041409492493,
    -931.2251699566841,
    -1055.9865666627884,
    -928.1552714109421,
    -876.1174866557121,
    -1027.308987736702,
    -972.3822515010834,
    -909.7713514566422,
    -952.3510580062866,
    -936.7733691930771,
    -1021.3258649110794,
    -918.2439782619476,
    -865.0440469384193,
    -921.3553465008736,
    -879.0168703198433,
    -939.2388511300087,
    -1026.5119723677635,
    -858.8490946292877,
    -982.0707122087479,
    -893.0403435230255,
    -898.5973623394966,
    -912.9600802659988,
    -978.8474441766739,
    -938.0659899711609,
    -966.6101150512695,
    -832.276760160923,
    -894.4548630714417,
    -868.872576713562,
    -974.9821370840073,
    -1009.1960485577583,
    -873.6612028479576,
    -863.2034480571747,
    -949.5468220710754,
    -896.0241209864616,
    -971.8304022550583,
    -1007.833328127861,
    -1046.0571623444557,
    -919.1605736613274,
    -921.2564851045609,
    -905.5658432245255,
    -985.0784139037132,
    -903.576442182064,
    -952.793824493885,
    -945.6870313882828,
    -931.1495813727379,
    -976.1386719942093,
    -1041.4692322611809,
    -994.5700789690018,
    -887.5731090307236,
    -946.8471182584763,
    -863.3878536820412
  ],
  "epsilon_log": [
    {
      "episode": 50,
      "n_gp_points": 2000,
      "epsilon_total": 0.4152263477444649,
      "epsilon_per_constraint": [
        0.16357846558094025,
        0.16357846558094025,
        0.04403470829129219,
        0.04403470829129219
      ],
      "sigma_gp_mean": 0.010000001639127731,
      "sigma_gp_max": 0.01000000536441803,
      "mu_gp_mean": -16.666656494140625
    },
    {
      "episode": 100,
      "n_gp_points": 2000,
      "epsilon_total": 0.4152263477444649,
      "epsilon_per_constraint": [
        0.16357846558094025,
        0.16357846558094025,
        0.04403470829129219,
        0.04403470829129219
      ],
      "sigma_gp_mean": 0.010000001639127731,
      "sigma_gp_max": 0.01000000536441803,
      "mu_gp_mean": -16.666656494140625
    },
    {
      "episode": 150,
      "n_gp_points": 2000,
      "epsilon_total": 0.4152263477444649,
      "epsilon_per_constraint": [
        0.16357846558094025,
        0.16357846558094025,
        0.04403470829129219,
        0.04403470829129219
      ],
      "sigma_gp_mean": 0.010000001639127731,
      "sigma_gp_max": 0.01000000536441803,
      "mu_gp_mean": -16.666656494140625
    },
    {
      "episode": 200,
      "n_gp_points": 2000,
      "epsilon_total": 0.4152263477444649,
      "epsilon_per_constraint": [
        0.16357846558094025,
        0.16357846558094025,
        0.04403470829129219,
        0.04403470829129219
      ],
      "sigma_gp_mean": 0.010000001639127731,
      "sigma_gp_max": 0.01000000536441803,
      "mu_gp_mean": -16.666656494140625
    }
  ]
}