{
  "violation_rate": [
    0.0,
    0.0
  ],
  "cbf_violation_rate": [
    0.0,
    0.0
  ],
  "cumulative_reward": [
    -592.7412549455961,
    28.558736636719125
  ],
  "tracking_rmse": {
    "pressure": [
      0.021045513555572392,
      0.0027285839708729247
    ],
    "enthalpy": [
      27.850979724960677,
      0.02130832146705073
    ],
    "power": [
      14.763412630648228,
      0.48503645064940276
    ]
  },
  "control_cost": [
    1918.447265625,
    49.39148320660561
  ],
  "min_barrier_value": [
    0.0439453125,
    0.0
  ],
  "online_time_ms": [
    905.7599464567223,
    39.02954772992521
  ],
  "convergence_episode": 200,
  "n_training_episodes": 200,
  "reward_history": [
    -958.6019939184189,
    -886.314024746418,
    -957.6517890691757,
    -875.7849465608597,
    -910.4074767231941,
    -899.2110893130302,
    -849.239676117897,
    -956.839723110199,
    -997.852266907692,
    -816.3589668273926,
    -914.2750831246376,
    -951.2110622525215,
    -950.4092540740967,
    -977.293075799942,
    -989.5177446603775,
    -901.9683122038841,
    -889.2699102163315,
    -839.9119375944138,
    -944.2210513353348,
    -944.9708943367004,
    -905.6076781153679,
    -928.4599393606186,
    -989.5929784178734,
    -950.7345309257507,
    -844.619262099266,
    -879.2240667939186,
    -943.3515521585941,
    -916.6669101715088,
    -939.8103138506413,
    -990.5811786651611,
    -827.541471362114,
    -929.0318874120712,
    -973.8639522194862,
    -811.9370737075806,
    -933.9202590584755,
    -891.7913611531258,
    -826.9124603271484,
    -925.0819262266159,
    -899.1506114006042,
    -988.9898931980133,
    -934.2925691604614,
    -989.2823387980461,
    -982.1881306767464,
    -997.0728150606155,
    -926.3995232582092,
    -913.8613025546074,
    -946.9642857909203,
    -925.7660731673241,
    -961.1931720972061,
    -847.272710621357,
    -952.7841369509697,
    -909.4935881495476,
    -1011.5108752846718,
    -902.0044516921043,
    -988.4395671486855,
    -990.9106382131577,
    -934.3460048437119,
    -1019.7940999269485,
    -1007.3178977966309,
    -942.1705226898193,
    -884.6779460906982,
    -871.5931659638882,
    -991.6730132102966,
    -885.0089732408524,
    -931.8445725440979,
    -923.4005143046379,
    -922.3550228476524,
    -906.8508358597755,
    -1006.645942568779,
    -910.4587125778198,
    -912.3029389381409,
    -881.9883010983467,
    -843.4835132360458,
    -877.7606141269207,
    -922.1603760719299,
    -947.0306586027145,
    -1009.0818277001381,
    -947.2907248139381,
    -961.3589860796928,
    -927.1947763562202,
    -985.5590161681175,
    -949.7304564714432,
    -965.5457080006599,
    -951.2782508134842,
    -929.3357568979263,
    -986.4848549365997,
    -999.5431645512581,
    -950.660402238369,
    -963.0683490037918,
    -920.064733684063,
    -922.2223856449127,
    -881.2126422226429,
    -912.5290219783783,
    -976.4507132768631,
    -1054.228865325451,
    -942.1744814515114,
    -906.6415928900242,
    -913.0136340558529,
    -938.2343113422394,
    -935.8722191751003
  ],
  "epsilon_log": [
    {
      "episode": 50,
      "n_gp_points": 2000,
      "epsilon_total": 0.41522636264562607,
      "epsilon_per_constraint": [
        0.16357846558094025,
        0.16357846558094025,
        0.04403471574187279,
        0.04403471574187279
      ],
      "sigma_gp_mean": 0.010000002570450306,
      "sigma_gp_max": 0.010000007227063179,
      "mu_gp_mean": -16.66665267944336
    },
    {
      "episode": 100,
      "n_gp_points": 2000,
      "epsilon_total": 0.41522636264562607,
      "epsilon_per_constraint": [
        0.16357846558094025,
        0.16357846558094025,
        0.04403471574187279,
        0.04403471574187279
      ],
      "sigma_gp_mean": 0.010000002570450306,
      "sigma_gp_max": 0.010000007227063179,
      "mu_gp_mean": -16.66665267944336
    },
    {
      "episode": 150,
      "n_gp_points": 2000,
      "epsilon_total": 0.41522636264562607,
      "epsilon_per_constraint": [
        0.16357846558094025,
        0.16357846558094025,
        0.04403471574187279,
        0.04403471574187279
      ],
      "sigma_gp_mean": 0.010000002570450306,
      "sigma_gp_max": 0.010000007227063179,
      "mu_gp_mean": -16.66665267944336
    },
    {
      "episode": 200,
      "n_gp_points": 2000,
      "epsilon_total": 0.41522636264562607,
      "epsilon_per_constraint": [
        0.16357846558094025,
        0.16357846558094025,
        0.04403471574187279,
        0.04403471574187279
      ],
      "sigma_gp_mean": 0.010000002570450306,
      "sigma_gp_max": 0.010000007227063179,
      "mu_gp_mean": -16.66665267944336
    }
  ]
}