{
  "violation_rate": [
    0.0016666666666666668,
    0.0023570226039551583
  ],
  "cbf_violation_rate": [
    0.0,
    0.0
  ],
  "cumulative_reward": [
    -653.8068500459194,
    30.045289793743326
  ],
  "tracking_rmse": {
    "pressure": [
      0.023026593395189223,
      0.0010925578180648059
    ],
    "enthalpy": [
      27.81989113730606,
      0.03592946189174574
    ],
    "power": [
      15.770278239228722,
      0.47140638203587604
    ]
  },
  "control_cost": [
    1998.0470377604167,
    38.97235804117831
  ],
  "min_barrier_value": [
    -0.8132731119791666,
    1.2122899218145342
  ],
  "online_time_ms": [
    898.1923115831645,
    38.68981798982462
  ],
  "convergence_episode": 200,
  "n_training_episodes": 200,
  "reward_history": [
    -889.1506037116051,
    -908.5117047429085,
    -925.2286028862,
    -920.4135595560074,
    -940.8651878237724,
    -972.80110424757,
    -870.3332329392433,
    -965.5168832540512,
    -853.932405591011,
    -891.7297579050064,
    -901.8994104862213,
    -807.6108480095863,
    -805.3785399198532,
    -1044.486277937889,
    -929.1417832374573,
    -959.28071808815,
    -856.3800188302994,
    -902.5409175157547,
    -913.2326378822327,
    -881.8199107646942,
    -790.2639494240284,
    -907.8720336556435,
    -976.3945505023003,
    -901.3971998989582,
    -971.5482938289642,
    -959.0507178902626,
    -914.9148485064507,
    -875.7004650235176,
    -1021.7209205627441,
    -939.8481732606888,
    -1030.2240532636642,
    -856.7371696233749,
    -955.6599015593529,
    -903.8690785765648,
    -1016.2709903717041,
    -1003.3717740178108,
    -948.8946280479431,
    -942.2510017752647,
    -911.4738374948502,
    -891.3494606614113,
    -879.9498998522758,
    -835.6689751148224,
    -868.1613527536392,
    -818.3452657163143,
    -856.3386551737785,
    -991.1170064210892,
    -897.4041568040848,
    -960.4063463807106,
    -878.9364563822746,
    -827.8081167936325,
    -960.1679884195328,
    -934.7155632674694,
    -878.7253606319427,
    -892.5211919546127,
    -914.720089495182,
    -999.9672239124775,
    -911.4741768836975,
    -872.2159236073494,
    -837.6493098735809,
    -965.1191799640656,
    -920.8358088731766,
    -925.8313540220261,
    -908.0971156358719,
    -907.7397918701172,
    -947.4341613054276,
    -967.507457613945,
    -941.2932474017143,
    -925.4306617975235,
    -1020.5007131099701,
    -885.0468370318413,
    -969.5007875561714,
    -875.1597834229469,
    -894.8344386219978,
    -903.986828148365,
    -938.324255168438,
    -974.3498191833496,
    -983.4931377768517,
    -895.089097738266,
    -942.6439728140831,
    -992.6599633097649,
    -979.7567755579948,
    -997.1500430703163,
    -952.4941089749336,
    -889.2829037904739,
    -962.9330173134804,
    -975.2632445991039,
    -1004.1877456307411,
    -921.3021315932274,
    -989.3673340678215,
    -987.016656935215,
    -910.1013237833977,
    -938.7773021161556,
    -847.089883685112,
    -967.8629254698753,
    -1005.2824515104294,
    -879.5642041563988,
    -902.9982299804688,
    -889.3369435071945,
    -894.3128468990326,
    -977.7114526629448
  ],
  "epsilon_log": [
    {
      "episode": 50,
      "n_gp_points": 2000,
      "epsilon_total": 0.4152263328433037,
      "epsilon_per_constraint": [
        0.16357846558094025,
        0.16357846558094025,
        0.044034700840711594,
        0.044034700840711594
      ],
      "sigma_gp_mean": 0.010000001639127731,
      "sigma_gp_max": 0.01000000350177288,
      "mu_gp_mean": -16.666656494140625
    },
    {
      "episode": 100,
      "n_gp_points": 2000,
      "epsilon_total": 0.4152263328433037,
      "epsilon_per_constraint": [
        0.16357846558094025,
        0.16357846558094025,
        0.044034700840711594,
        0.044034700840711594
      ],
      "sigma_gp_mean": 0.010000001639127731,
      "sigma_gp_max": 0.01000000350177288,
      "mu_gp_mean": -16.666656494140625
    },
    {
      "episode": 150,
      "n_gp_points": 2000,
      "epsilon_total": 0.4152263328433037,
      "epsilon_per_constraint": [
        0.16357846558094025,
        0.16357846558094025,
        0.044034700840711594,
        0.044034700840711594
      ],
      "sigma_gp_mean": 0.010000001639127731,
      "sigma_gp_max": 0.01000000350177288,
      "mu_gp_mean": -16.666656494140625
    },
    {
      "episode": 200,
      "n_gp_points": 2000,
      "epsilon_total": 0.4152263328433037,
      "epsilon_per_constraint": [
        0.16357846558094025,
        0.16357846558094025,
        0.044034700840711594,
        0.044034700840711594
      ],
      "sigma_gp_mean": 0.010000001639127731,
      "sigma_gp_max": 0.01000000350177288,
      "mu_gp_mean": -16.666656494140625
    }
  ]
}