{
  "violation_rate": [
    0.49666666666666665,
    0.0023570226039551605
  ],
  "cbf_violation_rate": [
    0.49499999999999994,
    5.551115123125783e-17
  ],
  "cumulative_reward": [
    -665.5656390140454,
    69.11461193437607
  ],
  "tracking_rmse": {
    "pressure": [
      0.0213625772535426,
      0.0016650585628993119
    ],
    "enthalpy": [
      28.288930621704242,
      0.26839533409835353
    ],
    "power": [
      15.836475581527893,
      1.0913438928325838
    ]
  },
  "control_cost": [
    2039.0512288411458,
    68.74216818158631
  ],
  "min_barrier_value": [
    -13.488037109375,
    7.854061092270893
  ],
  "online_time_ms": [
    941.0145926855815,
    71.33093531159089
  ],
  "convergence_episode": 200,
  "n_training_episodes": 200,
  "reward_history": [
    -897.7198457121849,
    -931.2408655881882,
    -927.5750825405121,
    -827.7201871275902,
    -896.8547534942627,
    -938.6012078523636,
    -902.4514945149422,
    -1012.3314718604088,
    -879.8330280184746,
    -931.5551767349243,
    -981.6558380126953,
    -973.8948400020599,
    -894.8742302954197,
    -900.5278083086014,
    -863.2834121584892,
    -969.8226299881935,
    -952.936824798584,
    -919.2665098905563,
    -962.9450857639313,
    -959.8288533687592,
    -926.4365170001984,
    -910.3429250717163,
    -926.6148052215576,
    -944.3723069429398,
    -867.1119393706322,
    -997.1356955766678,
    -983.2143313288689,
    -943.7505699396133,
    -841.6234036684036,
    -882.2214401364326,
    -863.6573998332024,
    -894.6562211513519,
    -965.6064686775208,
    -974.3380126059055,
    -931.0585953593254,
    -932.3669288158417,
    -910.0110469460487,
    -935.1593003869057,
    -851.5223516821861,
    -930.9912202358246,
    -836.5791546702385,
    -904.7781738042831,
    -921.064361333847,
    -939.6336004137993,
    -878.0124465227127,
    -1028.8106813430786,
    -900.7946130633354,
    -913.1573987007141,
    -864.653771340847,
    -968.3469969034195,
    -926.9769584536552,
    -906.0327181816101,
    -886.1269562840462,
    -902.0079978108406,
    -928.7801012396812,
    -936.7057357430458,
    -977.8978093266487,
    -939.4238456189632,
    -953.6864812374115,
    -947.7295708656311,
    -930.8902243375778,
    -926.4034798741341,
    -955.2826433181763,
    -943.5294334888458,
    -904.515911757946,
    -918.0615987181664,
    -876.1991972923279,
    -958.8682285547256,
    -874.1637383103371,
    -884.832227230072,
    -1009.567779302597,
    -880.6258588433266,
    -970.5275377035141,
    -876.9767189621925,
    -870.082062125206,
    -939.9723137021065,
    -927.5411581993103,
    -1014.6022988557816,
    -871.0499569773674,
    -1000.0708581805229,
    -983.6618757247925,
    -905.6351240575314,
    -924.5842177867889,
    -950.7530514001846,
    -881.6027271747589,
    -995.2797737717628,
    -1038.9520108699799,
    -973.0251296162605,
    -934.8657214045525,
    -966.5840310454369,
    -1014.9966220855713,
    -912.1336680054665,
    -1003.0186402797699,
    -982.2912403941154,
    -973.9000622034073,
    -819.0614461302757,
    -919.8103181421757,
    -993.0499268174171,
    -934.877705514431,
    -1061.07954287529
  ],
  "epsilon_log": [
    {
      "episode": 50,
      "n_gp_points": 2200,
      "epsilon_total": 0.4162660241127014,
      "epsilon_per_constraint": [
        0.16398805379867554,
        0.16398805379867554,
        0.04414495825767517,
        0.04414495825767517
      ],
      "sigma_gp_mean": 0.010000001639127731,
      "sigma_gp_max": 0.01000000350177288,
      "mu_gp_mean": -16.666656494140625
    },
    {
      "episode": 100,
      "n_gp_points": 2400,
      "epsilon_total": 0.41721294075250626,
      "epsilon_per_constraint": [
        0.16436108946800232,
        0.16436108946800232,
        0.04424538090825081,
        0.04424538090825081
      ],
      "sigma_gp_mean": 0.010000001639127731,
      "sigma_gp_max": 0.01000000350177288,
      "mu_gp_mean": -16.666658401489258
    },
    {
      "episode": 150,
      "n_gp_points": 2600,
      "epsilon_total": 0.4180821105837822,
      "epsilon_per_constraint": [
        0.16470350325107574,
        0.16470350325107574,
        0.04433755204081535,
        0.04433755204081535
      ],
      "sigma_gp_mean": 0.010000001639127731,
      "sigma_gp_max": 0.01000000350177288,
      "mu_gp_mean": -16.666658401489258
    },
    {
      "episode": 200,
      "n_gp_points": 2800,
      "epsilon_total": 0.4188852533698082,
      "epsilon_per_constraint": [
        0.1650198996067047,
        0.1650198996067047,
        0.04442272707819939,
        0.04442272707819939
      ],
      "sigma_gp_mean": 0.010000001639127731,
      "sigma_gp_max": 0.01000000350177288,
      "mu_gp_mean": -16.666658401489258
    }
  ]
}