{
  "violation_rate": [
    0.49833333333333335,
    0.0023570226039551605
  ],
  "cbf_violation_rate": [
    0.49666666666666665,
    0.0023570226039551605
  ],
  "cumulative_reward": [
    -671.40009739995,
    41.25186170791499
  ],
  "tracking_rmse": {
    "pressure": [
      0.02513589562769805,
      0.0005155466395987799
    ],
    "enthalpy": [
      28.376573599545072,
      0.19775302734407715
    ],
    "power": [
      15.934672523358584,
      0.6944370870875808
    ]
  },
  "control_cost": [
    2115.53857421875,
    42.39125340238857
  ],
  "min_barrier_value": [
    -15.123046875,
    9.018982460989717
  ],
  "online_time_ms": [
    913.4816623471366,
    55.55667476471442
  ],
  "convergence_episode": 200,
  "n_training_episodes": 200,
  "reward_history": [
    -816.9090720415115,
    -884.8915460705757,
    -879.3158019781113,
    -929.1843096017838,
    -893.8430957198143,
    -942.1227737665176,
    -949.9510536193848,
    -883.0813012719154,
    -895.3787392377853,
    -891.5978252291679,
    -906.3552587628365,
    -896.5915670990944,
    -910.7039528489113,
    -941.8740276098251,
    -886.7655528187752,
    -879.9245364665985,
    -868.9311262965202,
    -962.8219901621342,
    -972.0674070119858,
    -936.238548219204,
    -892.555243730545,
    -859.7076944112778,
    -902.5854760110378,
    -860.8838649988174,
    -895.7575726509094,
    -900.9277620911598,
    -958.1850083470345,
    -893.0330910086632,
    -937.0794861316681,
    -899.9087772369385,
    -883.6364840269089,
    -875.6149480938911,
    -1011.3667786717415,
    -915.3385357260704,
    -947.9871797561646,
    -967.2479833960533,
    -930.4245020747185,
    -913.9159018993378,
    -907.4621740579605,
    -833.0479981899261,
    -830.520569384098,
    -927.0952561497688,
    -931.0953602194786,
    -963.5642890334129,
    -890.4603518843651,
    -930.4173429012299,
    -890.371742606163,
    -971.2842166423798,
    -1006.321097433567,
    -982.4103934764862,
    -980.1728625893593,
    -967.6058316230774,
    -971.8923004865646,
    -870.5578274130821,
    -892.7823438644409,
    -919.5160645246506,
    -855.4211919307709,
    -929.8407277464867,
    -911.5806657671928,
    -859.9503747820854,
    -951.6847738623619,
    -922.2476340532303,
    -950.0925812125206,
    -888.8836285471916,
    -881.4695216417313,
    -932.774001955986,
    -921.6700231432915,
    -1031.767034292221,
    -896.6817179918289,
    -903.6291280388832,
    -951.9193250536919,
    -942.5665871500969,
    -944.373845398426,
    -930.8564081788063,
    -937.42695581913,
    -983.7474268078804,
    -848.5273041725159,
    -899.3850005269051,
    -919.7723929286003,
    -900.1302698254585,
    -881.1832228302956,
    -811.5444595515728,
    -960.3892763853073,
    -907.5313588380814,
    -902.1394773125648,
    -967.167248904705,
    -957.7651715278625,
    -968.765825688839,
    -950.0290198326111,
    -973.847600877285,
    -957.1724331378937,
    -953.3821796178818,
    -927.6188171207905,
    -1018.6673341989517,
    -997.2602890133858,
    -1026.416993379593,
    -1008.2846075296402,
    -970.4269070029259,
    -991.822005033493,
    -961.6663263142109
  ],
  "epsilon_log": [
    {
      "episode": 50,
      "n_gp_points": 2200,
      "epsilon_total": 0.4162660613656044,
      "epsilon_per_constraint": [
        0.16398805379867554,
        0.16398805379867554,
        0.04414497688412666,
        0.04414497688412666
      ],
      "sigma_gp_mean": 0.010000002570450306,
      "sigma_gp_max": 0.010000007227063179,
      "mu_gp_mean": -16.666654586791992
    },
    {
      "episode": 100,
      "n_gp_points": 2400,
      "epsilon_total": 0.41721297055482864,
      "epsilon_per_constraint": [
        0.16436108946800232,
        0.16436108946800232,
        0.044245395809412,
        0.044245395809412
      ],
      "sigma_gp_mean": 0.010000002570450306,
      "sigma_gp_max": 0.010000007227063179,
      "mu_gp_mean": -16.666654586791992
    },
    {
      "episode": 150,
      "n_gp_points": 2600,
      "epsilon_total": 0.4180821403861046,
      "epsilon_per_constraint": [
        0.16470350325107574,
        0.16470350325107574,
        0.04433756694197655,
        0.04433756694197655
      ],
      "sigma_gp_mean": 0.010000001639127731,
      "sigma_gp_max": 0.010000006295740604,
      "mu_gp_mean": -16.666656494140625
    },
    {
      "episode": 200,
      "n_gp_points": 2800,
      "epsilon_total": 0.4188852831721306,
      "epsilon_per_constraint": [
        0.1650198996067047,
        0.1650198996067047,
        0.04442274197936058,
        0.04442274197936058
      ],
      "sigma_gp_mean": 0.010000001639127731,
      "sigma_gp_max": 0.010000006295740604,
      "mu_gp_mean": -16.666656494140625
    }
  ]
}