{
  "violation_rate": [
    0.8850000000000001,
    0.0177951304200522
  ],
  "cbf_violation_rate": [
    0.49833333333333335,
    0.0023570226039551605
  ],
  "cumulative_reward": [
    -3357.5081938281655,
    113.80819203688239
  ],
  "tracking_rmse": {
    "pressure": [
      0.020210257294135624,
      0.0031279864306099662
    ],
    "enthalpy": [
      34.42235245038785,
      0.3556892000361824
    ],
    "power": [
      39.47758141937621,
      0.6854390618582888
    ]
  },
  "control_cost": [
    4925.79833984375,
    119.63660192548791
  ],
  "min_barrier_value": [
    -39.895263671875,
    2.8217629166455573
  ],
  "online_time_ms": [
    895.3782033582684,
    42.74671207306552
  ],
  "convergence_episode": 200,
  "n_training_episodes": 200,
  "reward_history": [
    -958.6019593477249,
    -886.3142444491386,
    -957.651948094368,
    -875.7849289178848,
    -910.4074073433876,
    -899.2111575007439,
    -849.2396708726883,
    -956.839723110199,
    -997.8522676229477,
    -816.3589668273926,
    -914.2750831246376,
    -951.2110413908958,
    -950.4092264175415,
    -977.2931125164032,
    -989.5177066326141,
    -901.9683422446251,
    -889.2698789834976,
    -839.9119585752487,
    -944.2210513353348,
    -944.9708559513092,
    -905.6076957583427,
    -928.4600175619125,
    -989.5931677222252,
    -950.7345201969147,
    -844.6192733049393,
    -879.2241185307503,
    -943.3514567911625,
    -916.6668491363525,
    -939.8103138506413,
    -990.5811786651611,
    -827.541450381279,
    -929.0318540334702,
    -973.8639779686928,
    -811.9370160102844,
    -933.9204023480415,
    -891.7913611531258,
    -826.9123997688293,
    -925.081865310669,
    -899.1506114006042,
    -988.989877820015,
    -934.2925691604614,
    -989.2822596430779,
    -982.1881306767464,
    -997.0727840662003,
    -926.3995028734207,
    -913.8614084124565,
    -946.9642857909203,
    -925.7660731673241,
    -961.193162560463,
    -847.272710621357,
    -952.7840812802315,
    -909.4935881495476,
    -1011.5109321475029,
    -902.0043703913689,
    -988.4395738244057,
    -990.9105929136276,
    -934.3459838628769,
    -1019.7940555810928,
    -1007.3177897930145,
    -942.1704332828522,
    -884.6779460906982,
    -871.593195527792,
    -991.6728572845459,
    -885.0089272260666,
    -931.8446358442307,
    -923.4005331397057,
    -922.3550662398338,
    -906.8508271574974,
    -1006.645942568779,
    -910.4587762355804,
    -912.303058385849,
    -881.9883010983467,
    -843.4834922552109,
    -877.7605573832989,
    -922.1603791713715,
    -947.0305994749069,
    -1009.0816842317581,
    -947.2906032204628,
    -961.3589860796928,
    -927.1948390603065,
    -985.5590829253197,
    -949.7310549020767,
    -965.5457080006599,
    -951.2784666419029,
    -929.335774064064,
    -986.4848930835724,
    -999.5431302189827,
    -950.6603533625603,
    -963.0683950185776,
    -920.0647531747818,
    -922.2223041057587,
    -881.2124064266682,
    -912.5291395187378,
    -976.450755238533,
    -1054.228879392147,
    -942.1742888092995,
    -906.641548782587,
    -913.0136620700359,
    -938.2343928813934,
    -935.8721552789211
  ],
  "epsilon_log": [
    {
      "episode": 50,
      "n_gp_points": 2000,
      "epsilon_total": 0.41522637009620667,
      "epsilon_per_constraint": [
        0.16357846558094025,
        0.16357846558094025,
        0.044034719467163086,
        0.044034719467163086
      ],
      "sigma_gp_mean": 0.010000002570450306,
      "sigma_gp_max": 0.010000008158385754,
      "mu_gp_mean": -16.66665267944336
    },
    {
      "episode": 100,
      "n_gp_points": 2000,
      "epsilon_total": 0.41522637009620667,
      "epsilon_per_constraint": [
        0.16357846558094025,
        0.16357846558094025,
        0.044034719467163086,
        0.044034719467163086
      ],
      "sigma_gp_mean": 0.010000002570450306,
      "sigma_gp_max": 0.010000008158385754,
      "mu_gp_mean": -16.66665267944336
    },
    {
      "episode": 150,
      "n_gp_points": 2000,
      "epsilon_total": 0.41522637009620667,
      "epsilon_per_constraint": [
        0.16357846558094025,
        0.16357846558094025,
        0.044034719467163086,
        0.044034719467163086
      ],
      "sigma_gp_mean": 0.010000002570450306,
      "sigma_gp_max": 0.010000008158385754,
      "mu_gp_mean": -16.66665267944336
    },
    {
      "episode": 200,
      "n_gp_points": 2000,
      "epsilon_total": 0.41522637009620667,
      "epsilon_per_constraint": [
        0.16357846558094025,
        0.16357846558094025,
        0.044034719467163086,
        0.044034719467163086
      ],
      "sigma_gp_mean": 0.010000002570450306,
      "sigma_gp_max": 0.010000008158385754,
      "mu_gp_mean": -16.66665267944336
    }
  ]
}