{
  "violation_rate": [
    0.8616666666666667,
    0.030912061651652372
  ],
  "cbf_violation_rate": [
    0.49666666666666665,
    0.0023570226039551605
  ],
  "cumulative_reward": [
    -3210.921658354501,
    207.14780300480479
  ],
  "tracking_rmse": {
    "pressure": [
      0.02469246538531193,
      0.0005025750504093371
    ],
    "enthalpy": [
      34.14859134330276,
      0.3639267357709784
    ],
    "power": [
      38.53341056240232,
      1.294345188510315
    ]
  },
  "control_cost": [
    4895.860188802083,
    162.85565100104796
  ],
  "min_barrier_value": [
    -40.448974609375,
    2.006336466192582
  ],
  "online_time_ms": [
    930.5905233168354,
    47.02763369797885
  ],
  "convergence_episode": 200,
  "n_training_episodes": 200,
  "reward_history": [
    -816.9090720415115,
    -884.8916152119637,
    -879.315781712532,
    -929.1843320131302,
    -893.8431416153908,
    -942.1227737665176,
    -949.9510536193848,
    -883.0813251137733,
    -895.3786841630936,
    -891.5978047251701,
    -906.3552587628365,
    -896.5915670990944,
    -910.7039449810982,
    -941.8739587068558,
    -886.7655764222145,
    -879.9245364665985,
    -868.9310836195946,
    -962.8219901621342,
    -972.0673850774765,
    -936.238541662693,
    -892.5552217960358,
    -859.7076989412308,
    -902.5854564607143,
    -860.8838804960251,
    -895.7576243877411,
    -900.927732527256,
    -958.1850083470345,
    -893.0330957770348,
    -937.0794062614441,
    -899.9087514877319,
    -883.6364575624466,
    -875.6149634718895,
    -1011.3669659495354,
    -915.3386364579201,
    -947.9871425628662,
    -967.2479633688927,
    -930.4244540333748,
    -913.9159018993378,
    -907.4622005224228,
    -833.0480363368988,
    -830.5205984711647,
    -927.0951896309853,
    -931.0953544974327,
    -963.5642890334129,
    -890.4603986144066,
    -930.4173210859299,
    -890.3717211484909,
    -971.2842261791229,
    -1006.3211143612862,
    -982.4103934764862,
    -980.1728625893593,
    -967.6058316230774,
    -971.8922792673111,
    -870.5578109622002,
    -892.782345533371,
    -919.5160797834396,
    -855.4213390350342,
    -929.8407277464867,
    -911.5806657671928,
    -859.9503747820854,
    -951.6847261190414,
    -922.247431397438,
    -950.0925890803337,
    -888.8836285471916,
    -881.4697743654251,
    -932.774253487587,
    -921.6700231432915,
    -1031.7671110630035,
    -896.6817528009415,
    -903.6292145848274,
    -951.9193050265312,
    -942.5663244128227,
    -944.373845398426,
    -930.8564081788063,
    -937.4269766807556,
    -983.7473586201668,
    -848.5273187160492,
    -899.3849391341209,
    -919.7724642157555,
    -900.1302793622017,
    -881.1831362843513,
    -811.544325441122,
    -960.3893400430679,
    -907.5314152240753,
    -902.1394773125648,
    -967.1672839522362,
    -957.7651715278625,
    -968.7658028006554,
    -950.0289472341537,
    -973.847518146038,
    -957.1724331378937,
    -953.3822401762009,
    -927.6188258230686,
    -1018.6673177480698,
    -997.2603486180305,
    -1026.416909456253,
    -1008.2846075296402,
    -970.42690128088,
    -991.8218256235123,
    -961.6663263142109
  ],
  "epsilon_log": [
    {
      "episode": 50,
      "n_gp_points": 2200,
      "epsilon_total": 0.4162660613656044,
      "epsilon_per_constraint": [
        0.16398805379867554,
        0.16398805379867554,
        0.04414497688412666,
        0.04414497688412666
      ],
      "sigma_gp_mean": 0.010000002570450306,
      "sigma_gp_max": 0.010000007227063179,
      "mu_gp_mean": -16.66665267944336
    },
    {
      "episode": 100,
      "n_gp_points": 2400,
      "epsilon_total": 0.41721297055482864,
      "epsilon_per_constraint": [
        0.16436108946800232,
        0.16436108946800232,
        0.044245395809412,
        0.044245395809412
      ],
      "sigma_gp_mean": 0.010000002570450306,
      "sigma_gp_max": 0.010000007227063179,
      "mu_gp_mean": -16.666654586791992
    },
    {
      "episode": 150,
      "n_gp_points": 2600,
      "epsilon_total": 0.4180821478366852,
      "epsilon_per_constraint": [
        0.16470350325107574,
        0.16470350325107574,
        0.044337570667266846,
        0.044337570667266846
      ],
      "sigma_gp_mean": 0.010000002570450306,
      "sigma_gp_max": 0.010000007227063179,
      "mu_gp_mean": -16.666654586791992
    },
    {
      "episode": 200,
      "n_gp_points": 2800,
      "epsilon_total": 0.4188852831721306,
      "epsilon_per_constraint": [
        0.1650198996067047,
        0.1650198996067047,
        0.04442274197936058,
        0.04442274197936058
      ],
      "sigma_gp_mean": 0.010000002570450306,
      "sigma_gp_max": 0.010000006295740604,
      "mu_gp_mean": -16.666656494140625
    }
  ]
}