{
  "violation_rate": [
    0.0008,
    0.005600000000000001
  ],
  "cbf_violation_rate": [
    0.0008,
    0.005600000000000001
  ],
  "cumulative_reward": [
    -720.893580493927,
    0.9954883116137038
  ],
  "tracking_rmse": {
    "pressure": [
      3.2813301116923608,
      0.0014559576492406644
    ],
    "enthalpy": [
      6.3394800676730805,
      0.5494480227522649
    ],
    "power": [
      18.961377330445433,
      0.003600320519269304
    ]
  },
  "control_cost": [
    7456.496984863281,
    31.256206033938703
  ],
  "min_barrier_value": [
    4.215823936462402,
    3.0308319909232124
  ],
  "online_time_ms": [
    442.3966477964539,
    84.23636191661151
  ],
  "per_constraint_type": {
    "pressure": {
      "violation_rate": 0.0,
      "violation_count": 0,
      "total_steps": 2500
    },
    "enthalpy": {
      "violation_rate": 0.0008,
      "violation_count": 2,
      "total_steps": 2500
    },
    "power": {
      "violation_rate": 0.0,
      "violation_count": 0,
      "total_steps": 2500
    }
  },
  "convergence_episode": 0,
  "n_training_episodes": 0,
  "reward_history": [],
  "epsilon_log": []
}