{
  "violation_rate": [
    0.0008,
    0.005600000000000001
  ],
  "cbf_violation_rate": [
    0.0008,
    0.005600000000000001
  ],
  "cumulative_reward": [
    -381.97270919799803,
    0.9635463167501899
  ],
  "tracking_rmse": {
    "pressure": [
      2.3593626612698015,
      0.0016324488665106233
    ],
    "enthalpy": [
      6.758020731479787,
      0.6115620849520607
    ],
    "power": [
      14.186623833846784,
      0.0027651882536421286
    ]
  },
  "control_cost": [
    7105.755638580322,
    33.029071941698874
  ],
  "min_barrier_value": [
    3.209184417724609,
    3.6013120596749535
  ],
  "online_time_ms": [
    393.2651018761215,
    94.82701091998246
  ],
  "per_constraint_type": {
    "pressure": {
      "violation_rate": 0.0,
      "violation_count": 0,
      "total_steps": 2500
    },
    "enthalpy": {
      "violation_rate": 0.0008,
      "violation_count": 2,
      "total_steps": 2500
    },
    "power": {
      "violation_rate": 0.0,
      "violation_count": 0,
      "total_steps": 2500
    }
  },
  "convergence_episode": 0,
  "n_training_episodes": 0,
  "reward_history": [],
  "epsilon_log": []
}