{
  "violation_rate": [
    0.00192,
    0.00039191835884530855
  ],
  "cbf_violation_rate": [
    0.00192,
    0.00039191835884530855
  ],
  "cumulative_reward": [
    -5243.726606788635,
    4.103457162014157
  ],
  "tracking_rmse": {
    "pressure": [
      2.732966879845116,
      0.0015218543984461548
    ],
    "enthalpy": [
      27.962250638227633,
      0.007265397788410999
    ],
    "power": [
      14.88065504528784,
      0.00933167818079019
    ]
  },
  "control_cost": [
    5642.35572265625,
    57.91990214774589
  ],
  "min_barrier_value": [
    -0.000234375,
    4.7841596538733956e-05
  ],
  "online_time_ms": [
    13.27579762285808,
    3.6344237660861123
  ],
  "per_constraint_type": {
    "pressure": {
      "violation_rate": 0.0,
      "violation_count": 0,
      "total_steps": 25000
    },
    "enthalpy": {
      "violation_rate": 0.00192,
      "violation_count": 48,
      "total_steps": 25000
    },
    "power": {
      "violation_rate": 0.0,
      "violation_count": 0,
      "total_steps": 25000
    }
  },
  "convergence_episode": 50,
  "n_training_episodes": 50,
  "reward_history": [
    -2574.220211982727,
    -2595.32941532135,
    -2579.5547132492065,
    -2592.3742208480835,
    -2595.8886671066284,
    -2595.9521589279175,
    -2559.8327102661133,
    -2548.127836227417,
    -2573.697855949402,
    -2536.8716173171997,
    -2542.8161001205444,
    -2555.21240234375,
    -2527.418315887451,
    -2533.564872741699,
    -2526.642568588257,
    -2510.7327089309692,
    -2513.0048809051514,
    -2525.388810157776,
    -2505.907259941101,
    -2515.005868911743,
    -2474.509840965271,
    -2488.3213329315186,
    -2481.6026935577393,
    -2465.253113746643,
    -2482.185685157776,
    -2457.9095935821533,
    -2436.181155204773,
    -2465.5136156082153,
    -2425.5565509796143,
    -2454.697117805481,
    -2447.865544319153,
    -2447.5298404693604,
    -2415.133723258972,
    -2425.155195236206,
    -2432.03058719635,
    -2436.819574356079,
    -2422.2156915664673,
    -2437.6098403930664,
    -2430.934859275818,
    -2405.265296936035,
    -2414.268077850342,
    -2454.0584897994995,
    -2413.4198093414307,
    -2427.5351696014404,
    -2435.549569129944,
    -2404.220413208008,
    -2412.583936691284,
    -2410.0201272964478,
    -2420.075714111328,
    -2418.406916618347
  ],
  "epsilon_log": []
}