{
  "violation_rate": [
    0.9991599999999999,
    0.0014472042012100448
  ],
  "cbf_violation_rate": [
    0.9991599999999999,
    0.0014472042012100448
  ],
  "cumulative_reward": [
    -11771.114136123657,
    15.452387280476096
  ],
  "tracking_rmse": {
    "pressure": [
      4.570981335822164,
      0.0015987517335738278
    ],
    "enthalpy": [
      50.994612971307596,
      0.26046295310609874
    ],
    "power": [
      0.2194085354363322,
      0.0071067925343758455
    ]
  },
  "control_cost": [
    1937.7217260742189,
    75.15443835627867
  ],
  "min_barrier_value": [
    -44.0775146484375,
    2.471649059888126
  ],
  "online_time_ms": [
    9.870382972378284,
    1.8930159722987947
  ],
  "per_constraint_type": {
    "pressure": {
      "violation_rate": 0.0,
      "violation_count": 0,
      "total_steps": 25000
    },
    "enthalpy": {
      "violation_rate": 0.99916,
      "violation_count": 24979,
      "total_steps": 25000
    },
    "power": {
      "violation_rate": 0.0,
      "violation_count": 0,
      "total_steps": 25000
    }
  },
  "convergence_episode": 50,
  "n_training_episodes": 50,
  "reward_history": [
    -4013.5882320404053,
    -2809.9935235977173,
    -6599.276388168335,
    -3657.6519889831543,
    -6598.317276000977,
    -4010.547950744629,
    -4848.882104873657,
    -2784.5964097976685,
    -4820.399040222168,
    -6571.117792129517,
    -4834.852203369141,
    -2757.7112970352173,
    -4834.601846694946,
    -3966.8848209381104,
    -4819.454111099243,
    -4811.802391052246,
    -3937.277696609497,
    -2760.356206893921,
    -6547.3255615234375,
    -4804.749416351318,
    -3907.5243854522705,
    -3570.6907386779785,
    -3566.9901790618896,
    -2712.1935415267944,
    -4739.02525138855,
    -2476.6651248931885,
    -4754.738214492798,
    -4738.468505859375,
    -2488.5217065811157,
    -2652.9205684661865,
    -6467.926849365234,
    -2641.006498336792,
    -4716.664312362671,
    -4702.706321716309,
    -4697.701641082764,
    -2653.78883934021,
    -4726.914297103882,
    -2456.4658432006836,
    -3883.0220279693604,
    -3493.925528526306,
    -4708.650350570679,
    -3911.8988075256348,
    -3898.8996086120605,
    -2467.042546272278,
    -2462.1840858459473,
    -3501.5876750946045,
    -6465.031560897827,
    -4727.112768173218,
    -6452.547929763794,
    -2472.830985069275
  ],
  "epsilon_log": []
}