{
  "violation_rate": [
    0.0,
    0.0
  ],
  "cbf_violation_rate": [
    0.0,
    0.0
  ],
  "cumulative_reward": [
    -9053.318064651488,
    5.599340150366381
  ],
  "tracking_rmse": {
    "pressure": [
      3.6519896466217405,
      0.0014887389580589333
    ],
    "enthalpy": [
      27.926498873612335,
      0.01986493027860683
    ],
    "power": [
      19.881256253043542,
      0.00768035232069454
    ]
  },
  "control_cost": [
    4222.56529296875,
    61.21861144139576
  ],
  "min_barrier_value": [
    0.0,
    0.0
  ],
  "online_time_ms": [
    9.098419087182265,
    1.6208127928504121
  ],
  "per_constraint_type": {
    "pressure": {
      "violation_rate": 0.0,
      "violation_count": 0,
      "total_steps": 25000
    },
    "enthalpy": {
      "violation_rate": 0.0,
      "violation_count": 0,
      "total_steps": 25000
    },
    "power": {
      "violation_rate": 0.0,
      "violation_count": 0,
      "total_steps": 25000
    }
  },
  "convergence_episode": 50,
  "n_training_episodes": 50,
  "reward_history": [
    -4011.282205581665,
    -4013.310779571533,
    -4008.9822387695312,
    -4018.2925872802734,
    -3997.7159690856934,
    -3983.2086448669434,
    -3997.557424545288,
    -3970.475914001465,
    -3977.5225944519043,
    -3970.166711807251,
    -3982.327890396118,
    -3967.480682373047,
    -3955.4860916137695,
    -3966.144842147827,
    -3964.605514526367,
    -3942.0766830444336,
    -3950.181842803955,
    -3922.1920413970947,
    -3940.909355163574,
    -3905.0987281799316,
    -3928.039297103882,
    -3914.362964630127,
    -3906.7424030303955,
    -3881.2215251922607,
    -3886.740001678467,
    -3900.279027938843,
    -3873.161838531494,
    -3880.476831436157,
    -3862.5031814575195,
    -3879.478614807129,
    -3867.010766983032,
    -3872.1981086730957,
    -3873.33416557312,
    -3850.2586765289307,
    -3871.7654037475586,
    -3876.8729209899902,
    -3852.2720165252686,
    -3868.9569339752197,
    -3845.474016189575,
    -3881.2455463409424,
    -3856.1772060394287,
    -3832.0741786956787,
    -3867.8545265197754,
    -3855.1131954193115,
    -3867.0160789489746,
    -3855.1833515167236,
    -3839.7957305908203,
    -3862.997453689575,
    -3848.3234901428223,
    -3846.8777561187744
  ],
  "epsilon_log": []
}