{
  "violation_rate": [
    0.99488,
    0.0030766215236847087
  ],
  "cbf_violation_rate": [
    0.99488,
    0.0030766215236847087
  ],
  "cumulative_reward": [
    -16156.01891014099,
    14.605771031986883
  ],
  "tracking_rmse": {
    "pressure": [
      5.489502713498852,
      0.0015760837053497463
    ],
    "enthalpy": [
      45.95638892871028,
      0.2472977684794513
    ],
    "power": [
      0.20860520490469875,
      0.006747408918962534
    ]
  },
  "control_cost": [
    1941.2164013671875,
    75.6856948566698
  ],
  "min_barrier_value": [
    -37.959853515625,
    2.34841536407292
  ],
  "online_time_ms": [
    0.0,
    0.0
  ],
  "per_constraint_type": {
    "pressure": {
      "violation_rate": 0.0,
      "violation_count": 0,
      "total_steps": 25000
    },
    "enthalpy": {
      "violation_rate": 0.99488,
      "violation_count": 24872,
      "total_steps": 25000
    },
    "power": {
      "violation_rate": 0.0,
      "violation_count": 0,
      "total_steps": 25000
    }
  },
  "convergence_episode": 50,
  "n_training_episodes": 50,
  "reward_history": [
    -4013.5882091522217,
    -2809.9934301376343,
    -6599.276388168335,
    -3657.649793624878,
    -6598.317325592041,
    -4010.1845207214355,
    -6605.464092254639,
    -2784.512759208679,
    -4820.240674972534,
    -6570.901899337769,
    -4834.6757526397705,
    -2757.5783281326294,
    -4834.560712814331,
    -3966.961254119873,
    -4819.663749694824,
    -4812.159303665161,
    -3937.6805839538574,
    -2761.068384170532,
    -6548.124689102173,
    -6556.789625167847,
    -3908.058813095093,
    -3571.0152463912964,
    -3567.121789932251,
    -2712.2897844314575,
    -4739.201696395874,
    -2477.0187377929688,
    -6512.513805389404,
    -6493.096534729004,
    -2488.386643409729,
    -2651.8430519104004,
    -6466.568244934082,
    -2639.5166387557983,
    -6470.648361206055,
    -4701.169918060303,
    -4696.075866699219,
    -2652.0296812057495,
    -4725.245801925659,
    -2455.382261276245,
    -3881.985996246338,
    -3492.2528409957886,
    -6463.751922607422,
    -3911.113628387451,
    -3898.1886253356934,
    -2466.4164543151855,
    -2461.6298971176147,
    -3500.485963821411,
    -6464.189224243164,
    -6476.688516616821,
    -6451.863325119019,
    -2472.5440378189087
  ],
  "epsilon_log": []
}