{
  "violation_rate": [
    0.39584,
    0.1438381534920412
  ],
  "cbf_violation_rate": [
    0.39584,
    0.1438381534920412
  ],
  "cumulative_reward": [
    -6308.759266910553,
    154.08983788803732
  ],
  "tracking_rmse": {
    "pressure": [
      3.421335836531762,
      0.011278001573600822
    ],
    "enthalpy": [
      29.405695141126117,
      4.272779825383728
    ],
    "power": [
      0.3066305463757182,
      0.01665570578299759
    ]
  },
  "control_cost": [
    10045.84216796875,
    337.5408105930294
  ],
  "min_barrier_value": [
    -36.189345703125,
    3.8693377515663334
  ],
  "online_time_ms": [
    11.963289110391633,
    3.1067404789421578
  ],
  "per_constraint_type": {
    "pressure": {
      "violation_rate": 0.0,
      "violation_count": 0,
      "total_steps": 25000
    },
    "enthalpy": {
      "violation_rate": 0.39584,
      "violation_count": 9896,
      "total_steps": 25000
    },
    "power": {
      "violation_rate": 0.0,
      "violation_count": 0,
      "total_steps": 25000
    }
  },
  "convergence_episode": 50,
  "n_training_episodes": 50,
  "reward_history": [
    -2799.512508392334,
    -2779.1724605560303,
    -2809.173501968384,
    -2791.425401687622,
    -2801.7106828689575,
    -2801.483673095703,
    -2801.985152244568,
    -2771.8403520584106,
    -2783.9047327041626,
    -2797.8293380737305,
    -2773.643862724304,
    -2769.962224960327,
    -2727.239510536194,
    -2744.3487825393677,
    -2730.51335811615,
    -2719.9747066497803,
    -2733.990035057068,
    -2709.885910987854,
    -2718.5051279067993,
    -2707.356436729431,
    -2694.5900859832764,
    -2693.9334211349487,
    -2692.069836616516,
    -2662.020637512207,
    -2670.3399629592896,
    -2681.6913270950317,
    -2664.2831201553345,
    -2687.7679777145386,
    -2664.233920097351,
    -2668.387237548828,
    -2646.640130996704,
    -2671.103479385376,
    -2669.3375034332275,
    -2640.079873085022,
    -2665.651529312134,
    -2665.2421283721924,
    -2664.8563804626465,
    -2664.4164752960205,
    -2645.2304906845093,
    -2626.470552444458,
    -2642.2224712371826,
    -2656.053440093994,
    -2637.281373023987,
    -2659.5982389450073,
    -2633.137706756592,
    -2655.9540643692017,
    -2657.069116592407,
    -2626.3334531784058,
    -2655.7453832626343,
    -2638.22993850708
  ],
  "epsilon_log": []
}