{
  "violation_rate": [
    0.99676,
    0.002557811564599709
  ],
  "cbf_violation_rate": [
    0.99676,
    0.002557811564599709
  ],
  "cumulative_reward": [
    -8781.953964481354,
    15.925872879126594
  ],
  "tracking_rmse": {
    "pressure": [
      3.8991164492888193,
      0.0023323135640672937
    ],
    "enthalpy": [
      48.21040018952216,
      0.3372384611567319
    ],
    "power": [
      0.22653398995813265,
      0.006558514311774614
    ]
  },
  "control_cost": [
    1935.3791357421876,
    72.38780124448651
  ],
  "min_barrier_value": [
    -42.383212890625,
    2.31685788864761
  ],
  "online_time_ms": [
    0.0,
    0.0
  ],
  "per_constraint_type": {
    "pressure": {
      "violation_rate": 0.0,
      "violation_count": 0,
      "total_steps": 25000
    },
    "enthalpy": {
      "violation_rate": 0.99676,
      "violation_count": 24919,
      "total_steps": 25000
    },
    "power": {
      "violation_rate": 0.0,
      "violation_count": 0,
      "total_steps": 25000
    }
  },
  "convergence_episode": 50,
  "n_training_episodes": 50,
  "reward_history": [
    -4848.310325622559,
    -2591.596492767334,
    -4856.044076919556,
    -2595.072009086609,
    -2804.1766958236694,
    -2817.810658454895,
    -3674.342593193054,
    -3980.185754776001,
    -3997.22456741333,
    -6609.480754852295,
    -3984.0620288848877,
    -3644.189269065857,
    -6572.6942348480225,
    -6586.044654846191,
    -6575.522129058838,
    -2763.07501411438,
    -6535.834768295288,
    -3590.091519355774,
    -3580.9713764190674,
    -6487.2351932525635,
    -4779.080629348755,
    -4748.055002212524,
    -3527.4137325286865,
    -3529.7736101150513,
    -6491.088308334351,
    -3552.5970211029053,
    -2675.5715799331665,
    -3534.013382911682,
    -3541.6744508743286,
    -3511.2605018615723,
    -3913.094497680664,
    -6479.657335281372,
    -3515.511209487915,
    -3908.777780532837,
    -2464.2921657562256,
    -3896.387315750122,
    -2475.4846897125244,
    -3485.817165374756,
    -6468.345401763916,
    -6463.1540603637695,
    -6477.768491744995,
    -4700.979230880737,
    -2461.9318895339966,
    -3503.63680267334,
    -2460.134377479553,
    -2654.4765787124634,
    -3898.5073623657227,
    -2460.8371505737305,
    -3525.7272930145264,
    -2670.566370010376
  ],
  "epsilon_log": []
}