{
  "violation_rate": [
    0.9905200000000001,
    0.003874222502644889
  ],
  "cbf_violation_rate": [
    0.9905200000000001,
    0.003874222502644889
  ],
  "cumulative_reward": [
    -6634.580672721862,
    15.661482545328523
  ],
  "tracking_rmse": {
    "pressure": [
      3.3344995526011534,
      0.0025120256502288844
    ],
    "enthalpy": [
      46.0718048167923,
      0.31690642369983846
    ],
    "power": [
      0.23223157155826932,
      0.008942341949868976
    ]
  },
  "control_cost": [
    1947.0613208007812,
    75.01058805279933
  ],
  "min_barrier_value": [
    -39.4477685546875,
    1.4348626692865436
  ],
  "online_time_ms": [
    9.960075843431987,
    1.8092338111173454
  ],
  "per_constraint_type": {
    "pressure": {
      "violation_rate": 0.0,
      "violation_count": 0,
      "total_steps": 25000
    },
    "enthalpy": {
      "violation_rate": 0.99052,
      "violation_count": 24763,
      "total_steps": 25000
    },
    "power": {
      "violation_rate": 0.0,
      "violation_count": 0,
      "total_steps": 25000
    }
  },
  "convergence_episode": 50,
  "n_training_episodes": 50,
  "reward_history": [
    -2778.8399934768677,
    -2791.6749925613403,
    -4025.131757736206,
    -2778.3503637313843,
    -3683.2190475463867,
    -6614.220203399658,
    -2593.579188346863,
    -3976.5694694519043,
    -4831.672620773315,
    -4836.473445892334,
    -2554.0886001586914,
    -2755.5878496170044,
    -4827.683828353882,
    -3979.714454650879,
    -2765.883744239807,
    -2539.1664295196533,
    -2729.2328424453735,
    -2750.619686126709,
    -3949.941234588623,
    -3555.430269241333,
    -2722.981411933899,
    -3581.219306945801,
    -2711.5353651046753,
    -2676.1822385787964,
    -6491.582481384277,
    -3536.7317943573,
    -3533.777247428894,
    -2664.470458984375,
    -6479.5463581085205,
    -4726.682283401489,
    -3903.588722229004,
    -6460.107795715332,
    -6474.614950180054,
    -2658.872902870178,
    -3886.713888168335,
    -2476.02032661438,
    -3497.9973731040955,
    -6463.231122970581,
    -2661.1491861343384,
    -2667.210307121277,
    -4694.477090835571,
    -2662.596510887146,
    -3505.2188663482666,
    -3504.343939781189,
    -2671.558981895447,
    -2483.7289638519287,
    -2465.684199333191,
    -4694.406620025635,
    -4694.9198570251465,
    -2456.3551740646362
  ],
  "epsilon_log": []
}