{
  "violation_rate": [
    0.99824,
    0.0020254382241875475
  ],
  "cbf_violation_rate": [
    0.99824,
    0.0020254382241875475
  ],
  "cumulative_reward": [
    -6170.592162723541,
    15.580213790351582
  ],
  "tracking_rmse": {
    "pressure": [
      2.732465666766382,
      0.001650427556256349
    ],
    "enthalpy": [
      51.226840713287714,
      0.2855910601162237
    ],
    "power": [
      14.918601079587086,
      0.010450931825804772
    ]
  },
  "control_cost": [
    1917.3034033203126,
    75.06658164614612
  ],
  "min_barrier_value": [
    -46.3349658203125,
    2.7155131807516617
  ],
  "online_time_ms": [
    0.0,
    0.0
  ],
  "per_constraint_type": {
    "pressure": {
      "violation_rate": 0.0,
      "violation_count": 0,
      "total_steps": 25000
    },
    "enthalpy": {
      "violation_rate": 0.99824,
      "violation_count": 24956,
      "total_steps": 25000
    },
    "power": {
      "violation_rate": 0.0,
      "violation_count": 0,
      "total_steps": 25000
    }
  },
  "convergence_episode": 50,
  "n_training_episodes": 50,
  "reward_history": [
    -4013.5882091522217,
    -2809.9935235977173,
    -6599.276300430298,
    -3657.652015686035,
    -6598.31729888916,
    -4010.1851234436035,
    -2594.592248916626,
    -2784.8238439559937,
    -4820.864641189575,
    -6571.7894077301025,
    -4835.601932525635,
    -2758.6006002426147,
    -4835.48458480835,
    -3967.3357543945312,
    -4820.3002071380615,
    -4812.5676918029785,
    -3937.610013961792,
    -2760.948010444641,
    -6547.758306503296,
    -2541.8659954071045,
    -3908.086845397949,
    -3573.08113861084,
    -3569.9183797836304,
    -2714.920328140259,
    -4741.599077224731,
    -2477.004334449768,
    -2500.6851835250854,
    -2493.2692279815674,
    -2491.5063152313232,
    -2658.1103343963623,
    -6473.23645401001,
    -2646.515917778015,
    -2479.595658302307,
    -4707.668207168579,
    -4702.464651107788,
    -2658.4494400024414,
    -4731.095811843872,
    -2460.1191749572754,
    -3886.1199474334717,
    -3497.776710510254,
    -2470.3962030410767,
    -3914.432176589966,
    -3901.256826400757,
    -2469.4619607925415,
    -2464.3909940719604,
    -3504.2179231643677,
    -6467.151678085327,
    -2491.5402879714966,
    -6454.409517288208,
    -2474.424162864685
  ],
  "epsilon_log": []
}