{
  "violation_rate": [
    0.9958,
    0.002749545416973507
  ],
  "cbf_violation_rate": [
    0.9958,
    0.002749545416973507
  ],
  "cumulative_reward": [
    -8781.884200220107,
    20.05033242606757
  ],
  "tracking_rmse": {
    "pressure": [
      3.8987855890428245,
      0.0021597140052990334
    ],
    "enthalpy": [
      48.23674727925004,
      0.4041109842574575
    ],
    "power": [
      0.22605972995902485,
      0.007600535860395931
    ]
  },
  "control_cost": [
    1947.4636987304686,
    83.91116782976967
  ],
  "min_barrier_value": [
    -41.8814794921875,
    2.249219209093933
  ],
  "online_time_ms": [
    0.0,
    0.0
  ],
  "per_constraint_type": {
    "pressure": {
      "violation_rate": 0.0,
      "violation_count": 0,
      "total_steps": 25000
    },
    "enthalpy": {
      "violation_rate": 0.9958,
      "violation_count": 24895,
      "total_steps": 25000
    },
    "power": {
      "violation_rate": 0.0,
      "violation_count": 0,
      "total_steps": 25000
    }
  },
  "convergence_episode": 50,
  "n_training_episodes": 50,
  "reward_history": [
    -2597.924048423767,
    -3677.3860120773315,
    -4856.532089233398,
    -2799.688301086426,
    -6606.714870452881,
    -6593.812738418579,
    -3658.4775924682617,
    -4005.8262481689453,
    -4849.319829940796,
    -2561.024649620056,
    -3968.4174480438232,
    -4830.299831390381,
    -3622.5151958465576,
    -3611.971019744873,
    -3625.05179977417,
    -6559.258039474487,
    -3615.3936700820923,
    -2484.7623529434204,
    -3594.114239692688,
    -2726.9743251800537,
    -2727.248432159424,
    -2733.1342878341675,
    -3559.7793560028076,
    -3900.8876399993896,
    -4738.377227783203,
    -4743.142263412476,
    -2694.077832221985,
    -2478.721489906311,
    -4726.593944549561,
    -3517.6208391189575,
    -2480.6996240615845,
    -2662.9172229766846,
    -2669.195020675659,
    -3524.8825359344482,
    -3505.5332431793213,
    -3899.840341567993,
    -6471.432825088501,
    -4726.136943817139,
    -3506.7301359176636,
    -4710.281087875366,
    -4702.087049484253,
    -6476.067964553833,
    -2640.2481031417847,
    -2451.297490119934,
    -4721.928640365601,
    -6456.947816848755,
    -3914.3920345306396,
    -3896.924180984497,
    -4708.564496994019,
    -4683.240612030029
  ],
  "epsilon_log": []
}