{
  "violation_rate": [
    0.99344,
    0.0027724357521861556
  ],
  "cbf_violation_rate": [
    0.99344,
    0.0027724357521861556
  ],
  "cumulative_reward": [
    -16147.288427276611,
    15.216078184012606
  ],
  "tracking_rmse": {
    "pressure": [
      5.488406859732927,
      0.0013355915424039186
    ],
    "enthalpy": [
      45.89617018077641,
      0.3035796189593018
    ],
    "power": [
      0.21397852755973956,
      0.006017474823607256
    ]
  },
  "control_cost": [
    2004.0430322265624,
    71.44800783067838
  ],
  "min_barrier_value": [
    -38.227333984375,
    2.528226125818884
  ],
  "online_time_ms": [
    16.60745251340035,
    6.126827065035842
  ],
  "per_constraint_type": {
    "pressure": {
      "violation_rate": 0.0,
      "violation_count": 0,
      "total_steps": 25000
    },
    "enthalpy": {
      "violation_rate": 0.99344,
      "violation_count": 24836,
      "total_steps": 25000
    },
    "power": {
      "violation_rate": 0.0,
      "violation_count": 0,
      "total_steps": 25000
    }
  },
  "convergence_episode": 50,
  "n_training_episodes": 50,
  "reward_history": [
    -6606.3897342681885,
    -6611.14782333374,
    -6581.385213851929,
    -6607.498453140259,
    -6603.74761390686,
    -6608.277744293213,
    -6595.452142715454,
    -6595.29054069519,
    -6608.28733253479,
    -6593.986305236816,
    -6570.977750778198,
    -6552.433547973633,
    -6558.113332748413,
    -6534.164171218872,
    -6529.182542800903,
    -6541.5235385894775,
    -6515.566673278809,
    -6533.952487945557,
    -6516.051826477051,
    -6498.104061126709,
    -6499.932399749756,
    -6491.290616989136,
    -6504.549789428711,
    -6495.149129867554,
    -6491.459365844727,
    -6470.337287902832,
    -6466.581165313721,
    -6459.677513122559,
    -6465.617887496948,
    -6469.54341506958,
    -6479.165363311768,
    -6468.836736679077,
    -6464.181215286255,
    -6470.108156204224,
    -6461.189338684082,
    -6441.418403625488,
    -6450.048400878906,
    -6464.637044906616,
    -6461.323657989502,
    -6465.901155471802,
    -6460.629199981689,
    -6470.894792556763,
    -6456.563835144043,
    -6478.632204055786,
    -6450.891437530518,
    -6455.160556793213,
    -6439.629507064819,
    -6434.954210281372,
    -6454.009159088135,
    -6449.818826675415
  ],
  "epsilon_log": []
}