{
  "violation_rate": [
    0.98984,
    0.0041538415954390975
  ],
  "cbf_violation_rate": [
    0.98984,
    0.0041538415954390975
  ],
  "cumulative_reward": [
    -6640.450423526764,
    17.00264346705744
  ],
  "tracking_rmse": {
    "pressure": [
      3.3349149905928157,
      0.0023893504704529073
    ],
    "enthalpy": [
      46.1670059736232,
      0.35349296588055173
    ],
    "power": [
      0.23258621444614117,
      0.007815118015259512
    ]
  },
  "control_cost": [
    1945.5375170898437,
    83.85231286820755
  ],
  "min_barrier_value": [
    -39.974619140625,
    2.5592567080966644
  ],
  "online_time_ms": [
    0.0,
    0.0
  ],
  "per_constraint_type": {
    "pressure": {
      "violation_rate": 0.0,
      "violation_count": 0,
      "total_steps": 25000
    },
    "enthalpy": {
      "violation_rate": 0.98984,
      "violation_count": 24746,
      "total_steps": 25000
    },
    "power": {
      "violation_rate": 0.0,
      "violation_count": 0,
      "total_steps": 25000
    }
  },
  "convergence_episode": 50,
  "n_training_episodes": 50,
  "reward_history": [
    -2597.924048423767,
    -2806.529592514038,
    -4856.5213413238525,
    -2799.6821823120117,
    -6606.719316482544,
    -6593.823312759399,
    -3658.507311820984,
    -4005.855634689331,
    -4849.337902069092,
    -2561.0323944091797,
    -3968.4043292999268,
    -4830.207859039307,
    -3622.346718788147,
    -2748.2199964523315,
    -2759.187147140503,
    -6559.853219985962,
    -2751.3944902420044,
    -2485.8920726776123,
    -2734.306728363037,
    -2729.70578956604,
    -2730.4210987091064,
    -2736.5011768341064,
    -3563.5003051757812,
    -3902.820203781128,
    -4741.037092208862,
    -4745.452402114868,
    -2696.0223178863525,
    -2479.546269416809,
    -4727.736806869507,
    -2666.0576305389404,
    -2480.9587774276733,
    -2663.5919733047485,
    -2669.865797996521,
    -2671.6000967025757,
    -2656.09815120697,
    -3900.1816787719727,
    -6472.092639923096,
    -4726.723258972168,
    -2654.2023220062256,
    -4711.021284103394,
    -4702.880195617676,
    -6476.948987960815,
    -2641.0919713974,
    -2451.8741149902344,
    -4722.596151351929,
    -6457.586345672607,
    -3914.8856716156006,
    -3897.3495445251465,
    -4708.970878601074,
    -4683.589088439941
  ],
  "epsilon_log": []
}