{
  "violation_rate": [
    0.9910399999999998,
    0.0037786770171582577
  ],
  "cbf_violation_rate": [
    0.9910399999999998,
    0.0037786770171582577
  ],
  "cumulative_reward": [
    -9735.83217868805,
    14.300426846787063
  ],
  "tracking_rmse": {
    "pressure": [
      3.65157017129186,
      0.0016231848547790118
    ],
    "enthalpy": [
      46.175535526973256,
      0.2727320562411235
    ],
    "power": [
      19.915531084305176,
      0.009983082289608512
    ]
  },
  "control_cost": [
    1924.5640649414063,
    74.86611829666224
  ],
  "min_barrier_value": [
    -39.3904052734375,
    1.632602109541658
  ],
  "online_time_ms": [
    9.872313883672469,
    1.8152294897824617
  ],
  "per_constraint_type": {
    "pressure": {
      "violation_rate": 0.0,
      "violation_count": 0,
      "total_steps": 25000
    },
    "enthalpy": {
      "violation_rate": 0.99104,
      "violation_count": 24776,
      "total_steps": 25000
    },
    "power": {
      "violation_rate": 0.0,
      "violation_count": 0,
      "total_steps": 25000
    }
  },
  "convergence_episode": 50,
  "n_training_episodes": 50,
  "reward_history": [
    -4013.5882320404053,
    -2809.9935235977173,
    -6599.276388168335,
    -3657.6519889831543,
    -6598.317276000977,
    -4010.547950744629,
    -4003.9986743927,
    -2784.7336072921753,
    -4820.622770309448,
    -6571.388633728027,
    -4835.103384017944,
    -2757.9176959991455,
    -4834.7388916015625,
    -3966.5446243286133,
    -4819.341402053833,
    -4811.529760360718,
    -3936.5921955108643,
    -2759.7610244750977,
    -6546.657062530518,
    -3961.859550476074,
    -3906.691526412964,
    -3570.915165901184,
    -3567.535224914551,
    -2712.768138885498,
    -4739.5426025390625,
    -2474.9885025024414,
    -3929.811403274536,
    -3919.1761264801025,
    -2489.5090169906616,
    -2655.2642965316772,
    -6470.345020294189,
    -2643.550994873047,
    -3905.043315887451,
    -4705.000629425049,
    -4699.848268508911,
    -2655.734112739563,
    -4728.684381484985,
    -2458.2830095291138,
    -3884.256010055542,
    -3495.341015815735,
    -3897.842685699463,
    -3912.750385284424,
    -3899.6114711761475,
    -2467.9529504776,
    -2462.957657814026,
    -3502.2334241867065,
    -6465.503211975098,
    -3912.772563934326,
    -6452.93447303772,
    -2473.2593278884888
  ],
  "epsilon_log": []
}