{
  "violation_rate": [
    0.9962799999999998,
    0.0025615620234536608
  ],
  "cbf_violation_rate": [
    0.9962799999999998,
    0.0025615620234536608
  ],
  "cumulative_reward": [
    -16151.148572235108,
    12.598216363977402
  ],
  "tracking_rmse": {
    "pressure": [
      5.4888497068505195,
      0.0015886908683821984
    ],
    "enthalpy": [
      45.92423958881873,
      0.2667849069246722
    ],
    "power": [
      0.20803962397346965,
      0.006027926367863602
    ]
  },
  "control_cost": [
    1942.536640625,
    72.56165493278944
  ],
  "min_barrier_value": [
    -38.1162060546875,
    2.0891921777014666
  ],
  "online_time_ms": [
    0.0,
    0.0
  ],
  "per_constraint_type": {
    "pressure": {
      "violation_rate": 0.0,
      "violation_count": 0,
      "total_steps": 25000
    },
    "enthalpy": {
      "violation_rate": 0.99628,
      "violation_count": 24907,
      "total_steps": 25000
    },
    "power": {
      "violation_rate": 0.0,
      "violation_count": 0,
      "total_steps": 25000
    }
  },
  "convergence_episode": 50,
  "n_training_episodes": 50,
  "reward_history": [
    -4848.310325622559,
    -2591.596492767334,
    -4856.044076919556,
    -2595.072009086609,
    -2804.1766958236694,
    -2817.810658454895,
    -3674.342593193054,
    -3980.185754776001,
    -3997.22456741333,
    -6609.480754852295,
    -3984.0620288848877,
    -6577.534717559814,
    -6572.175703048706,
    -6585.025863647461,
    -6574.328540802002,
    -2761.590111732483,
    -6533.114332199097,
    -6532.54043006897,
    -6528.996706008911,
    -6486.0836181640625,
    -4777.749464035034,
    -4746.537599563599,
    -3525.5320539474487,
    -3528.023359298706,
    -6489.5010623931885,
    -6499.782962799072,
    -2674.220447540283,
    -6484.358907699585,
    -6491.397113800049,
    -3508.5230627059937,
    -3910.7244548797607,
    -6476.232364654541,
    -3511.524787902832,
    -3905.8577709198,
    -2461.556125640869,
    -3893.566059112549,
    -2472.805703163147,
    -3482.450756072998,
    -6465.6447830200195,
    -6460.720413208008,
    -6475.6253662109375,
    -4699.129306793213,
    -2460.4079275131226,
    -6459.2879428863525,
    -2458.949252128601,
    -2653.2593297958374,
    -3897.431646347046,
    -2459.8658504486084,
    -6475.832626342773,
    -2669.5502738952637
  ],
  "epsilon_log": []
}