{
  "violation_rate": [
    0.002,
    0.0
  ],
  "cbf_violation_rate": [
    0.002,
    0.0
  ],
  "cumulative_reward": [
    -10853.09280467987,
    5.395734037156844
  ],
  "tracking_rmse": {
    "pressure": [
      4.56946370546227,
      0.0011737465271658557
    ],
    "enthalpy": [
      27.943940959567545,
      0.0029789863760072348
    ],
    "power": [
      0.2247390618079116,
      0.00718981714047126
    ]
  },
  "control_cost": [
    6555.61423828125,
    55.58770554085799
  ],
  "min_barrier_value": [
    -0.000244140625,
    0.0
  ],
  "online_time_ms": [
    15.287638146881946,
    3.2212370435426476
  ],
  "per_constraint_type": {
    "pressure": {
      "violation_rate": 0.0,
      "violation_count": 0,
      "total_steps": 25000
    },
    "enthalpy": {
      "violation_rate": 0.002,
      "violation_count": 50,
      "total_steps": 25000
    },
    "power": {
      "violation_rate": 0.0,
      "violation_count": 0,
      "total_steps": 25000
    }
  },
  "convergence_episode": 50,
  "n_training_episodes": 50,
  "reward_history": [
    -4843.02374458313,
    -4823.616905212402,
    -4853.252077102661,
    -4836.612329483032,
    -4845.766456604004,
    -4847.630746841431,
    -4846.625982284546,
    -4818.464059829712,
    -4831.589515686035,
    -4844.946807861328,
    -4824.152017593384,
    -4825.2183475494385,
    -4776.077926635742,
    -4790.552154541016,
    -4777.409091949463,
    -4766.307479858398,
    -4781.8160190582275,
    -4758.5025424957275,
    -4768.413097381592,
    -4756.428936004639,
    -4744.40761756897,
    -4744.827606201172,
    -4742.746458053589,
    -4714.586790084839,
    -4723.231327056885,
    -4734.101491928101,
    -4716.737676620483,
    -4740.184190750122,
    -4718.495489120483,
    -4721.727828979492,
    -4701.509073257446,
    -4727.706378936768,
    -4724.416368484497,
    -4696.0590534210205,
    -4720.897693634033,
    -4722.573122024536,
    -4720.340770721436,
    -4719.661624908447,
    -4700.931314468384,
    -4680.6805782318115,
    -4698.866060256958,
    -4708.945663452148,
    -4692.574007034302,
    -4714.213125228882,
    -4689.760622024536,
    -4710.501558303833,
    -4712.263111114502,
    -4681.415784835815,
    -4709.692682266235,
    -4693.867458343506
  ],
  "epsilon_log": []
}