{
  "violation_rate": [
    0.00196,
    0.00028
  ],
  "cbf_violation_rate": [
    0.00196,
    0.00028
  ],
  "cumulative_reward": [
    -9052.842553520202,
    5.099375356032298
  ],
  "tracking_rmse": {
    "pressure": [
      3.6519469463808383,
      0.0012712005687396508
    ],
    "enthalpy": [
      27.92631244560425,
      0.019572179901827146
    ],
    "power": [
      19.879618090662078,
      0.010259766121437525
    ]
  },
  "control_cost": [
    4216.7255029296875,
    69.73645702719251
  ],
  "min_barrier_value": [
    -0.0002392578125,
    3.4179687499999996e-05
  ],
  "online_time_ms": [
    12.29813306293916,
    3.4942163569596483
  ],
  "per_constraint_type": {
    "pressure": {
      "violation_rate": 0.0,
      "violation_count": 0,
      "total_steps": 25000
    },
    "enthalpy": {
      "violation_rate": 0.00196,
      "violation_count": 49,
      "total_steps": 25000
    },
    "power": {
      "violation_rate": 0.0,
      "violation_count": 0,
      "total_steps": 25000
    }
  },
  "convergence_episode": 50,
  "n_training_episodes": 50,
  "reward_history": [
    -4020.72739982605,
    -4025.2382049560547,
    -4039.3322200775146,
    -3997.623659133911,
    -3985.420295715332,
    -3997.197462081909,
    -3964.855842590332,
    -3984.321418762207,
    -3967.7730751037598,
    -3981.735059738159,
    -3992.84912109375,
    -3966.700304031372,
    -3976.2051486968994,
    -3956.3970527648926,
    -3961.1289405822754,
    -3931.6812381744385,
    -3937.3743209838867,
    -3933.777130126953,
    -3933.264392852783,
    -3927.359155654907,
    -3910.3943252563477,
    -3915.8125343322754,
    -3901.2570629119873,
    -3886.3872928619385,
    -3882.7196731567383,
    -3881.881181716919,
    -3874.746810913086,
    -3885.140459060669,
    -3888.926034927368,
    -3886.1687412261963,
    -3860.8160247802734,
    -3861.4775714874268,
    -3832.889280319214,
    -3859.543056488037,
    -3873.7480506896973,
    -3841.3617820739746,
    -3870.1645278930664,
    -3865.2297439575195,
    -3862.978796005249,
    -3853.20804977417,
    -3855.486337661743,
    -3856.3724880218506,
    -3860.2384510040283,
    -3849.83402633667,
    -3853.0802001953125,
    -3858.2089252471924,
    -3844.1876277923584,
    -3828.078681945801,
    -3835.552463531494,
    -3842.3210220336914
  ],
  "epsilon_log": []
}