{
  "violation_rate": [
    0.99824,
    0.0015818975946628165
  ],
  "cbf_violation_rate": [
    0.99824,
    0.0015818975946628165
  ],
  "cumulative_reward": [
    -6157.306120929718,
    16.658769205624296
  ],
  "tracking_rmse": {
    "pressure": [
      2.7309407368299765,
      0.0016123483924253496
    ],
    "enthalpy": [
      51.06047798008145,
      0.32709499909716544
    ],
    "power": [
      14.913728914048411,
      0.011260147610951239
    ]
  },
  "control_cost": [
    1949.1053442382813,
    74.90967557732894
  ],
  "min_barrier_value": [
    -45.862373046875,
    2.804613853928555
  ],
  "online_time_ms": [
    0.0,
    0.0
  ],
  "per_constraint_type": {
    "pressure": {
      "violation_rate": 0.0,
      "violation_count": 0,
      "total_steps": 25000
    },
    "enthalpy": {
      "violation_rate": 0.99824,
      "violation_count": 24956,
      "total_steps": 25000
    },
    "power": {
      "violation_rate": 0.0,
      "violation_count": 0,
      "total_steps": 25000
    }
  },
  "convergence_episode": 50,
  "n_training_episodes": 50,
  "reward_history": [
    -2778.839963912964,
    -2791.6749925613403,
    -4025.2916412353516,
    -2571.666039466858,
    -3683.2265462875366,
    -6614.242017745972,
    -2593.0633087158203,
    -3976.144971847534,
    -4831.690382003784,
    -4836.51411819458,
    -2550.226475715637,
    -2524.4909896850586,
    -4828.09722328186,
    -3980.2590312957764,
    -2766.639394760132,
    -2539.4958629608154,
    -2503.6819276809692,
    -2751.5640172958374,
    -3950.927906036377,
    -3556.7077293395996,
    -2723.1600008010864,
    -3581.0304098129272,
    -2706.288040161133,
    -2668.9690017700195,
    -6487.012519836426,
    -3534.297653198242,
    -3535.2588415145874,
    -2667.3534898757935,
    -6482.193572998047,
    -4729.499658584595,
    -3905.7083320617676,
    -6461.803524017334,
    -6476.005374908447,
    -2660.1653213500977,
    -3887.8059730529785,
    -2477.25497341156,
    -3498.8081007003784,
    -6463.607332229614,
    -2472.0299072265625,
    -2472.2164945602417,
    -4694.754066467285,
    -2662.748582839966,
    -3505.3770780563354,
    -3504.4536514282227,
    -2484.7438249588013,
    -2483.880027770996,
    -2465.8011169433594,
    -4694.402484893799,
    -4694.8927211761475,
    -2456.37167263031
  ],
  "epsilon_log": []
}