{
  "violation_rate": [
    0.9907200000000002,
    0.003411978897941782
  ],
  "cbf_violation_rate": [
    0.9907200000000002,
    0.003411978897941782
  ],
  "cumulative_reward": [
    -9725.360438461305,
    15.338389017784657
  ],
  "tracking_rmse": {
    "pressure": [
      3.6509637581757968,
      0.001207300683068308
    ],
    "enthalpy": [
      45.99968930918495,
      0.31534493662533725
    ],
    "power": [
      19.913955884249248,
      0.010592296980505242
    ]
  },
  "control_cost": [
    1945.5964672851562,
    68.17610542627185
  ],
  "min_barrier_value": [
    -39.73376953125,
    2.5938786776876306
  ],
  "online_time_ms": [
    9.76134972302243,
    1.7154714894012995
  ],
  "per_constraint_type": {
    "pressure": {
      "violation_rate": 0.0,
      "violation_count": 0,
      "total_steps": 25000
    },
    "enthalpy": {
      "violation_rate": 0.99072,
      "violation_count": 24768,
      "total_steps": 25000
    },
    "power": {
      "violation_rate": 0.0,
      "violation_count": 0,
      "total_steps": 25000
    }
  },
  "convergence_episode": 50,
  "n_training_episodes": 50,
  "reward_history": [
    -2801.1055154800415,
    -6596.517183303833,
    -4035.102025985718,
    -3674.169403076172,
    -4009.3066272735596,
    -4839.241115570068,
    -2795.733352661133,
    -3964.1546993255615,
    -4835.402952194214,
    -2791.931058883667,
    -3980.9388065338135,
    -3631.6562032699585,
    -6577.753223419189,
    -4824.069631576538,
    -4825.830266952515,
    -3948.416612625122,
    -3603.6860542297363,
    -3923.273145675659,
    -2516.223382949829,
    -3929.226833343506,
    -2718.7553634643555,
    -3567.628523826599,
    -2710.977927207947,
    -3893.334665298462,
    -2681.2475366592407,
    -6493.603931427002,
    -3910.6235942840576,
    -4709.080286026001,
    -2461.568236351013,
    -3492.2482357025146,
    -4712.243764877319,
    -4730.848796844482,
    -2451.276741027832,
    -3902.2397289276123,
    -3492.9540185928345,
    -4713.750070571899,
    -3895.42378616333,
    -3515.952832221985,
    -6455.769798278809,
    -3895.3926887512207,
    -3888.0549030303955,
    -4706.497373580933,
    -3873.786518096924,
    -2461.0029525756836,
    -4716.130819320679,
    -4688.925981521606,
    -4709.361349105835,
    -2665.371008872986,
    -2473.340229034424,
    -3493.801124572754
  ],
  "epsilon_log": []
}