{
  "violation_rate": [
    0.0,
    0.0
  ],
  "cbf_violation_rate": [
    0.0,
    0.0
  ],
  "cumulative_reward": [
    -38.97321812788196,
    2.34512323653552
  ],
  "tracking_rmse": {
    "pressure": [
      0.02426185765657614,
      0.0013585988652219888
    ],
    "enthalpy": [
      8.720779164639174,
      0.26593646219057665
    ],
    "power": [
      0.27396811691695455,
      0.009889439022824065
    ]
  },
  "control_cost": [
    1709.9990502929688,
    66.08974302518249
  ],
  "min_barrier_value": [
    0.7838283157348633,
    0.6139929963358217
  ],
  "online_time_ms": [
    10.014021879506764,
    1.7176919847646648
  ],
  "per_constraint_type": {
    "pressure": {
      "violation_rate": 0.0,
      "violation_count": 0,
      "total_steps": 25000
    },
    "enthalpy": {
      "violation_rate": 0.0,
      "violation_count": 0,
      "total_steps": 25000
    },
    "power": {
      "violation_rate": 0.0,
      "violation_count": 0,
      "total_steps": 25000
    }
  },
  "convergence_episode": 50,
  "n_training_episodes": 50,
  "reward_history": [
    -18.037361880589742,
    -18.488432186393766,
    -19.497797919422737,
    -21.343433341011405,
    -19.80909240659821,
    -18.810168849006004,
    -18.6327565517131,
    -14.482580387833877,
    -16.384037850482855,
    -14.549837166152429,
    -17.156379433145048,
    -14.608729323372245,
    -14.907247120660031,
    -16.415258109773276,
    -18.51311891443038,
    -14.327843635954196,
    -16.168602452613413,
    -16.264128592360066,
    -15.954792260097747,
    -13.109759392769774,
    -15.78355152856966,
    -15.901070333464304,
    -15.872940469591413,
    -15.094940491573652,
    -15.964480290538631,
    -18.147659236885374,
    -15.188504124816973,
    -14.885864010488149,
    -19.288435243652202,
    -13.997785882878816,
    -13.782029489608249,
    -18.390440487310116,
    -16.49311646411661,
    -18.59180071183073,
    -13.586750883594505,
    -15.38750448115752,
    -15.624557927112619,
    -13.664989225682802,
    -16.663461348682176,
    -16.80488203256391,
    -14.543390634586103,
    -14.709166465007002,
    -18.188013290666277,
    -13.879852226004004,
    -16.854891331866384,
    -14.578919389517978,
    -15.484754889090254,
    -15.302257511852076,
    -15.490080836549168,
    -16.88990664195444
  ],
  "epsilon_log": []
}