{
  "violation_rate": [
    0.9991600000000002,
    0.0012705904139414883
  ],
  "cbf_violation_rate": [
    0.9991600000000002,
    0.0012705904139414883
  ],
  "cumulative_reward": [
    -11763.180191688538,
    15.745811723126996
  ],
  "tracking_rmse": {
    "pressure": [
      4.569947153280598,
      0.001564117983269695
    ],
    "enthalpy": [
      50.93007861763966,
      0.29742704875383785
    ],
    "power": [
      0.2177397639982198,
      0.008399996345979337
    ]
  },
  "control_cost": [
    1949.4908471679687,
    74.9403826047804
  ],
  "min_barrier_value": [
    -43.73466796875,
    2.55204503903885
  ],
  "online_time_ms": [
    0.0,
    0.0
  ],
  "per_constraint_type": {
    "pressure": {
      "violation_rate": 0.0,
      "violation_count": 0,
      "total_steps": 25000
    },
    "enthalpy": {
      "violation_rate": 0.99916,
      "violation_count": 24979,
      "total_steps": 25000
    },
    "power": {
      "violation_rate": 0.0,
      "violation_count": 0,
      "total_steps": 25000
    }
  },
  "convergence_episode": 50,
  "n_training_episodes": 50,
  "reward_history": [
    -2778.839963912964,
    -2791.6749925613403,
    -4025.2916412353516,
    -4823.809383392334,
    -3683.218210220337,
    -6614.186351776123,
    -2593.7614307403564,
    -3976.525438308716,
    -4831.626823425293,
    -4836.470651626587,
    -2551.8856077194214,
    -4804.519626617432,
    -4827.427101135254,
    -3979.206813812256,
    -2764.9602975845337,
    -2538.3964109420776,
    -4777.992977142334,
    -2749.1727237701416,
    -3948.6763591766357,
    -3552.991057395935,
    -2720.9259815216064,
    -3579.3944520950317,
    -2710.2708835601807,
    -2675.26131439209,
    -6490.832191467285,
    -3535.4384717941284,
    -3534.423352241516,
    -2666.7271032333374,
    -6482.001331329346,
    -4729.565118789673,
    -3906.2640342712402,
    -6462.739404678345,
    -6477.209056854248,
    -2661.5774631500244,
    -3889.0622062683105,
    -2478.4500370025635,
    -3500.664978504181,
    -6465.278257369995,
    -4717.251668930054,
    -4721.914812088013,
    -4695.991422653198,
    -2663.8104343414307,
    -3506.4158067703247,
    -3505.3607425689697,
    -4726.887790679932,
    -2484.513828277588,
    -2466.322289466858,
    -4694.777721405029,
    -4695.229112625122,
    -2456.7417278289795
  ],
  "epsilon_log": []
}