{
  "violation_rate": [
    0.9958400000000001,
    0.0026785070468453155
  ],
  "cbf_violation_rate": [
    0.9958400000000001,
    0.0026785070468453155
  ],
  "cumulative_reward": [
    -8777.054744615554,
    18.670925175158626
  ],
  "tracking_rmse": {
    "pressure": [
      3.8992453098731135,
      0.0017155066867902478
    ],
    "enthalpy": [
      48.10062510779738,
      0.3651349531783912
    ],
    "power": [
      0.2259071608323241,
      0.00741698765129823
    ]
  },
  "control_cost": [
    1947.6784228515626,
    68.22464466875982
  ],
  "min_barrier_value": [
    -42.1612890625,
    3.2013825930625663
  ],
  "online_time_ms": [
    0.0,
    0.0
  ],
  "per_constraint_type": {
    "pressure": {
      "violation_rate": 0.0,
      "violation_count": 0,
      "total_steps": 25000
    },
    "enthalpy": {
      "violation_rate": 0.99584,
      "violation_count": 24896,
      "total_steps": 25000
    },
    "power": {
      "violation_rate": 0.0,
      "violation_count": 0,
      "total_steps": 25000
    }
  },
  "convergence_episode": 50,
  "n_training_episodes": 50,
  "reward_history": [
    -2801.1055154800415,
    -6596.517183303833,
    -4035.1933422088623,
    -3674.1689624786377,
    -3673.338641166687,
    -4839.227060317993,
    -2795.7704467773438,
    -3639.4060678482056,
    -4835.534103393555,
    -2792.054711341858,
    -3983.909465789795,
    -3631.941749572754,
    -6578.084754943848,
    -4824.626903533936,
    -4826.580635070801,
    -3949.7866611480713,
    -3605.0845136642456,
    -3576.654312133789,
    -2522.059615135193,
    -3931.07883644104,
    -2719.946933746338,
    -3569.2090520858765,
    -2712.505506515503,
    -3526.041830062866,
    -2682.9246368408203,
    -6495.033218383789,
    -3913.7259674072266,
    -4710.790319442749,
    -2465.024697303772,
    -3494.240153312683,
    -4713.967079162598,
    -4732.534706115723,
    -2454.1847953796387,
    -3904.6595401763916,
    -3494.5650215148926,
    -4715.022510528564,
    -3897.1178913116455,
    -3517.1844692230225,
    -6456.650743484497,
    -3896.4835720062256,
    -3888.9787216186523,
    -4707.113039016724,
    -3480.551839828491,
    -2461.722412109375,
    -4716.657697677612,
    -4689.456602096558,
    -4709.880035400391,
    -2666.149061203003,
    -2473.8362340927124,
    -3494.918614387512
  ],
  "epsilon_log": []
}