{
  "violation_rate": [
    0.0,
    0.0
  ],
  "cbf_violation_rate": [
    0.0,
    0.0
  ],
  "cumulative_reward": [
    -39.6496522038307,
    2.952190586069497
  ],
  "tracking_rmse": {
    "pressure": [
      0.02440407379196358,
      0.001228522555007767
    ],
    "enthalpy": [
      8.798211306638066,
      0.33776378659132833
    ],
    "power": [
      0.27177747967733995,
      0.008851422778701273
    ]
  },
  "control_cost": [
    1706.1581372070314,
    62.980877131602604
  ],
  "min_barrier_value": [
    1.3280780792236329,
    0.00696750657567017
  ],
  "online_time_ms": [
    9.85310887256288,
    3.422448592011532
  ],
  "per_constraint_type": {
    "pressure": {
      "violation_rate": 0.0,
      "violation_count": 0,
      "total_steps": 25000
    },
    "enthalpy": {
      "violation_rate": 0.0,
      "violation_count": 0,
      "total_steps": 25000
    },
    "power": {
      "violation_rate": 0.0,
      "violation_count": 0,
      "total_steps": 25000
    }
  },
  "convergence_episode": 50,
  "n_training_episodes": 50,
  "reward_history": [
    -20.057257749998826,
    -18.83990044615348,
    -18.914927427074872,
    -22.255221858184086,
    -21.5863378214126,
    -21.386619387194514,
    -18.4248251534882,
    -14.663896736514289,
    -18.8128254970361,
    -15.917881836241577,
    -17.349502535071224,
    -18.526989008212695,
    -15.075465643079951,
    -14.047487540723523,
    -14.370641244808212,
    -17.223386773694074,
    -15.294178295211168,
    -17.13275937034632,
    -13.905919420722057,
    -19.599790358741302,
    -15.521993509053573,
    -16.05652098430437,
    -15.25708336813841,
    -13.382532825504313,
    -16.176858435443137,
    -15.058976097789127,
    -14.513673843597644,
    -16.269419238582486,
    -14.613223684558761,
    -17.624849794330657,
    -15.545299287507078,
    -16.08923262740427,
    -15.697798920038622,
    -16.994932879286353,
    -15.13135549906292,
    -15.429264935548417,
    -15.489095444092527,
    -14.512113476288505,
    -14.961086112714838,
    -14.444965214381227,
    -15.446702913337504,
    -14.416122042079223,
    -17.554482945182826,
    -18.814222374552628,
    -13.72540714906063,
    -14.045238051796332,
    -17.40470595075749,
    -15.670570497983135,
    -17.245310973434243,
    -15.23229039722355
  ],
  "epsilon_log": []
}