{
  "violation_rate": [
    0.00188,
    0.0004749736834815167
  ],
  "cbf_violation_rate": [
    0.00188,
    0.0004749736834815167
  ],
  "cumulative_reward": [
    -9054.276442604065,
    5.370079680135608
  ],
  "tracking_rmse": {
    "pressure": [
      3.652353976789269,
      0.0014988189106237356
    ],
    "enthalpy": [
      27.92372139719221,
      0.01864891394687496
    ],
    "power": [
      19.879747846788074,
      0.008915851323020106
    ]
  },
  "control_cost": [
    4210.671069335937,
    58.72255148596685
  ],
  "min_barrier_value": [
    -0.0002294921875,
    5.798018597186484e-05
  ],
  "online_time_ms": [
    13.835776198711246,
    4.086618690846426
  ],
  "per_constraint_type": {
    "pressure": {
      "violation_rate": 0.0,
      "violation_count": 0,
      "total_steps": 25000
    },
    "enthalpy": {
      "violation_rate": 0.00188,
      "violation_count": 47,
      "total_steps": 25000
    },
    "power": {
      "violation_rate": 0.0,
      "violation_count": 0,
      "total_steps": 25000
    }
  },
  "convergence_episode": 50,
  "n_training_episodes": 50,
  "reward_history": [
    -4010.4385089874268,
    -4028.579921722412,
    -4009.8678131103516,
    -4004.077419281006,
    -3994.6506175994873,
    -3994.117832183838,
    -3981.5726890563965,
    -3980.4314155578613,
    -4008.3028984069824,
    -3975.158473968506,
    -3975.7869987487793,
    -3988.1964359283447,
    -3961.454216003418,
    -3964.926107406616,
    -3956.68150138855,
    -3944.7508964538574,
    -3944.034843444824,
    -3952.969995498657,
    -3934.6189041137695,
    -3942.977378845215,
    -3908.5690631866455,
    -3919.35662651062,
    -3913.358238220215,
    -3894.195281982422,
    -3910.2718868255615,
    -3886.690647125244,
    -3868.204698562622,
    -3895.067071914673,
    -3858.746696472168,
    -3884.2462635040283,
    -3878.6874675750732,
    -3878.483730316162,
    -3846.5179347991943,
    -3857.5425205230713,
    -3862.957805633545,
    -3868.4668369293213,
    -3853.891077041626,
    -3870.09153175354,
    -3858.9951496124268,
    -3836.4640464782715,
    -3850.805570602417,
    -3884.2056636810303,
    -3846.808702468872,
    -3858.3513622283936,
    -3864.4578437805176,
    -3837.8837718963623,
    -3845.323070526123,
    -3842.247718811035,
    -3852.5364112854004,
    -3850.4163913726807
  ],
  "epsilon_log": []
}