{
  "violation_rate": [
    0.0006,
    0.001341640786499874
  ],
  "cbf_violation_rate": [
    0.0006,
    0.001341640786499874
  ],
  "cumulative_reward": [
    -10853.784984931946,
    6.755476793575308
  ],
  "tracking_rmse": {
    "pressure": [
      4.569618262509346,
      0.0014833266629548287
    ],
    "enthalpy": [
      27.944791370209586,
      0.0016388185288625935
    ],
    "power": [
      0.22479593646330243,
      0.006837977542888722
    ]
  },
  "control_cost": [
    6557.685029296875,
    58.30244614264018
  ],
  "min_barrier_value": [
    -4.8828125e-05,
    9.765625e-05
  ],
  "online_time_ms": [
    15.356492809590417,
    3.3372917956715145
  ],
  "per_constraint_type": {
    "pressure": {
      "violation_rate": 0.0,
      "violation_count": 0,
      "total_steps": 25000
    },
    "enthalpy": {
      "violation_rate": 0.0006,
      "violation_count": 15,
      "total_steps": 25000
    },
    "power": {
      "violation_rate": 0.0,
      "violation_count": 0,
      "total_steps": 25000
    }
  },
  "convergence_episode": 50,
  "n_training_episodes": 50,
  "reward_history": [
    -4831.1860065460205,
    -4849.00643157959,
    -4835.689548492432,
    -4841.211994171143,
    -4848.575866699219,
    -4854.744695663452,
    -4839.832399368286,
    -4840.311948776245,
    -4868.558057785034,
    -4835.736661911011,
    -4829.859657287598,
    -4830.123828887939,
    -4784.795768737793,
    -4787.444557189941,
    -4776.22843170166,
    -4769.186550140381,
    -4768.679885864258,
    -4782.009845733643,
    -4764.52735710144,
    -4774.645086288452,
    -4739.646879196167,
    -4755.401344299316,
    -4749.344436645508,
    -4731.854270935059,
    -4748.054050445557,
    -4725.314254760742,
    -4709.480815887451,
    -4738.659526824951,
    -4699.576362609863,
    -4732.055713653564,
    -4724.7172203063965,
    -4728.894702911377,
    -4696.354215621948,
    -4707.226585388184,
    -4712.939832687378,
    -4722.806995391846,
    -4705.395578384399,
    -4724.690050125122,
    -4714.877601623535,
    -4686.552526473999,
    -4701.51554107666,
    -4739.900478363037,
    -4699.816673278809,
    -4711.356647491455,
    -4716.7422523498535,
    -4689.956398010254,
    -4697.335493087769,
    -4693.962844848633,
    -4702.43984413147,
    -4701.920896530151
  ],
  "epsilon_log": []
}