{
  "violation_rate": [
    0.0008000000000000001,
    0.0010583005244258362
  ],
  "cbf_violation_rate": [
    0.0008000000000000001,
    0.0010583005244258362
  ],
  "cumulative_reward": [
    -39.24266476776043,
    2.020840660711141
  ],
  "tracking_rmse": {
    "pressure": [
      0.0338266666951711,
      0.0016493032528164281
    ],
    "enthalpy": [
      8.717730283619652,
      0.2279624752875638
    ],
    "power": [
      0.2715538403902738,
      0.007858776761725002
    ]
  },
  "control_cost": [
    1902.6021801757813,
    71.08886004223355
  ],
  "min_barrier_value": [
    0.6559562301635742,
    0.6350011168289644
  ],
  "online_time_ms": [
    9.662081131241285,
    1.715822985270938
  ],
  "per_constraint_type": {
    "pressure": {
      "violation_rate": 0.0,
      "violation_count": 0,
      "total_steps": 25000
    },
    "enthalpy": {
      "violation_rate": 0.0008,
      "violation_count": 20,
      "total_steps": 25000
    },
    "power": {
      "violation_rate": 0.0,
      "violation_count": 0,
      "total_steps": 25000
    }
  },
  "convergence_episode": 50,
  "n_training_episodes": 50,
  "reward_history": [
    -4848.310325622559,
    -2591.5965719223022,
    -4856.044076919556,
    -2595.0656394958496,
    -2804.1766510009766,
    -2817.809880256653,
    -3674.3369674682617,
    -3979.1472148895264,
    -3996.912696838379,
    -6609.479768753052,
    -3984.062662124634,
    -14.096276015334297,
    -6573.926584243774,
    -6588.673227310181,
    -6578.849685668945,
    -2763.6233711242676,
    -6528.040214538574,
    -15.820116815099027,
    -14.844175548583735,
    -6493.104549407959,
    -4785.944496154785,
    -4755.181629180908,
    -3535.7425394058228,
    -3537.63733959198,
    -6497.465333938599,
    -14.752337575453566,
    -2680.9806003570557,
    -13.111804935084365,
    -17.476752277376363,
    -3517.2902488708496,
    -3917.1481590270996,
    -6485.656326293945,
    -3521.3461027145386,
    -3911.945348739624,
    -2466.055799484253,
    -3899.135824203491,
    -2477.0344066619873,
    -3490.62242603302,
    -6473.183305740356,
    -6467.929233551025,
    -6482.375400543213,
    -4704.661922454834,
    -2464.140272140503,
    -17.05492573432275,
    -2462.4618310928345,
    -2658.494563102722,
    -3901.5090942382812,
    -2463.367106437683,
    -15.853214639239013,
    -2674.4550065994263
  ],
  "epsilon_log": []
}