{
  "violation_rate": [
    0.9954400000000001,
    0.0030994193004496855
  ],
  "cbf_violation_rate": [
    0.9954400000000001,
    0.0030994193004496855
  ],
  "cumulative_reward": [
    -16155.395886688233,
    15.482735086893621
  ],
  "tracking_rmse": {
    "pressure": [
      5.489139872743358,
      0.0014705733769204774
    ],
    "enthalpy": [
      45.98258018174559,
      0.3157060592237857
    ],
    "power": [
      0.2074845888279569,
      0.006979324330882083
    ]
  },
  "control_cost": [
    1941.5449365234374,
    83.69551906474615
  ],
  "min_barrier_value": [
    -37.5179541015625,
    2.2354185045637083
  ],
  "online_time_ms": [
    0.0,
    0.0
  ],
  "per_constraint_type": {
    "pressure": {
      "violation_rate": 0.0,
      "violation_count": 0,
      "total_steps": 25000
    },
    "enthalpy": {
      "violation_rate": 0.99544,
      "violation_count": 24886,
      "total_steps": 25000
    },
    "power": {
      "violation_rate": 0.0,
      "violation_count": 0,
      "total_steps": 25000
    }
  },
  "convergence_episode": 50,
  "n_training_episodes": 50,
  "reward_history": [
    -2597.924048423767,
    -6608.061124801636,
    -4856.542772293091,
    -2799.737617492676,
    -6606.853311538696,
    -6594.05712890625,
    -3658.8135261535645,
    -4006.089994430542,
    -4849.973524093628,
    -2561.7500677108765,
    -3969.2545318603516,
    -4831.914758682251,
    -3624.8922290802,
    -6555.498533248901,
    -6564.66947555542,
    -6560.19179725647,
    -6555.099798202515,
    -2483.9269523620605,
    -6536.214376449585,
    -2724.225622177124,
    -2723.725031852722,
    -2729.430661201477,
    -3555.9681282043457,
    -3898.8788738250732,
    -4736.491939544678,
    -4742.161273956299,
    -2694.0398082733154,
    -2479.0768213272095,
    -4728.014623641968,
    -6477.15382194519,
    -2482.0555601119995,
    -2664.922839164734,
    -2671.283591270447,
    -6482.152172088623,
    -6468.3506717681885,
    -3900.4651851654053,
    -6472.144948959351,
    -4726.638891220093,
    -6462.047082901001,
    -4710.35774230957,
    -4702.018304824829,
    -6476.028411865234,
    -2640.290686607361,
    -2451.2104091644287,
    -4722.163953781128,
    -6457.355829238892,
    -3914.6821422576904,
    -3897.3305015563965,
    -4709.255136489868,
    -4684.010578155518
  ],
  "epsilon_log": []
}