{
  "violation_rate": [
    0.9914800000000001,
    0.0037907255242235656
  ],
  "cbf_violation_rate": [
    0.9914800000000001,
    0.0037907255242235656
  ],
  "cumulative_reward": [
    -9723.73135231018,
    14.812609966140883
  ],
  "tracking_rmse": {
    "pressure": [
      3.6504465265566193,
      0.0015884358732433646
    ],
    "enthalpy": [
      46.01497686127322,
      0.31181710938085866
    ],
    "power": [
      19.911918177864187,
      0.010767870867462082
    ]
  },
  "control_cost": [
    1946.43693359375,
    74.92993233324925
  ],
  "min_barrier_value": [
    -39.0735986328125,
    1.424663043932436
  ],
  "online_time_ms": [
    9.81651031488378,
    17.467141364145178
  ],
  "per_constraint_type": {
    "pressure": {
      "violation_rate": 0.0,
      "violation_count": 0,
      "total_steps": 25000
    },
    "enthalpy": {
      "violation_rate": 0.99148,
      "violation_count": 24787,
      "total_steps": 25000
    },
    "power": {
      "violation_rate": 0.0,
      "violation_count": 0,
      "total_steps": 25000
    }
  },
  "convergence_episode": 50,
  "n_training_episodes": 50,
  "reward_history": [
    -2778.8399934768677,
    -2791.6749925613403,
    -4025.131757736206,
    -3992.7408027648926,
    -3683.2106285095215,
    -6614.149175643921,
    -2582.30655670166,
    -3974.7739639282227,
    -4831.377637863159,
    -4836.274351119995,
    -2541.098773956299,
    -3955.638542175293,
    -4827.611198425293,
    -3979.5139770507812,
    -2765.575991630554,
    -2538.757613182068,
    -3936.0379028320312,
    -2749.7427368164062,
    -3948.5917415618896,
    -3553.830066680908,
    -2721.3351669311523,
    -3578.8611068725586,
    -2709.4102573394775,
    -2673.981614112854,
    -6489.484132766724,
    -3534.4186277389526,
    -3531.936894416809,
    -2661.900326728821,
    -6475.407903671265,
    -4720.477947235107,
    -3898.2649574279785,
    -6453.392370223999,
    -6469.0427894592285,
    -2654.472604751587,
    -3883.2377891540527,
    -2472.311014175415,
    -3494.9601941108704,
    -6461.41414642334,
    -3897.030750274658,
    -3898.127317428589,
    -4693.086334228516,
    -2661.4123191833496,
    -3503.9344844818115,
    -3503.181583404541,
    -3909.390962600708,
    -2482.8111000061035,
    -2464.8343620300293,
    -4693.616233825684,
    -4694.178350448608,
    -2455.673394203186
  ],
  "epsilon_log": []
}