{
  "violation_rate": [
    0.0,
    0.0
  ],
  "cbf_violation_rate": [
    0.0,
    0.0
  ],
  "cumulative_reward": [
    -5960.190788116455,
    6.280915431360242
  ],
  "tracking_rmse": {
    "pressure": [
      3.334120325069999,
      0.0018735570634820886
    ],
    "enthalpy": [
      27.905257464562798,
      0.01406471758281352
    ],
    "power": [
      0.23245067457254817,
      0.007933718325364986
    ]
  },
  "control_cost": [
    4127.110610351562,
    55.79102748811371
  ],
  "min_barrier_value": [
    0.0,
    0.0
  ],
  "online_time_ms": [
    10.47684407524066,
    2.4761765952524124
  ],
  "per_constraint_type": {
    "pressure": {
      "violation_rate": 0.0,
      "violation_count": 0,
      "total_steps": 25000
    },
    "enthalpy": {
      "violation_rate": 0.0,
      "violation_count": 0,
      "total_steps": 25000
    },
    "power": {
      "violation_rate": 0.0,
      "violation_count": 0,
      "total_steps": 25000
    }
  },
  "convergence_episode": 50,
  "n_training_episodes": 50,
  "reward_history": [
    -2799.512508392334,
    -2779.1724605560303,
    -2809.173501968384,
    -2791.425401687622,
    -2801.7106008529663,
    -2801.4820852279663,
    -2801.9803133010864,
    -2771.840078353882,
    -2783.90461063385,
    -2797.759202003479,
    -2773.161988258362,
    -2769.33819770813,
    -2727.1777544021606,
    -2744.3669385910034,
    -2730.5326051712036,
    -2719.9881629943848,
    -2733.9929599761963,
    -2709.8736429214478,
    -2718.4804639816284,
    -2707.314233779907,
    -2694.5272550582886,
    -2693.850784301758,
    -2691.9621381759644,
    -2661.888684272766,
    -2670.179759979248,
    -2681.4925661087036,
    -2664.0527782440186,
    -2687.4872703552246,
    -2663.913475036621,
    -2668.022698402405,
    -2646.2391452789307,
    -2670.6552228927612,
    -2668.8806953430176,
    -2639.639470100403,
    -2665.210916519165,
    -2664.8228120803833,
    -2664.484627723694,
    -2664.0941858291626,
    -2644.9551401138306,
    -2626.2471923828125,
    -2642.024426460266,
    -2655.889820098877,
    -2637.148136138916,
    -2659.484253883362,
    -2633.0440788269043,
    -2655.8764028549194,
    -2657.002167701721,
    -2626.280523300171,
    -2655.6983737945557,
    -2638.190591812134
  ],
  "epsilon_log": []
}