{
  "violation_rate": [
    0.99196,
    0.0035211361802690933
  ],
  "cbf_violation_rate": [
    0.99196,
    0.0035211361802690933
  ],
  "cumulative_reward": [
    -6640.566920089722,
    13.73560458562863
  ],
  "tracking_rmse": {
    "pressure": [
      3.335435494371897,
      0.002584437942466996
    ],
    "enthalpy": [
      46.13115458435447,
      0.29807879763084016
    ],
    "power": [
      0.23298919749132355,
      0.006743881415798872
    ]
  },
  "control_cost": [
    1929.81953125,
    71.95133180119676
  ],
  "min_barrier_value": [
    -39.9339990234375,
    1.4280912621601087
  ],
  "online_time_ms": [
    9.79056481860811,
    1.8334947304825353
  ],
  "per_constraint_type": {
    "pressure": {
      "violation_rate": 0.0,
      "violation_count": 0,
      "total_steps": 25000
    },
    "enthalpy": {
      "violation_rate": 0.99196,
      "violation_count": 24799,
      "total_steps": 25000
    },
    "power": {
      "violation_rate": 0.0,
      "violation_count": 0,
      "total_steps": 25000
    }
  },
  "convergence_episode": 50,
  "n_training_episodes": 50,
  "reward_history": [
    -4848.310325622559,
    -2591.5965719223022,
    -4856.044076919556,
    -2595.0656394958496,
    -2804.1766510009766,
    -2817.809880256653,
    -3674.3369674682617,
    -3979.1472148895264,
    -3996.912696838379,
    -6609.479768753052,
    -3984.062662124634,
    -2775.1363010406494,
    -6572.923858642578,
    -6586.49374961853,
    -6575.799684524536,
    -2757.75359249115,
    -6523.566148757935,
    -2724.810703277588,
    -2723.10444355011,
    -6488.770124435425,
    -4780.810600280762,
    -4749.608530044556,
    -3528.9418239593506,
    -3530.918451309204,
    -6491.807529449463,
    -2694.6024198532104,
    -2675.7015132904053,
    -2677.875382423401,
    -2685.6603631973267,
    -3511.2318868637085,
    -3912.884708404541,
    -6480.002040863037,
    -3515.7372426986694,
    -3908.7769355773926,
    -2464.118137359619,
    -3896.5098934173584,
    -2475.443423271179,
    -3486.2753400802612,
    -6468.884298324585,
    -6463.683994293213,
    -6478.275093078613,
    -4701.344974517822,
    -2462.1254777908325,
    -2651.8146448135376,
    -2460.339412689209,
    -2654.8798446655273,
    -3898.8230514526367,
    -2461.073967933655,
    -2670.207901954651,
    -2670.955144882202
  ],
  "epsilon_log": []
}