{
  "violation_rate": [
    0.98984,
    0.0041538415954390975
  ],
  "cbf_violation_rate": [
    0.98984,
    0.0041538415954390975
  ],
  "cumulative_reward": [
    -6640.054119319916,
    16.959480020118978
  ],
  "tracking_rmse": {
    "pressure": [
      3.3349386766177287,
      0.002389510992811979
    ],
    "enthalpy": [
      46.156734686147374,
      0.3526509229796587
    ],
    "power": [
      0.2325383508018015,
      0.00781307209032343
    ]
  },
  "control_cost": [
    1944.13953125,
    83.79896964148728
  ],
  "min_barrier_value": [
    -39.3136279296875,
    1.5458805616838125
  ],
  "online_time_ms": [
    9.885158298816531,
    1.8878011794312253
  ],
  "per_constraint_type": {
    "pressure": {
      "violation_rate": 0.0,
      "violation_count": 0,
      "total_steps": 25000
    },
    "enthalpy": {
      "violation_rate": 0.98984,
      "violation_count": 24746,
      "total_steps": 25000
    },
    "power": {
      "violation_rate": 0.0,
      "violation_count": 0,
      "total_steps": 25000
    }
  },
  "convergence_episode": 50,
  "n_training_episodes": 50,
  "reward_history": [
    -2597.9240713119507,
    -2806.5296058654785,
    -4856.521322250366,
    -2799.6821823120117,
    -6606.719316482544,
    -6593.824306488037,
    -3658.507311820984,
    -4006.7091789245605,
    -4849.336727142334,
    -2561.583076477051,
    -3968.449975967407,
    -4830.205083847046,
    -3622.3403511047363,
    -2748.2196588516235,
    -2759.1899042129517,
    -6559.8563804626465,
    -2751.4062175750732,
    -2485.9456033706665,
    -2734.327431678772,
    -2729.7350702285767,
    -2730.451379776001,
    -2736.5304012298584,
    -3563.530881881714,
    -3902.844087600708,
    -4741.0605754852295,
    -4745.467641830444,
    -2696.04815864563,
    -2479.5672550201416,
    -4727.732032775879,
    -2666.0017585754395,
    -2480.9583988189697,
    -2663.2986555099487,
    -2669.400221824646,
    -2670.4661979675293,
    -2653.8116092681885,
    -3900.064043045044,
    -6470.504808425903,
    -4725.5253620147705,
    -2653.980736732483,
    -4710.841249465942,
    -4702.722936630249,
    -6476.838916778564,
    -2640.9554948806763,
    -2451.6837186813354,
    -4722.449607849121,
    -6457.4730587005615,
    -3914.7506275177,
    -3897.2250480651855,
    -4708.8354415893555,
    -4683.464294433594
  ],
  "epsilon_log": []
}