{
  "violation_rate": [
    0.00196,
    0.00028000000000000003
  ],
  "cbf_violation_rate": [
    0.00196,
    0.00028000000000000003
  ],
  "cumulative_reward": [
    -5243.158073558808,
    3.3221718841478536
  ],
  "tracking_rmse": {
    "pressure": [
      2.732801862446438,
      0.00121486169904587
    ],
    "enthalpy": [
      27.961595953182467,
      0.009348188073759065
    ],
    "power": [
      14.87981384982212,
      0.010255963810643635
    ]
  },
  "control_cost": [
    5641.20658203125,
    57.25828767057236
  ],
  "min_barrier_value": [
    -0.0002392578125,
    3.4179687499999996e-05
  ],
  "online_time_ms": [
    13.511496477823238,
    3.1799504956845572
  ],
  "per_constraint_type": {
    "pressure": {
      "violation_rate": 0.0,
      "violation_count": 0,
      "total_steps": 25000
    },
    "enthalpy": {
      "violation_rate": 0.00196,
      "violation_count": 49,
      "total_steps": 25000
    },
    "power": {
      "violation_rate": 0.0,
      "violation_count": 0,
      "total_steps": 25000
    }
  },
  "convergence_episode": 50,
  "n_training_episodes": 50,
  "reward_history": [
    -2587.988953590393,
    -2569.9380617141724,
    -2599.608013153076,
    -2583.4437189102173,
    -2589.8131132125854,
    -2588.8092336654663,
    -2564.2273387908936,
    -2526.023765563965,
    -2539.5815467834473,
    -2552.983016014099,
    -2536.2860317230225,
    -2551.6103105545044,
    -2523.0463848114014,
    -2534.6364421844482,
    -2523.4287490844727,
    -2508.7588443756104,
    -2525.0362091064453,
    -2502.8008613586426,
    -2511.03679561615,
    -2495.148645401001,
    -2481.787247657776,
    -2480.3460607528687,
    -2475.7342004776,
    -2452.317638397217,
    -2454.5694942474365,
    -2464.526960372925,
    -2441.501302719116,
    -2462.7454233169556,
    -2443.1321983337402,
    -2444.6403245925903,
    -2424.2220363616943,
    -2451.01531124115,
    -2444.985095977783,
    -2417.306770324707,
    -2437.857864379883,
    -2442.925733566284,
    -2436.8786153793335,
    -2434.651810646057,
    -2416.247004508972,
    -2396.6746253967285,
    -2418.062566757202,
    -2421.707550048828,
    -2408.0511951446533,
    -2427.053193092346,
    -2407.335262298584,
    -2424.8831424713135,
    -2426.5825910568237,
    -2396.08540058136,
    -2421.3540086746216,
    -2409.4569091796875
  ],
  "epsilon_log": []
}