{
  "violation_rate": [
    0.99056,
    0.0038789689351682137
  ],
  "cbf_violation_rate": [
    0.99056,
    0.0038789689351682137
  ],
  "cumulative_reward": [
    -9729.477219352722,
    15.864254047895598
  ],
  "tracking_rmse": {
    "pressure": [
      3.6504781302155855,
      0.0015168386092281768
    ],
    "enthalpy": [
      46.12669912182646,
      0.3470214044454505
    ],
    "power": [
      19.91398193137177,
      0.010846654240656629
    ]
  },
  "control_cost": [
    1950.9947045898436,
    84.03392176959619
  ],
  "min_barrier_value": [
    -38.9676416015625,
    1.5103903198478656
  ],
  "online_time_ms": [
    9.559741463729878,
    1.7525497664963654
  ],
  "per_constraint_type": {
    "pressure": {
      "violation_rate": 0.0,
      "violation_count": 0,
      "total_steps": 25000
    },
    "enthalpy": {
      "violation_rate": 0.99056,
      "violation_count": 24764,
      "total_steps": 25000
    },
    "power": {
      "violation_rate": 0.0,
      "violation_count": 0,
      "total_steps": 25000
    }
  },
  "convergence_episode": 50,
  "n_training_episodes": 50,
  "reward_history": [
    -2597.9240713119507,
    -4031.3538208007812,
    -4856.535531997681,
    -2799.6901626586914,
    -6606.724098205566,
    -6593.821907043457,
    -3658.4883527755737,
    -3995.4146823883057,
    -4849.38631439209,
    -2554.313862800598,
    -3968.2638969421387,
    -4830.563457489014,
    -3622.845657348633,
    -3946.6082820892334,
    -3959.119758605957,
    -6559.993745803833,
    -3953.2123851776123,
    -2485.698574066162,
    -3942.1610145568848,
    -2727.502297401428,
    -2727.5294151306152,
    -2731.974048614502,
    -3553.883713722229,
    -3900.638156890869,
    -4730.9563064575195,
    -4737.746696472168,
    -2691.5727310180664,
    -2479.1484203338623,
    -4727.863986968994,
    -3898.2981300354004,
    -2481.98367023468,
    -2667.3870306015015,
    -2674.042716026306,
    -3909.029836654663,
    -3892.3362312316895,
    -3900.353183746338,
    -6471.527395248413,
    -4726.520090103149,
    -3895.6047172546387,
    -4710.068660736084,
    -4701.723403930664,
    -6475.351387023926,
    -2639.5987253189087,
    -2451.183440208435,
    -4721.480285644531,
    -6456.335716247559,
    -3914.0714263916016,
    -3896.6068325042725,
    -4708.1556396484375,
    -4682.845867156982
  ],
  "epsilon_log": []
}