{
  "violation_rate": [
    0.38764,
    0.03751626847115795
  ],
  "cbf_violation_rate": [
    0.38764,
    0.03751626847115795
  ],
  "cumulative_reward": [
    -6336.565694541931,
    33.311755895607234
  ],
  "tracking_rmse": {
    "pressure": [
      3.433721500056651,
      0.0014934144176194512
    ],
    "enthalpy": [
      29.18664817536358,
      1.088022200786987
    ],
    "power": [
      0.377613479961027,
      0.016515283557722003
    ]
  },
  "control_cost": [
    11284.84998046875,
    424.371219468544
  ],
  "min_barrier_value": [
    -36.872392578125,
    3.242059589644347
  ],
  "online_time_ms": [
    12.203452149341466,
    3.286862414391865
  ],
  "per_constraint_type": {
    "pressure": {
      "violation_rate": 0.0,
      "violation_count": 0,
      "total_steps": 25000
    },
    "enthalpy": {
      "violation_rate": 0.38764,
      "violation_count": 9691,
      "total_steps": 25000
    },
    "power": {
      "violation_rate": 0.0,
      "violation_count": 0,
      "total_steps": 25000
    }
  },
  "convergence_episode": 50,
  "n_training_episodes": 50,
  "reward_history": [
    -2798.2311420440674,
    -2801.482750892639,
    -2817.587815284729,
    -2792.7781047821045,
    -2796.0038051605225,
    -2811.836977005005,
    -2778.800745010376,
    -2797.3597717285156,
    -2778.768967628479,
    -2788.128255844116,
    -2797.2862272262573,
    -2746.4896383285522,
    -2752.111415863037,
    -2734.798668861389,
    -2735.0305013656616,
    -2703.6871700286865,
    -2715.9005556106567,
    -2712.8319778442383,
    -2713.7621154785156,
    -2707.8568181991577,
    -2693.1265211105347,
    -2693.9271926879883,
    -2684.324415206909,
    -2668.847484588623,
    -2665.7212677001953,
    -2673.686951637268,
    -2665.5602979660034,
    -2675.6393451690674,
    -2683.2514572143555,
    -2677.33678150177,
    -2651.597836494446,
    -2656.0940771102905,
    -2622.9143295288086,
    -2651.978609085083,
    -2670.6469287872314,
    -2633.662220954895,
    -2667.803903579712,
    -2663.655379295349,
    -2659.853714942932,
    -2655.160445213318,
    -2653.8018770217896,
    -2654.659239768982,
    -2658.6209058761597,
    -2650.4043741226196,
    -2647.633460998535,
    -2657.0524530410767,
    -2638.598608970642,
    -2622.886323928833,
    -2630.5169105529785,
    -2637.0075855255127
  ],
  "epsilon_log": []
}