{
  "violation_rate": [
    0.9954399999999999,
    0.0031251239975399405
  ],
  "cbf_violation_rate": [
    0.9954399999999999,
    0.0031251239975399405
  ],
  "cumulative_reward": [
    -8787.986651210786,
    18.02435921404326
  ],
  "tracking_rmse": {
    "pressure": [
      3.900169058466417,
      0.002307450443850042
    ],
    "enthalpy": [
      48.25453486537494,
      0.3164400716944932
    ],
    "power": [
      0.22726870490210613,
      0.00736917718644773
    ]
  },
  "control_cost": [
    1932.419169921875,
    74.94731705670603
  ],
  "min_barrier_value": [
    -41.5149951171875,
    1.7872634905224474
  ],
  "online_time_ms": [
    10.128684624550514,
    1.951564686775783
  ],
  "per_constraint_type": {
    "pressure": {
      "violation_rate": 0.0,
      "violation_count": 0,
      "total_steps": 25000
    },
    "enthalpy": {
      "violation_rate": 0.99544,
      "violation_count": 24886,
      "total_steps": 25000
    },
    "power": {
      "violation_rate": 0.0,
      "violation_count": 0,
      "total_steps": 25000
    }
  },
  "convergence_episode": 50,
  "n_training_episodes": 50,
  "reward_history": [
    -4013.5882320404053,
    -2809.9935235977173,
    -6599.276388168335,
    -3657.6519889831543,
    -6598.317276000977,
    -4010.547950744629,
    -3674.777262687683,
    -2784.6927919387817,
    -4820.600393295288,
    -6571.406740188599,
    -4835.167863845825,
    -2758.073045730591,
    -4834.935966491699,
    -3967.084011077881,
    -4819.732431411743,
    -4812.0209884643555,
    -3937.347578048706,
    -2760.445631980896,
    -6547.3364906311035,
    -3621.55903339386,
    -3907.582389831543,
    -3571.3293952941895,
    -3567.792067527771,
    -2712.938980102539,
    -4739.680913925171,
    -2476.9249544143677,
    -3563.3048238754272,
    -3543.6701469421387,
    -2489.060489654541,
    -2654.361184120178,
    -6469.463264465332,
    -2642.5723371505737,
    -3518.612147331238,
    -4704.097574234009,
    -4699.085021972656,
    -2655.2235832214355,
    -4728.189428329468,
    -2457.3053693771362,
    -3883.8891010284424,
    -3495.2223901748657,
    -3509.2141122817993,
    -3912.6485137939453,
    -3899.630479812622,
    -2467.6953554153442,
    -2462.8011331558228,
    -3502.600863456726,
    -6465.866056442261,
    -3528.765748977661,
    -6453.293836593628,
    -2473.309648513794
  ],
  "epsilon_log": []
}