{
  "violation_rate": [
    0.00128,
    0.00096
  ],
  "cbf_violation_rate": [
    0.00128,
    0.00096
  ],
  "cumulative_reward": [
    -5242.970853061676,
    4.23311062992364
  ],
  "tracking_rmse": {
    "pressure": [
      2.732592401649073,
      0.0015111079160348637
    ],
    "enthalpy": [
      27.96355725891332,
      0.0071933058551925996
    ],
    "power": [
      14.882235879011166,
      0.008024675386640673
    ]
  },
  "control_cost": [
    5654.87705078125,
    59.17464620043667
  ],
  "min_barrier_value": [
    -0.00015625,
    0.0001171875
  ],
  "online_time_ms": [
    12.874599074334837,
    3.3232504340613067
  ],
  "per_constraint_type": {
    "pressure": {
      "violation_rate": 0.0,
      "violation_count": 0,
      "total_steps": 25000
    },
    "enthalpy": {
      "violation_rate": 0.00128,
      "violation_count": 32,
      "total_steps": 25000
    },
    "power": {
      "violation_rate": 0.0,
      "violation_count": 0,
      "total_steps": 25000
    }
  },
  "convergence_episode": 50,
  "n_training_episodes": 50,
  "reward_history": [
    -2576.3645191192627,
    -2581.188172340393,
    -2577.955725669861,
    -2604.9701805114746,
    -2599.0976219177246,
    -2579.484704017639,
    -2576.9359016418457,
    -2533.1530294418335,
    -2540.8757400512695,
    -2531.955669403076,
    -2547.3780221939087,
    -2531.678747177124,
    -2519.1443672180176,
    -2532.488676071167,
    -2531.448434829712,
    -2509.316493988037,
    -2520.4443550109863,
    -2490.687219619751,
    -2510.337371826172,
    -2472.390425682068,
    -2499.7271041870117,
    -2484.0092420578003,
    -2475.859350204468,
    -2451.5932188034058,
    -2454.9774284362793,
    -2472.290205001831,
    -2442.2447633743286,
    -2450.6332263946533,
    -2432.004075050354,
    -2448.4064407348633,
    -2437.240110397339,
    -2439.742328643799,
    -2444.632469177246,
    -2414.320382118225,
    -2443.406764984131,
    -2448.1391277313232,
    -2419.7853803634644,
    -2439.2809495925903,
    -2413.115301132202,
    -2455.2581243515015,
    -2423.8502740859985,
    -2396.3926210403442,
    -2436.337308883667,
    -2423.901473045349,
    -2436.388484954834,
    -2422.3092041015625,
    -2407.978487968445,
    -2430.1722555160522,
    -2414.8699989318848,
    -2414.270531654358
  ],
  "epsilon_log": []
}