{
  "violation_rate": [
    0.9988799999999999,
    0.0012749901960407393
  ],
  "cbf_violation_rate": [
    0.9988799999999999,
    0.0012749901960407393
  ],
  "cumulative_reward": [
    -6161.775877342224,
    15.034474417002281
  ],
  "tracking_rmse": {
    "pressure": [
      2.7316641208307018,
      0.0016649853008808783
    ],
    "enthalpy": [
      51.10210487469763,
      0.3068458228130419
    ],
    "power": [
      14.915351682240269,
      0.00968963844928574
    ]
  },
  "control_cost": [
    1928.841005859375,
    72.05625897005227
  ],
  "min_barrier_value": [
    -46.233115234375,
    2.1976135295101846
  ],
  "online_time_ms": [
    19.36522536326316,
    12.031292731833522
  ],
  "per_constraint_type": {
    "pressure": {
      "violation_rate": 0.0,
      "violation_count": 0,
      "total_steps": 25000
    },
    "enthalpy": {
      "violation_rate": 0.99888,
      "violation_count": 24972,
      "total_steps": 25000
    },
    "power": {
      "violation_rate": 0.0,
      "violation_count": 0,
      "total_steps": 25000
    }
  },
  "convergence_episode": 50,
  "n_training_episodes": 50,
  "reward_history": [
    -4848.310325622559,
    -2591.5965719223022,
    -4856.044076919556,
    -2595.0656394958496,
    -2804.1766510009766,
    -2817.809880256653,
    -3674.3369674682617,
    -3979.1472148895264,
    -3996.912696838379,
    -6609.479768753052,
    -3984.062662124634,
    -2534.646297454834,
    -6573.17481803894,
    -6586.862655639648,
    -6574.088636398315,
    -2747.1562929153442,
    -6521.744104385376,
    -2517.311553955078,
    -2515.453730583191,
    -6489.283868789673,
    -4781.131940841675,
    -4749.577827453613,
    -3528.456226348877,
    -3529.9318866729736,
    -6490.790735244751,
    -2497.8659105300903,
    -2673.5850887298584,
    -2479.078437805176,
    -2483.50989818573,
    -3507.668598175049,
    -3909.299793243408,
    -6477.189128875732,
    -3511.7748498916626,
    -3905.278215408325,
    -2460.3486185073853,
    -3893.6040325164795,
    -2472.3435764312744,
    -3483.8576822280884,
    -6467.362710952759,
    -6462.463394165039,
    -6477.274702072144,
    -4700.3662033081055,
    -2461.161033630371,
    -2461.1887216567993,
    -2459.6879863739014,
    -2654.4900856018066,
    -3898.443145751953,
    -2460.656132698059,
    -2484.360517501831,
    -2670.7412424087524
  ],
  "epsilon_log": []
}