{
  "violation_rate": [
    0.0,
    0.0
  ],
  "cbf_violation_rate": [
    0.0,
    0.0
  ],
  "cumulative_reward": [
    -5192.668999156952,
    3.3364795965674525
  ],
  "tracking_rmse": {
    "pressure": [
      2.732801512042251,
      0.001214771584015862
    ],
    "enthalpy": [
      26.09447412903414,
      0.005838916073063239
    ],
    "power": [
      14.879812857079285,
      0.010255872236852322
    ]
  },
  "control_cost": [
    6382.925625,
    57.21642303397296
  ],
  "min_barrier_value": [
    1.873837890625,
    0.00013425514731315937
  ],
  "online_time_ms": [
    9.944271216253982,
    1.8354168995660587
  ],
  "per_constraint_type": {
    "pressure": {
      "violation_rate": 0.0,
      "violation_count": 0,
      "total_steps": 25000
    },
    "enthalpy": {
      "violation_rate": 0.0,
      "violation_count": 0,
      "total_steps": 25000
    },
    "power": {
      "violation_rate": 0.0,
      "violation_count": 0,
      "total_steps": 25000
    }
  },
  "convergence_episode": 50,
  "n_training_episodes": 50,
  "reward_history": [
    -2587.988953590393,
    -2569.937978744507,
    -2599.609139442444,
    -2583.4434881210327,
    -2589.8524379730225,
    -2589.111403465271,
    -2564.637731552124,
    -2526.0867490768433,
    -2539.5860080718994,
    -2552.983115196228,
    -2536.287362098694,
    -2551.6163120269775,
    -2523.056571960449,
    -2534.6504831314087,
    -2523.44783782959,
    -2508.783959388733,
    -2525.0655403137207,
    -2502.8345880508423,
    -2511.0762071609497,
    -2495.1913890838623,
    -2481.8328495025635,
    -2480.396644592285,
    -2475.7860565185547,
    -2452.3686695098877,
    -2454.6212491989136,
    -2464.578716278076,
    -2441.552529335022,
    -2462.793004989624,
    -2443.177248954773,
    -2444.681462287903,
    -2424.2599172592163,
    -2451.050807952881,
    -2445.016701698303,
    -2417.3355979919434,
    -2437.8839015960693,
    -2442.948853492737,
    -2436.8999166488647,
    -2434.6685962677,
    -2416.2622995376587,
    -2396.688126564026,
    -2418.075053215027,
    -2421.718126296997,
    -2408.060616493225,
    -2427.0620069503784,
    -2407.342809677124,
    -2424.8896169662476,
    -2426.590003967285,
    -2396.0916299819946,
    -2421.360095977783,
    -2409.461357116699
  ],
  "epsilon_log": []
}