{
  "violation_rate": [
    0.0,
    0.0
  ],
  "cbf_violation_rate": [
    0.0,
    0.0
  ],
  "cumulative_reward": [
    -15483.820350837708,
    6.414222459782641
  ],
  "tracking_rmse": {
    "pressure": [
      5.488381751829543,
      0.001160873533895212
    ],
    "enthalpy": [
      27.962368313945674,
      0.008401795921112766
    ],
    "power": [
      0.20699868901242582,
      0.0070698577437491045
    ]
  },
  "control_cost": [
    4783.47080078125,
    55.79967236627764
  ],
  "min_barrier_value": [
    0.0,
    0.0
  ],
  "online_time_ms": [
    10.080184967354871,
    1.9896210876086198
  ],
  "per_constraint_type": {
    "pressure": {
      "violation_rate": 0.0,
      "violation_count": 0,
      "total_steps": 25000
    },
    "enthalpy": {
      "violation_rate": 0.0,
      "violation_count": 0,
      "total_steps": 25000
    },
    "power": {
      "violation_rate": 0.0,
      "violation_count": 0,
      "total_steps": 25000
    }
  },
  "convergence_episode": 50,
  "n_training_episodes": 50,
  "reward_history": [
    -6602.255325317383,
    -6583.466562271118,
    -6610.382528305054,
    -6593.624626159668,
    -6603.84174156189,
    -6602.507139205933,
    -6603.852537155151,
    -6574.920721054077,
    -6585.785024642944,
    -6598.473808288574,
    -6577.716493606567,
    -6573.689018249512,
    -6533.882741928101,
    -6550.337781906128,
    -6537.326385498047,
    -6528.17840385437,
    -6540.554039001465,
    -6517.130754470825,
    -6524.392166137695,
    -6514.821241378784,
    -6503.237661361694,
    -6501.877246856689,
    -6500.713542938232,
    -6471.892421722412,
    -6478.875040054321,
    -6490.383100509644,
    -6474.177061080933,
    -6496.251907348633,
    -6473.390811920166,
    -6478.230157852173,
    -6457.110712051392,
    -6478.902721405029,
    -6477.770418167114,
    -6450.206239700317,
    -6474.198965072632,
    -6472.3368129730225,
    -6472.905033111572,
    -6472.71873664856,
    -6454.109642028809,
    -6437.182819366455,
    -6450.521926879883,
    -6465.020614624023,
    -6446.529891967773,
    -6467.581480026245,
    -6442.384218215942,
    -6464.183362960815,
    -6464.427150726318,
    -6436.3890380859375,
    -6464.15248298645,
    -6446.794525146484
  ],
  "epsilon_log": []
}