{
  "violation_rate": [
    0.43664000000000003,
    0.09790398561856407
  ],
  "cbf_violation_rate": [
    0.43664000000000003,
    0.09790398561856407
  ],
  "cumulative_reward": [
    -8148.599922447204,
    107.04542896689269
  ],
  "tracking_rmse": {
    "pressure": [
      3.8993038693498683,
      0.0023277915123779895
    ],
    "enthalpy": [
      32.391323052268646,
      3.0408276330504194
    ],
    "power": [
      0.23516292947886064,
      0.009660546974005231
    ]
  },
  "control_cost": [
    6556.641435546875,
    731.7972367706959
  ],
  "min_barrier_value": [
    -39.0949609375,
    3.1496829524112893
  ],
  "online_time_ms": [
    14.076690791422152,
    3.534141765039146
  ],
  "per_constraint_type": {
    "pressure": {
      "violation_rate": 0.0,
      "violation_count": 0,
      "total_steps": 25000
    },
    "enthalpy": {
      "violation_rate": 0.43664,
      "violation_count": 10916,
      "total_steps": 25000
    },
    "power": {
      "violation_rate": 0.0,
      "violation_count": 0,
      "total_steps": 25000
    }
  },
  "convergence_episode": 50,
  "n_training_episodes": 50,
  "reward_history": [
    -3655.920241355896,
    -3657.6006116867065,
    -3661.3430919647217,
    -3682.984030723572,
    -3678.717785835266,
    -3664.4795351028442,
    -3686.853377342224,
    -3651.005548477173,
    -3657.7837982177734,
    -3649.4446935653687,
    -3657.311360359192,
    -3619.119758605957,
    -3591.359927177429,
    -3603.289930343628,
    -3602.776081085205,
    -3574.4870929718018,
    -3589.8668937683105,
    -3554.3495473861694,
    -3581.87823677063,
    -3538.9032983779907,
    -3567.871953010559,
    -3554.8207483291626,
    -3550.426559448242,
    -3515.750796318054,
    -3527.4986600875854,
    -3543.604803085327,
    -3515.6387577056885,
    -3521.7520780563354,
    -3499.0898790359497,
    -3527.1803102493286,
    -3513.2098264694214,
    -3521.919273376465,
    -3524.94753074646,
    -3494.9984226226807,
    -3525.7359580993652,
    -3532.3321628570557,
    -3501.1756715774536,
    -3520.2389907836914,
    -3492.562837600708,
    -3540.563446998596,
    -3508.0191011428833,
    -3476.0638790130615,
    -3524.77668094635,
    -3505.5856761932373,
    -3519.258271217346,
    -3508.167736053467,
    -3488.788884162903,
    -3517.2321243286133,
    -3500.966089248657,
    -3496.3814697265625
  ],
  "epsilon_log": []
}