{
  "violation_rate": [
    0.99056,
    0.0038789689351682137
  ],
  "cbf_violation_rate": [
    0.99056,
    0.0038789689351682137
  ],
  "cumulative_reward": [
    -9729.764075775147,
    15.905613945364736
  ],
  "tracking_rmse": {
    "pressure": [
      3.6505048352336775,
      0.0015166630160163962
    ],
    "enthalpy": [
      46.131064229815394,
      0.34784231577664093
    ],
    "power": [
      19.913918431013197,
      0.01084661165752329
    ]
  },
  "control_cost": [
    1951.1760498046874,
    84.03855378689819
  ],
  "min_barrier_value": [
    -39.6122021484375,
    2.510700258817852
  ],
  "online_time_ms": [
    0.0,
    0.0
  ],
  "per_constraint_type": {
    "pressure": {
      "violation_rate": 0.0,
      "violation_count": 0,
      "total_steps": 25000
    },
    "enthalpy": {
      "violation_rate": 0.99056,
      "violation_count": 24764,
      "total_steps": 25000
    },
    "power": {
      "violation_rate": 0.0,
      "violation_count": 0,
      "total_steps": 25000
    }
  },
  "convergence_episode": 50,
  "n_training_episodes": 50,
  "reward_history": [
    -2597.924048423767,
    -4031.3391075134277,
    -4856.535482406616,
    -2799.6899194717407,
    -6606.724250793457,
    -6593.821811676025,
    -3658.488564491272,
    -3996.3718910217285,
    -4849.378702163696,
    -2555.591383934021,
    -3968.2875213623047,
    -4830.531698226929,
    -3622.822382926941,
    -3946.612560272217,
    -3959.1382579803467,
    -6560.07448387146,
    -3953.2697372436523,
    -2485.808533668518,
    -3942.2666988372803,
    -2728.2693614959717,
    -2728.559510231018,
    -2734.2509365081787,
    -3560.4248456954956,
    -3900.403274536133,
    -4736.108316421509,
    -4738.610986709595,
    -2690.470545768738,
    -2477.9623346328735,
    -4726.755714416504,
    -3897.521755218506,
    -2481.240403175354,
    -2666.8561992645264,
    -2673.6569862365723,
    -3908.8372917175293,
    -3892.2418899536133,
    -3900.3318824768066,
    -6471.574644088745,
    -4726.577297210693,
    -3895.682788848877,
    -4710.173698425293,
    -4701.835632324219,
    -6475.483228683472,
    -2639.728196144104,
    -2451.252589225769,
    -4721.589042663574,
    -6456.452836990356,
    -3914.1526737213135,
    -3896.683557510376,
    -4708.255107879639,
    -4682.940351486206
  ],
  "epsilon_log": []
}