{
  "violation_rate": [
    0.9954400000000001,
    0.0030994193004496855
  ],
  "cbf_violation_rate": [
    0.9954400000000001,
    0.0030994193004496855
  ],
  "cumulative_reward": [
    -16155.054476089477,
    15.447648358934128
  ],
  "tracking_rmse": {
    "pressure": [
      5.489149101521476,
      0.0014705960234034476
    ],
    "enthalpy": [
      45.974073448778746,
      0.31499470340783303
    ],
    "power": [
      0.2074473676827584,
      0.0069774906494290785
    ]
  },
  "control_cost": [
    1940.3182592773437,
    83.65088041858417
  ],
  "min_barrier_value": [
    -36.927744140625,
    1.3180098621262817
  ],
  "online_time_ms": [
    10.06080402579857,
    1.8947391594315692
  ],
  "per_constraint_type": {
    "pressure": {
      "violation_rate": 0.0,
      "violation_count": 0,
      "total_steps": 25000
    },
    "enthalpy": {
      "violation_rate": 0.99544,
      "violation_count": 24886,
      "total_steps": 25000
    },
    "power": {
      "violation_rate": 0.0,
      "violation_count": 0,
      "total_steps": 25000
    }
  },
  "convergence_episode": 50,
  "n_training_episodes": 50,
  "reward_history": [
    -2597.9240713119507,
    -6608.061162948608,
    -4856.543016433716,
    -2799.737748146057,
    -6606.853809356689,
    -6594.057281494141,
    -3658.8136072158813,
    -4006.999584197998,
    -4849.971138000488,
    -2562.346011161804,
    -3969.299871444702,
    -4831.910762786865,
    -3624.887020111084,
    -6555.4959506988525,
    -6564.668268203735,
    -6560.196846008301,
    -6555.106351852417,
    -2483.971426963806,
    -6536.2260665893555,
    -2724.2523822784424,
    -2723.746064186096,
    -2729.449376106262,
    -3555.991484642029,
    -3898.892988204956,
    -4736.5049114227295,
    -4742.164087295532,
    -2694.0569524765015,
    -2479.0803813934326,
    -4727.993782043457,
    -6477.102607727051,
    -2482.0369005203247,
    -2664.4840335845947,
    -2670.5904235839844,
    -6480.871227264404,
    -6466.1390171051025,
    -3900.2774391174316,
    -6471.808256149292,
    -4726.2578411102295,
    -6461.849313735962,
    -4710.104570388794,
    -4701.78865814209,
    -6475.8668575286865,
    -2640.1249570846558,
    -2451.0096712112427,
    -4721.989643096924,
    -6457.227632522583,
    -3914.5473346710205,
    -3897.202449798584,
    -4709.120277404785,
    -4683.885540008545
  ],
  "epsilon_log": []
}