{
  "violation_rate": [
    0.99524,
    0.0025263412279421028
  ],
  "cbf_violation_rate": [
    0.99524,
    0.0025263412279421028
  ],
  "cumulative_reward": [
    -16150.98165447235,
    14.423580031878629
  ],
  "tracking_rmse": {
    "pressure": [
      5.4887377960368635,
      0.0015399755248590539
    ],
    "enthalpy": [
      45.93636314445914,
      0.2828918448992861
    ],
    "power": [
      0.20680093197183333,
      0.00799207654987886
    ]
  },
  "control_cost": [
    1945.7549291992189,
    74.82710865115885
  ],
  "min_barrier_value": [
    -37.6754150390625,
    2.4244256377875373
  ],
  "online_time_ms": [
    0.0,
    0.0
  ],
  "per_constraint_type": {
    "pressure": {
      "violation_rate": 0.0,
      "violation_count": 0,
      "total_steps": 25000
    },
    "enthalpy": {
      "violation_rate": 0.99524,
      "violation_count": 24881,
      "total_steps": 25000
    },
    "power": {
      "violation_rate": 0.0,
      "violation_count": 0,
      "total_steps": 25000
    }
  },
  "convergence_episode": 50,
  "n_training_episodes": 50,
  "reward_history": [
    -2778.839963912964,
    -2791.6750116348267,
    -4025.2916679382324,
    -6581.5685024261475,
    -3683.2607984542847,
    -6614.276483535767,
    -2593.9160051345825,
    -3976.705394744873,
    -4831.979419708252,
    -4836.9859256744385,
    -2552.3262434005737,
    -6560.625032424927,
    -4828.2831172943115,
    -3979.750789642334,
    -2765.906350135803,
    -2539.0864839553833,
    -6535.294677734375,
    -2750.418267250061,
    -3949.4030532836914,
    -3554.1845359802246,
    -2722.1407623291016,
    -3581.3024501800537,
    -2711.9486150741577,
    -2676.2977809906006,
    -6491.380895614624,
    -3537.3121547698975,
    -3538.3022470474243,
    -2670.5504512786865,
    -6485.735527038574,
    -4733.50789642334,
    -3909.775152206421,
    -6466.397718429565,
    -6480.785301208496,
    -2665.2516927719116,
    -3892.0623722076416,
    -2481.41268825531,
    -3504.2800254821777,
    -6468.218553543091,
    -6474.67374420166,
    -6480.178779602051,
    -4698.2218952178955,
    -2665.813223838806,
    -3508.4188051223755,
    -3507.179316520691,
    -6480.98881149292,
    -2485.751558303833,
    -2467.3997592926025,
    -4695.765102386475,
    -4696.136396408081,
    -2457.5706396102905
  ],
  "epsilon_log": []
}