{
  "violation_rate": [
    0.0,
    0.0
  ],
  "cbf_violation_rate": [
    0.0,
    0.0
  ],
  "cumulative_reward": [
    -38.97536385687672,
    2.358371862854037
  ],
  "tracking_rmse": {
    "pressure": [
      0.024332867575222527,
      0.0011708802408802513
    ],
    "enthalpy": [
      8.720897189102484,
      0.269007225623734
    ],
    "power": [
      0.273195116236967,
      0.009318104000609104
    ]
  },
  "control_cost": [
    1700.3756079101563,
    61.15839560385878
  ],
  "min_barrier_value": [
    1.328551025390625,
    0.007033447513304235
  ],
  "online_time_ms": [
    9.592444885966835,
    4.126420611978831
  ],
  "per_constraint_type": {
    "pressure": {
      "violation_rate": 0.0,
      "violation_count": 0,
      "total_steps": 25000
    },
    "enthalpy": {
      "violation_rate": 0.0,
      "violation_count": 0,
      "total_steps": 25000
    },
    "power": {
      "violation_rate": 0.0,
      "violation_count": 0,
      "total_steps": 25000
    }
  },
  "convergence_episode": 50,
  "n_training_episodes": 50,
  "reward_history": [
    -17.22551078080869,
    -17.34595764480764,
    -20.69297412992455,
    -20.255536185046367,
    -18.69996380567318,
    -19.434083095336973,
    -17.511177414897247,
    -16.165863646368962,
    -15.426077621697914,
    -18.260200610675383,
    -17.689683916571084,
    -19.091755704721436,
    -19.163935812393902,
    -19.966842294903472,
    -17.708837534533814,
    -14.083176340795035,
    -15.338210851186886,
    -18.889376651815837,
    -16.47421555776964,
    -16.0609562304453,
    -14.87127272359794,
    -13.305655329779256,
    -12.220668039895827,
    -15.327198575396324,
    -17.063808192760916,
    -15.45982538795215,
    -16.316789468022762,
    -14.978411677468102,
    -17.290372434952587,
    -15.664456063241232,
    -15.79638845610316,
    -14.463001870841254,
    -18.897054317232687,
    -17.06779329231358,
    -15.71578441526799,
    -15.442556730820797,
    -16.05279710733157,
    -15.39107535823132,
    -16.619568657770287,
    -16.74840211103583,
    -14.965711921075126,
    -19.14068444169243,
    -15.849158552169683,
    -15.749825581209734,
    -13.424876337870955,
    -14.972360140731325,
    -16.418792771699373,
    -14.709481801197398,
    -17.031359950371552,
    -16.613474096091522
  ],
  "epsilon_log": []
}