{
  "violation_rate": [
    4e-05,
    0.00028000000000000003
  ],
  "cbf_violation_rate": [
    4e-05,
    0.00028000000000000003
  ],
  "cumulative_reward": [
    -5960.577710676193,
    7.273260033994378
  ],
  "tracking_rmse": {
    "pressure": [
      3.3341542963643658,
      0.0021665179799682656
    ],
    "enthalpy": [
      27.915354029021017,
      0.012885855664362999
    ],
    "power": [
      0.23176773579685694,
      0.006976004963535831
    ]
  },
  "control_cost": [
    4109.00392578125,
    64.95284112003078
  ],
  "min_barrier_value": [
    -4.8828125e-06,
    3.4179687499999996e-05
  ],
  "online_time_ms": [
    9.077449805832002,
    1.5451223889505805
  ],
  "per_constraint_type": {
    "pressure": {
      "violation_rate": 0.0,
      "violation_count": 0,
      "total_steps": 25000
    },
    "enthalpy": {
      "violation_rate": 4e-05,
      "violation_count": 1,
      "total_steps": 25000
    },
    "power": {
      "violation_rate": 0.0,
      "violation_count": 0,
      "total_steps": 25000
    }
  },
  "convergence_episode": 50,
  "n_training_episodes": 50,
  "reward_history": [
    -2804.1524868011475,
    -2809.5554571151733,
    -2778.17582988739,
    -2806.3191652297974,
    -2803.127487182617,
    -2808.0275449752808,
    -2793.3478813171387,
    -2793.2602109909058,
    -2808.0644760131836,
    -2791.8235778808594,
    -2764.709114074707,
    -2744.600425720215,
    -2752.9490337371826,
    -2727.406060218811,
    -2722.200083732605,
    -2734.2046041488647,
    -2707.049005508423,
    -2727.706687927246,
    -2709.07569026947,
    -2689.2569904327393,
    -2691.5437479019165,
    -2683.208586215973,
    -2695.833477973938,
    -2686.5183534622192,
    -2682.265679359436,
    -2659.363456726074,
    -2655.533327102661,
    -2648.4485120773315,
    -2654.1984300613403,
    -2659.3985233306885,
    -2669.071517944336,
    -2659.2825422286987,
    -2653.5335245132446,
    -2659.656713485718,
    -2650.137044906616,
    -2629.288438796997,
    -2638.545253753662,
    -2655.160765647888,
    -2652.0889921188354,
    -2656.1222190856934,
    -2652.672709465027,
    -2661.6809005737305,
    -2648.7870779037476,
    -2672.185305595398,
    -2642.2436056137085,
    -2646.1852321624756,
    -2629.1346321105957,
    -2625.9111166000366,
    -2645.7609910964966,
    -2641.1827602386475
  ],
  "epsilon_log": []
}