{
  "violation_rate": [
    0.98964,
    0.003480000000000003
  ],
  "cbf_violation_rate": [
    0.98964,
    0.003480000000000003
  ],
  "cumulative_reward": [
    -6633.888869075775,
    15.96552044433591
  ],
  "tracking_rmse": {
    "pressure": [
      3.3351842406224432,
      0.001901008612852084
    ],
    "enthalpy": [
      46.006604197213726,
      0.3200228825907567
    ],
    "power": [
      0.23396884369839388,
      0.0077081760592510986
    ]
  },
  "control_cost": [
    1955.6645190429688,
    68.77081435248326
  ],
  "min_barrier_value": [
    -39.3799462890625,
    1.6468922245420579
  ],
  "online_time_ms": [
    9.888143269738066,
    1.8609842843484994
  ],
  "per_constraint_type": {
    "pressure": {
      "violation_rate": 0.0,
      "violation_count": 0,
      "total_steps": 25000
    },
    "enthalpy": {
      "violation_rate": 0.98964,
      "violation_count": 24741,
      "total_steps": 25000
    },
    "power": {
      "violation_rate": 0.0,
      "violation_count": 0,
      "total_steps": 25000
    }
  },
  "convergence_episode": 50,
  "n_training_episodes": 50,
  "reward_history": [
    -2801.1055154800415,
    -6596.517183303833,
    -4035.102025985718,
    -3674.169403076172,
    -2801.798295021057,
    -4839.2638874053955,
    -2795.8879041671753,
    -2771.829902648926,
    -4835.839488983154,
    -2792.583242416382,
    -3984.31707572937,
    -3632.748875617981,
    -6578.801988601685,
    -4825.3653354644775,
    -4827.302623748779,
    -3950.274513244629,
    -3605.824460029602,
    -2716.8038692474365,
    -2523.8357553482056,
    -3931.7126293182373,
    -2721.146201133728,
    -3570.5533752441406,
    -2713.6106033325195,
    -2674.342625617981,
    -2684.0281686782837,
    -6496.241664886475,
    -3914.258403778076,
    -4711.778497695923,
    -2465.2457456588745,
    -3494.9343996047974,
    -4714.3724155426025,
    -4732.757146835327,
    -2453.9435052871704,
    -3904.445869445801,
    -3494.378586769104,
    -4714.7871742248535,
    -3896.812337875366,
    -3516.8405933380127,
    -6456.405786514282,
    -3896.185541152954,
    -3888.6870288848877,
    -4706.792974472046,
    -2631.77552318573,
    -2461.4345664978027,
    -4716.413557052612,
    -4689.218465805054,
    -4709.640657424927,
    -2665.6675720214844,
    -2473.699643135071,
    -3494.0545921325684
  ],
  "epsilon_log": []
}