{
  "violation_rate": [
    0.0,
    0.0
  ],
  "cbf_violation_rate": [
    0.0,
    0.0
  ],
  "cumulative_reward": [
    -10663.9995287323,
    5.600087150169219
  ],
  "tracking_rmse": {
    "pressure": [
      4.569462689554236,
      0.0011737290982620466
    ],
    "enthalpy": [
      20.06474112809199,
      0.010298039593479975
    ],
    "power": [
      0.2247390306594542,
      0.007189814840942257
    ]
  },
  "control_cost": [
    10828.7423046875,
    58.26572824070019
  ],
  "min_barrier_value": [
    4.975756187438964,
    0.005499419039446213
  ],
  "online_time_ms": [
    10.536384100441937,
    1.8996796436274486
  ],
  "per_constraint_type": {
    "pressure": {
      "violation_rate": 0.0,
      "violation_count": 0,
      "total_steps": 25000
    },
    "enthalpy": {
      "violation_rate": 0.0,
      "violation_count": 0,
      "total_steps": 25000
    },
    "power": {
      "violation_rate": 0.0,
      "violation_count": 0,
      "total_steps": 25000
    }
  },
  "convergence_episode": 50,
  "n_training_episodes": 50,
  "reward_history": [
    -4843.02374458313,
    -4823.616905212402,
    -4853.252077102661,
    -4836.612329483032,
    -4845.766584396362,
    -4847.632904052734,
    -4846.632587432861,
    -4818.464223861694,
    -4831.588598251343,
    -4844.948823928833,
    -4824.232341766357,
    -4825.113069534302,
    -4776.028213500977,
    -4790.545791625977,
    -4777.406669616699,
    -4766.308269500732,
    -4781.818326950073,
    -4758.50754737854,
    -4768.418422698975,
    -4756.437181472778,
    -4744.419532775879,
    -4744.841272354126,
    -4742.761430740356,
    -4714.606159210205,
    -4723.254364013672,
    -4734.127759933472,
    -4716.764314651489,
    -4740.216293334961,
    -4718.528675079346,
    -4721.761981964111,
    -4701.540620803833,
    -4727.738361358643,
    -4724.445985794067,
    -4696.087320327759,
    -4720.920139312744,
    -4722.592252731323,
    -4720.359003067017,
    -4719.677988052368,
    -4700.944948196411,
    -4680.690536499023,
    -4698.874895095825,
    -4708.955713272095,
    -4692.580808639526,
    -4714.218402862549,
    -4689.765386581421,
    -4710.505441665649,
    -4712.266189575195,
    -4681.417978286743,
    -4709.695457458496,
    -4693.869966506958
  ],
  "epsilon_log": []
}