{
  "violation_rate": [
    0.9988799999999999,
    0.0012749901960407393
  ],
  "cbf_violation_rate": [
    0.9988799999999999,
    0.0012749901960407393
  ],
  "cumulative_reward": [
    -6162.236039466858,
    15.041410378396574
  ],
  "tracking_rmse": {
    "pressure": [
      2.7316575106404883,
      0.0016638617223154579
    ],
    "enthalpy": [
      51.111321240171804,
      0.3069254027576475
    ],
    "power": [
      14.915393320106938,
      0.009689759527769131
    ]
  },
  "control_cost": [
    1929.2711206054687,
    72.15537776402277
  ],
  "min_barrier_value": [
    -46.328876953125,
    2.362850509779791
  ],
  "online_time_ms": [
    0.0,
    0.0
  ],
  "per_constraint_type": {
    "pressure": {
      "violation_rate": 0.0,
      "violation_count": 0,
      "total_steps": 25000
    },
    "enthalpy": {
      "violation_rate": 0.99888,
      "violation_count": 24972,
      "total_steps": 25000
    },
    "power": {
      "violation_rate": 0.0,
      "violation_count": 0,
      "total_steps": 25000
    }
  },
  "convergence_episode": 50,
  "n_training_episodes": 50,
  "reward_history": [
    -4848.310325622559,
    -2591.596492767334,
    -4856.044076919556,
    -2595.072009086609,
    -2804.1766958236694,
    -2817.810658454895,
    -3674.342593193054,
    -3980.185754776001,
    -3997.22456741333,
    -6609.480754852295,
    -3984.0620288848877,
    -2534.949323654175,
    -6573.18155670166,
    -6586.918285369873,
    -6575.42989730835,
    -2751.4025650024414,
    -6522.161172866821,
    -2517.173667907715,
    -2515.3328895568848,
    -6489.219476699829,
    -4781.120376586914,
    -4749.665662765503,
    -3528.6753759384155,
    -3530.28905582428,
    -6491.156545639038,
    -2498.5657653808594,
    -2674.259422302246,
    -2480.0729484558105,
    -2484.636260032654,
    -3508.8381242752075,
    -3910.4604930877686,
    -6478.202489852905,
    -3513.223551750183,
    -3906.5605907440186,
    -2461.761589050293,
    -3894.75705909729,
    -2473.587389945984,
    -3484.9207515716553,
    -6468.074041366577,
    -6463.052520751953,
    -6477.785268783569,
    -4700.857437133789,
    -2461.6317291259766,
    -2461.578845977783,
    -2460.0276861190796,
    -2654.7405166625977,
    -3898.673215866089,
    -2460.8958311080933,
    -2484.579525947571,
    -2670.907251358032
  ],
  "epsilon_log": []
}