{
  "violation_rate": [
    0.9958,
    0.002749545416973507
  ],
  "cbf_violation_rate": [
    0.9958,
    0.002749545416973507
  ],
  "cumulative_reward": [
    -8781.369299545288,
    20.045833003515053
  ],
  "tracking_rmse": {
    "pressure": [
      3.8988198464851798,
      0.002160012546501862
    ],
    "enthalpy": [
      48.22333048951309,
      0.40411609405423976
    ],
    "power": [
      0.22597609996713378,
      0.0075966822881018085
    ]
  },
  "control_cost": [
    1946.327109375,
    83.86729260266667
  ],
  "min_barrier_value": [
    -41.8651513671875,
    2.243152917569698
  ],
  "online_time_ms": [
    16.165629155898934,
    8.089986721760901
  ],
  "per_constraint_type": {
    "pressure": {
      "violation_rate": 0.0,
      "violation_count": 0,
      "total_steps": 25000
    },
    "enthalpy": {
      "violation_rate": 0.9958,
      "violation_count": 24895,
      "total_steps": 25000
    },
    "power": {
      "violation_rate": 0.0,
      "violation_count": 0,
      "total_steps": 25000
    }
  },
  "convergence_episode": 50,
  "n_training_episodes": 50,
  "reward_history": [
    -2597.9240713119507,
    -3677.3860120773315,
    -4856.532089233398,
    -2799.688301086426,
    -6606.71480178833,
    -6593.81276512146,
    -3658.4775924682617,
    -4006.6837520599365,
    -4849.317377090454,
    -2561.580591201782,
    -3968.464210510254,
    -4830.2964153289795,
    -3622.5126390457153,
    -3611.9673204421997,
    -3625.0516777038574,
    -6559.262191772461,
    -3615.4033489227295,
    -2484.8141174316406,
    -3594.131471633911,
    -2727.001133918762,
    -2727.275089263916,
    -2733.161217689514,
    -3559.805986404419,
    -3900.9088554382324,
    -4738.3951778411865,
    -4743.152515411377,
    -2694.0932149887085,
    -2478.7383165359497,
    -4726.579477310181,
    -3517.565872192383,
    -2480.6941137313843,
    -2662.62442111969,
    -2668.7967977523804,
    -3524.1206674575806,
    -3503.264090538025,
    -3899.754997253418,
    -6468.654773712158,
    -4723.735355377197,
    -3506.133312225342,
    -4710.049226760864,
    -4701.936996459961,
    -6475.984241485596,
    -2640.1237230300903,
    -2451.088101387024,
    -4721.751819610596,
    -6456.81706237793,
    -3914.2247886657715,
    -3896.7629318237305,
    -4708.382064819336,
    -4683.068164825439
  ],
  "epsilon_log": []
}