{
  "violation_rate": [
    0.9936,
    0.0031496031496047274
  ],
  "cbf_violation_rate": [
    0.9936,
    0.0031496031496047274
  ],
  "cumulative_reward": [
    -16146.809024391174,
    13.823084084127961
  ],
  "tracking_rmse": {
    "pressure": [
      5.488212152911903,
      0.0014427192002444717
    ],
    "enthalpy": [
      45.90333574354505,
      0.28386431665560785
    ],
    "power": [
      0.21538375379722072,
      0.007255647262402771
    ]
  },
  "control_cost": [
    2020.0162231445313,
    70.3979978396763
  ],
  "min_barrier_value": [
    -37.816201171875,
    2.5648244212105196
  ],
  "online_time_ms": [
    16.94886937800562,
    5.995655565362456
  ],
  "per_constraint_type": {
    "pressure": {
      "violation_rate": 0.0,
      "violation_count": 0,
      "total_steps": 25000
    },
    "enthalpy": {
      "violation_rate": 0.9936,
      "violation_count": 24840,
      "total_steps": 25000
    },
    "power": {
      "violation_rate": 0.0,
      "violation_count": 0,
      "total_steps": 25000
    }
  },
  "convergence_episode": 50,
  "n_training_episodes": 50,
  "reward_history": [
    -6592.244569778442,
    -6591.299175262451,
    -6598.585878372192,
    -6609.98390007019,
    -6608.108345031738,
    -6596.627309799194,
    -6614.246320724487,
    -6586.214267730713,
    -6590.209833145142,
    -6585.337066650391,
    -6588.891044616699,
    -6559.674001693726,
    -6540.45313835144,
    -6549.135591506958,
    -6547.7719078063965,
    -6524.582851409912,
    -6535.581468582153,
    -6506.517272949219,
    -6529.260305404663,
    -6494.173446655273,
    -6514.843864440918,
    -6505.747884750366,
    -6502.588705062866,
    -6472.286205291748,
    -6483.172647476196,
    -6493.722734451294,
    -6472.396768569946,
    -6476.208127975464,
    -6458.070350646973,
    -6480.577484130859,
    -6468.151760101318,
    -6477.6106300354,
    -6476.511648178101,
    -6456.34033203125,
    -6476.046327590942,
    -6481.468673706055,
    -6458.011999130249,
    -6471.328592300415,
    -6450.81791305542,
    -6485.5233516693115,
    -6463.14760017395,
    -6437.81010055542,
    -6476.188451766968,
    -6460.05099105835,
    -6470.8942947387695,
    -6463.0912799835205,
    -6446.645652770996,
    -6471.471572875977,
    -6457.292156219482,
    -6453.16477394104
  ],
  "epsilon_log": []
}