{
  "violation_rate": [
    0.99928,
    0.0011142710621747307
  ],
  "cbf_violation_rate": [
    0.99928,
    0.0011142710621747307
  ],
  "cumulative_reward": [
    -11765.607776489258,
    13.876885129684988
  ],
  "tracking_rmse": {
    "pressure": [
      4.570270735530378,
      0.0016152635081809834
    ],
    "enthalpy": [
      50.946206132868014,
      0.2796809627611504
    ],
    "power": [
      0.2187173637330452,
      0.0063340859016470675
    ]
  },
  "control_cost": [
    1938.8850708007812,
    72.20940617126877
  ],
  "min_barrier_value": [
    -43.53689453125,
    1.3858503197190766
  ],
  "online_time_ms": [
    10.237595600091735,
    1.872848807211469
  ],
  "per_constraint_type": {
    "pressure": {
      "violation_rate": 0.0,
      "violation_count": 0,
      "total_steps": 25000
    },
    "enthalpy": {
      "violation_rate": 0.99928,
      "violation_count": 24982,
      "total_steps": 25000
    },
    "power": {
      "violation_rate": 0.0,
      "violation_count": 0,
      "total_steps": 25000
    }
  },
  "convergence_episode": 50,
  "n_training_episodes": 50,
  "reward_history": [
    -4848.310325622559,
    -2591.5965719223022,
    -4856.044076919556,
    -2595.0656394958496,
    -2804.1766510009766,
    -2817.809880256653,
    -3674.3369674682617,
    -3979.1472148895264,
    -3996.912696838379,
    -6609.479768753052,
    -3984.062662124634,
    -4823.550968170166,
    -6572.434055328369,
    -6585.496919631958,
    -6574.685897827148,
    -2758.396493911743,
    -6523.885126113892,
    -4771.9954261779785,
    -4769.805137634277,
    -6486.959575653076,
    -4778.69838142395,
    -4747.400691986084,
    -3526.3615684509277,
    -3528.552083015442,
    -6489.870656967163,
    -4745.5183391571045,
    -2674.1730422973633,
    -4729.238254547119,
    -4735.989776611328,
    -3509.087161064148,
    -3911.2888107299805,
    -6477.397422790527,
    -3512.891442298889,
    -3906.893882751465,
    -2462.5380144119263,
    -3894.642930984497,
    -2473.8368406295776,
    -3483.713927268982,
    -6466.641109466553,
    -6461.599071502686,
    -6476.366596221924,
    -4699.74122428894,
    -2460.9435386657715,
    -4704.280202865601,
    -2459.314309120178,
    -2653.564522743225,
    -3897.7439136505127,
    -2460.129366874695,
    -4723.68214225769,
    -2669.7842922210693
  ],
  "epsilon_log": []
}