{
  "violation_rate": [
    0.00192,
    0.0006881860213634101
  ],
  "cbf_violation_rate": [
    0.00192,
    0.0006881860213634101
  ],
  "cumulative_reward": [
    -9054.063591423035,
    5.769710192849633
  ],
  "tracking_rmse": {
    "pressure": [
      3.6521724405951965,
      0.0013766499331799465
    ],
    "enthalpy": [
      27.923806403014595,
      0.01949519246457308
    ],
    "power": [
      19.881970583642488,
      0.008667467831610013
    ]
  },
  "control_cost": [
    4200.013662109375,
    66.09285543156453
  ],
  "min_barrier_value": [
    -0.000224609375,
    6.62336912414577e-05
  ],
  "online_time_ms": [
    14.083882505020592,
    3.8244448265835223
  ],
  "per_constraint_type": {
    "pressure": {
      "violation_rate": 0.0,
      "violation_count": 0,
      "total_steps": 25000
    },
    "enthalpy": {
      "violation_rate": 0.00192,
      "violation_count": 48,
      "total_steps": 25000
    },
    "power": {
      "violation_rate": 0.0,
      "violation_count": 0,
      "total_steps": 25000
    }
  },
  "convergence_episode": 50,
  "n_training_episodes": 50,
  "reward_history": [
    -4026.3294372558594,
    -4031.619915008545,
    -4002.4547233581543,
    -4015.475353240967,
    -3995.1060905456543,
    -3994.6791019439697,
    -3980.9688358306885,
    -3980.2736053466797,
    -3994.9637775421143,
    -3978.4648036956787,
    -3963.3692359924316,
    -3962.651527404785,
    -3977.6354694366455,
    -3954.577573776245,
    -3948.884059906006,
    -3952.446695327759,
    -3929.714828491211,
    -3945.814037322998,
    -3929.8504371643066,
    -3910.865581512451,
    -3911.277976989746,
    -3904.1040115356445,
    -3909.707250595093,
    -3901.0951194763184,
    -3895.4240703582764,
    -3874.9703788757324,
    -3868.8895683288574,
    -3860.9740886688232,
    -3864.946481704712,
    -3869.961902618408,
    -3873.834617614746,
    -3867.4119358062744,
    -3860.720615386963,
    -3864.9615592956543,
    -3855.616165161133,
    -3836.2645111083984,
    -3843.8792972564697,
    -3859.854248046875,
    -3855.7183780670166,
    -3859.2620582580566,
    -3859.7910709381104,
    -3860.319492340088,
    -3854.8050079345703,
    -3874.1683826446533,
    -3845.0169353485107,
    -3848.9408893585205,
    -3832.8686485290527,
    -3831.5481243133545,
    -3848.350107192993,
    -3847.104465484619
  ],
  "epsilon_log": []
}