{
  "violation_rate": [
    0.0,
    0.0
  ],
  "cbf_violation_rate": [
    0.0,
    0.0
  ],
  "cumulative_reward": [
    -39.61449527459146,
    2.282692868049951
  ],
  "tracking_rmse": {
    "pressure": [
      0.023910941091340003,
      0.0013442887459065044
    ],
    "enthalpy": [
      8.79626574372116,
      0.2585055730478126
    ],
    "power": [
      0.2718772428421161,
      0.008165479177538794
    ]
  },
  "control_cost": [
    1697.66328125,
    61.66983477731143
  ],
  "min_barrier_value": [
    0.7134928894042969,
    0.6418623121538903
  ],
  "online_time_ms": [
    15.598865121053532,
    83.04324292899737
  ],
  "per_constraint_type": {
    "pressure": {
      "violation_rate": 0.0,
      "violation_count": 0,
      "total_steps": 25000
    },
    "enthalpy": {
      "violation_rate": 0.0,
      "violation_count": 0,
      "total_steps": 25000
    },
    "power": {
      "violation_rate": 0.0,
      "violation_count": 0,
      "total_steps": 25000
    }
  },
  "convergence_episode": 50,
  "n_training_episodes": 50,
  "reward_history": [
    -18.37810421071481,
    -18.469117628672393,
    -17.135208036765107,
    -20.221716194137116,
    -20.345164878643118,
    -18.263023859850364,
    -17.591279034502804,
    -15.713548543513753,
    -18.11850732678431,
    -14.00549212905753,
    -14.544595780724194,
    -14.402398692531278,
    -15.756774347144528,
    -16.51945087054628,
    -15.601380319116288,
    -14.627566988463514,
    -16.948545536433812,
    -15.981020649051061,
    -16.608743913762737,
    -14.858326481538825,
    -13.17833900716505,
    -17.27258156597236,
    -18.997670900804223,
    -14.112451430555666,
    -16.947417613730067,
    -15.762053696656949,
    -16.451244038820732,
    -16.50307112687733,
    -15.288818098342745,
    -16.773121063481085,
    -15.554136973398272,
    -16.193326820852235,
    -15.14092693515704,
    -13.688729461864568,
    -12.862513511165162,
    -13.25985145411687,
    -15.382786703819875,
    -15.139943428977858,
    -17.415769217419438,
    -15.796007853903575,
    -17.38084374164464,
    -14.672356156283058,
    -16.88950492432923,
    -15.527114694443299,
    -14.698099861387163,
    -14.223239537066547,
    -16.517470201433753,
    -15.306009691135841,
    -14.364720577956177,
    -18.790890143660363
  ],
  "epsilon_log": []
}