{
  "violation_rate": [
    0.0,
    0.0
  ],
  "cbf_violation_rate": [
    0.0,
    0.0
  ],
  "cumulative_reward": [
    -9003.596119766235,
    4.367630905720066
  ],
  "tracking_rmse": {
    "pressure": [
      3.6521914728852867,
      0.00119706377948735
    ],
    "enthalpy": [
      26.074690671724706,
      0.013818044573514729
    ],
    "power": [
      19.878953448921408,
      0.009803885980486378
    ]
  },
  "control_cost": [
    4838.33501953125,
    57.680476626481756
  ],
  "min_barrier_value": [
    1.868291015625,
    0.0020866469416229412
  ],
  "online_time_ms": [
    9.920577139399247,
    1.764566043367535
  ],
  "per_constraint_type": {
    "pressure": {
      "violation_rate": 0.0,
      "violation_count": 0,
      "total_steps": 25000
    },
    "enthalpy": {
      "violation_rate": 0.0,
      "violation_count": 0,
      "total_steps": 25000
    },
    "power": {
      "violation_rate": 0.0,
      "violation_count": 0,
      "total_steps": 25000
    }
  },
  "convergence_episode": 50,
  "n_training_episodes": 50,
  "reward_history": [
    -4022.8991508483887,
    -4004.7329425811768,
    -4027.8708305358887,
    -3997.082010269165,
    -3991.214412689209,
    -3988.311367034912,
    -3987.0161323547363,
    -3961.967933654785,
    -3974.784564971924,
    -3987.112257003784,
    -3972.518379211426,
    -3984.2406616210938,
    -3955.8007106781006,
    -3966.5668029785156,
    -3955.6510581970215,
    -3942.9941215515137,
    -3955.8635063171387,
    -3933.5362033843994,
    -3938.5083141326904,
    -3925.4973850250244,
    -3912.9391765594482,
    -3909.397924423218,
    -3906.4086894989014,
    -3883.410104751587,
    -3882.8488121032715,
    -3895.2028770446777,
    -3872.9572677612305,
    -3893.8719806671143,
    -3873.578659057617,
    -3878.334617614746,
    -3856.9177780151367,
    -3879.719945907593,
    -3876.5058631896973,
    -3849.753070831299,
    -3869.4178562164307,
    -3870.897066116333,
    -3867.888442993164,
    -3866.131416320801,
    -3847.33256149292,
    -3831.9062366485596,
    -3848.2328662872314,
    -3856.6944122314453,
    -3840.384645462036,
    -3858.7850093841553,
    -3838.5210399627686,
    -3857.5204849243164,
    -3857.128309249878,
    -3829.583715438843,
    -3854.4587593078613,
    -3840.8978004455566
  ],
  "epsilon_log": []
}