{
  "violation_rate": [
    0.99928,
    0.0011142710621747307
  ],
  "cbf_violation_rate": [
    0.99928,
    0.0011142710621747307
  ],
  "cumulative_reward": [
    -11766.166492080689,
    13.899517520684634
  ],
  "tracking_rmse": {
    "pressure": [
      4.570285766566478,
      0.0016140023979374998
    ],
    "enthalpy": [
      50.95579969067878,
      0.2800408436205829
    ],
    "power": [
      0.21876345002837694,
      0.006335755075159525
    ]
  },
  "control_cost": [
    1939.65650390625,
    72.50168820308522
  ],
  "min_barrier_value": [
    -44.188115234375,
    2.164703015579828
  ],
  "online_time_ms": [
    0.0,
    0.0
  ],
  "per_constraint_type": {
    "pressure": {
      "violation_rate": 0.0,
      "violation_count": 0,
      "total_steps": 25000
    },
    "enthalpy": {
      "violation_rate": 0.99928,
      "violation_count": 24982,
      "total_steps": 25000
    },
    "power": {
      "violation_rate": 0.0,
      "violation_count": 0,
      "total_steps": 25000
    }
  },
  "convergence_episode": 50,
  "n_training_episodes": 50,
  "reward_history": [
    -4848.310325622559,
    -2591.596558570862,
    -4856.044250488281,
    -2595.0722827911377,
    -2804.1777362823486,
    -2817.810869216919,
    -3674.343267440796,
    -3980.184425354004,
    -3997.2250442504883,
    -6609.481914520264,
    -3984.0624675750732,
    -4823.5487060546875,
    -6572.441381454468,
    -6585.528120040894,
    -6574.899091720581,
    -2762.4136304855347,
    -6535.396961212158,
    -4779.347097396851,
    -4769.44063949585,
    -6486.358730316162,
    -4778.054595947266,
    -4746.962549209595,
    -3526.1321086883545,
    -3528.5809020996094,
    -6490.08780670166,
    -4745.939826965332,
    -2674.7368698120117,
    -4729.899452209473,
    -4736.714538574219,
    -3509.9371519088745,
    -3912.009485244751,
    -6478.070411682129,
    -3513.7059507369995,
    -3907.4988021850586,
    -2463.139602661133,
    -3895.156074523926,
    -2474.357297897339,
    -3484.2788372039795,
    -6467.067451477051,
    -6461.979181289673,
    -6476.717016220093,
    -4700.078369140625,
    -2461.2322130203247,
    -4704.555171966553,
    -2459.5597610473633,
    -2653.807864189148,
    -3897.9393062591553,
    -2460.3361711502075,
    -4723.892484664917,
    -2669.984498023987
  ],
  "epsilon_log": []
}