{
  "violation_rate": [
    0.0,
    0.0
  ],
  "cbf_violation_rate": [
    0.0,
    0.0
  ],
  "cumulative_reward": [
    -9002.066725997925,
    5.387572237878418
  ],
  "tracking_rmse": {
    "pressure": [
      3.6523539308253787,
      0.0014988077584347794
    ],
    "enthalpy": [
      25.98837224007415,
      0.011473711645171695
    ],
    "power": [
      19.879748675809992,
      0.008915828799703282
    ]
  },
  "control_cost": [
    4870.584541015625,
    58.368001969958605
  ],
  "min_barrier_value": [
    1.9625244140625,
    0.0001220703125
  ],
  "online_time_ms": [
    9.9399578465597,
    1.7874485577779036
  ],
  "per_constraint_type": {
    "pressure": {
      "violation_rate": 0.0,
      "violation_count": 0,
      "total_steps": 25000
    },
    "enthalpy": {
      "violation_rate": 0.0,
      "violation_count": 0,
      "total_steps": 25000
    },
    "power": {
      "violation_rate": 0.0,
      "violation_count": 0,
      "total_steps": 25000
    }
  },
  "convergence_episode": 50,
  "n_training_episodes": 50,
  "reward_history": [
    -4010.4385089874268,
    -4028.5742359161377,
    -4009.875629425049,
    -4004.044900894165,
    -3994.6419639587402,
    -3994.12823677063,
    -3981.572135925293,
    -3980.427749633789,
    -4008.294973373413,
    -3975.150505065918,
    -3975.7794342041016,
    -3988.1891231536865,
    -3961.445701599121,
    -3964.9186782836914,
    -3956.6771869659424,
    -3944.7471981048584,
    -3944.0299072265625,
    -3952.965112686157,
    -3934.6157245635986,
    -3942.9748306274414,
    -3908.5647106170654,
    -3919.3525791168213,
    -3913.3538150787354,
    -3894.189468383789,
    -3910.265390396118,
    -3886.6800479888916,
    -3868.1936264038086,
    -3895.052875518799,
    -3858.734188079834,
    -3884.231840133667,
    -3878.673204421997,
    -3878.4697856903076,
    -3846.502815246582,
    -3857.5304050445557,
    -3862.944118499756,
    -3868.454761505127,
    -3853.8813133239746,
    -3870.0821113586426,
    -3858.9867763519287,
    -3836.456600189209,
    -3850.8005657196045,
    -3884.1988010406494,
    -3846.804702758789,
    -3858.346549987793,
    -3864.4520263671875,
    -3837.8812408447266,
    -3845.320022583008,
    -3842.2450981140137,
    -3852.534887313843,
    -3850.414228439331
  ],
  "epsilon_log": []
}