{
  "violation_rate": [
    0.99932,
    0.001173712060089698
  ],
  "cbf_violation_rate": [
    0.99932,
    0.001173712060089698
  ],
  "cumulative_reward": [
    -11767.509595870972,
    17.277580290816008
  ],
  "tracking_rmse": {
    "pressure": [
      4.570248405805572,
      0.0014939417608707108
    ],
    "enthalpy": [
      50.98613740241344,
      0.3323582108978776
    ],
    "power": [
      0.21823384503098012,
      0.007333934195931592
    ]
  },
  "control_cost": [
    1946.7137036132813,
    83.87814249527844
  ],
  "min_barrier_value": [
    -43.55646484375,
    2.370132259911644
  ],
  "online_time_ms": [
    0.0,
    0.0
  ],
  "per_constraint_type": {
    "pressure": {
      "violation_rate": 0.0,
      "violation_count": 0,
      "total_steps": 25000
    },
    "enthalpy": {
      "violation_rate": 0.99932,
      "violation_count": 24983,
      "total_steps": 25000
    },
    "power": {
      "violation_rate": 0.0,
      "violation_count": 0,
      "total_steps": 25000
    }
  },
  "convergence_episode": 50,
  "n_training_episodes": 50,
  "reward_history": [
    -2597.924048423767,
    -4850.706853866577,
    -4856.541923522949,
    -2799.7055921554565,
    -6606.758726119995,
    -6593.876668930054,
    -3658.5571756362915,
    -4005.8287448883057,
    -4849.488035202026,
    -2561.178970336914,
    -3968.642126083374,
    -4830.766273498535,
    -3623.2175798416138,
    -4797.227638244629,
    -4808.056837081909,
    -6559.173406600952,
    -4798.273374557495,
    -2483.9361114501953,
    -4779.888336181641,
    -2724.8512268066406,
    -2724.7020778656006,
    -2730.4490060806274,
    -3556.893695831299,
    -3899.3620567321777,
    -4736.537237167358,
    -4741.7210330963135,
    -2693.078447341919,
    -2478.371332168579,
    -4726.370048522949,
    -4716.3424949646,
    -2480.894413948059,
    -2662.976755142212,
    -2669.1952896118164,
    -4722.189071655273,
    -4704.994304656982,
    -3899.747024536133,
    -6470.920804977417,
    -4725.551721572876,
    -4707.742919921875,
    -4709.7347774505615,
    -4701.509471893311,
    -6475.514486312866,
    -2639.732681274414,
    -2450.8629093170166,
    -4721.52677154541,
    -6456.64758682251,
    -3914.1298751831055,
    -3896.7310104370117,
    -4708.43611907959,
    -4683.1694984436035
  ],
  "epsilon_log": []
}