{
  "violation_rate": [
    0.06166666666666667,
    0.038586123009300755
  ],
  "cumulative_reward": [
    -1629.7121040299535,
    734.186458255911
  ],
  "n_training_episodes": 200,
  "reward_history": [
    -824.3792780637741,
    -1604.247483998537,
    -11182.908109664917,
    -1520.0597983896732,
    -966.8038330078125,
    -10753.839994430542,
    -1648.7160327136517,
    -880.9256157875061,
    -11039.26690196991,
    -10759.218759536743,
    -10761.976608276367,
    -2479.12156817317,
    -1707.7785462737083,
    -11443.985912322998,
    -2251.081928253174,
    -2721.22922205925,
    -11734.678531646729,
    -11223.175352096558,
    -1618.1482177227736,
    -2422.635225623846,
    -973.9976068735123,
    -2309.996617913246,
    -865.5310682058334,
    -885.0186861753464,
    -475.14615108573344,
    -10992.441199302673,
    -2412.3631193339825,
    -1538.333042562008,
    -2817.0330702364445,
    -2336.6257147789,
    -2202.6162280738354,
    -1821.8250029087067,
    -573.107846536208,
    -870.5009658932686,
    -2411.058617055416,
    -1509.5534265339375,
    -2297.9045407772064,
    -529.3117304341868,
    -977.8930401802063,
    -11125.068193435669,
    -2463.327161937952,
    -480.4726708442904,
    -1808.3095250576735,
    -547.1594672028441,
    -897.8269371986389,
    -11413.27398967743,
    -2474.9911776185036,
    -10995.173211097717,
    -1696.2207134217024,
    -938.351526170969,
    -2255.4504521787167,
    -494.6819412019104,
    -1732.9404193162918,
    -2458.568435281515,
    -571.2637467421591,
    -11218.920454025269,
    -2541.0159692168236,
    -2497.663762539625,
    -428.0384961995296,
    -459.6887060580775,
    -478.13403194607235,
    -1033.110033750534,
    -1824.477425456047,
    -11144.956860542297,
    -10621.385670661926,
    -2752.2469468414783,
    -2643.826735138893,
    -11769.991600036621,
    -11345.162021636963,
    -918.1304714679718,
    -506.92125460418174,
    -595.9291080085095,
    -2596.4250208735466,
    -531.9057902442291,
    -2568.723445802927,
    -951.5257170796394,
    -11750.865274429321,
    -468.35604146681726,
    -2674.30729752779,
    -1650.9421046674252,
    -883.894833445549,
    -474.5129786883481,
    -2329.6607816815376,
    -11530.969644546509,
    -2396.906606823206,
    -11355.359508514404,
    -2577.312687009573,
    -448.4688671575859,
    -921.0181632637978,
    -11413.182136535645,
    -571.9001434608945,
    -930.6899934411049,
    -2602.112246006727,
    -491.8198428118485,
    -973.4904098510742,
    -991.4237580895424,
    -911.7536063790321,
    -506.8929867055267,
    -2190.3920508623123,
    -2529.4186207801104
  ],
  "epsilon_log": [
    {
      "beta": 4.359869956970215,
      "sigma_gp_mean": 0.09324643015861511,
      "sigma_gp_max": 0.2744525969028473,
      "sigma_gp_per_dim": [
        1.3718749869440217e-07,
        0.00528655806556344,
        0.2744525969028473
      ],
      "n_gp_points": 2000,
      "mu_gp_mean": 4.016592502593994,
      "episode": 10
    },
    {
      "beta": 4.359869956970215,
      "sigma_gp_mean": 0.09324643015861511,
      "sigma_gp_max": 0.2744525969028473,
      "sigma_gp_per_dim": [
        1.3718749869440217e-07,
        0.00528655806556344,
        0.2744525969028473
      ],
      "n_gp_points": 2000,
      "mu_gp_mean": 4.016592502593994,
      "episode": 20
    },
    {
      "beta": 4.359869956970215,
      "sigma_gp_mean": 0.09324643015861511,
      "sigma_gp_max": 0.2744525969028473,
      "sigma_gp_per_dim": [
        1.3718749869440217e-07,
        0.00528655806556344,
        0.2744525969028473
      ],
      "n_gp_points": 2000,
      "mu_gp_mean": 4.016592502593994,
      "episode": 30
    },
    {
      "beta": 4.359869956970215,
      "sigma_gp_mean": 0.09324643015861511,
      "sigma_gp_max": 0.2744525969028473,
      "sigma_gp_per_dim": [
        1.3718749869440217e-07,
        0.00528655806556344,
        0.2744525969028473
      ],
      "n_gp_points": 2000,
      "mu_gp_mean": 4.016592502593994,
      "episode": 40
    },
    {
      "beta": 4.359869956970215,
      "sigma_gp_mean": 0.09324643015861511,
      "sigma_gp_max": 0.2744525969028473,
      "sigma_gp_per_dim": [
        1.3718749869440217e-07,
        0.00528655806556344,
        0.2744525969028473
      ],
      "n_gp_points": 2000,
      "mu_gp_mean": 4.016592502593994,
      "episode": 50
    },
    {
      "beta": 4.359869956970215,
      "sigma_gp_mean": 0.09324643015861511,
      "sigma_gp_max": 0.2744525969028473,
      "sigma_gp_per_dim": [
        1.3718749869440217e-07,
        0.00528655806556344,
        0.2744525969028473
      ],
      "n_gp_points": 2000,
      "mu_gp_mean": 4.016592502593994,
      "episode": 60
    },
    {
      "beta": 4.359869956970215,
      "sigma_gp_mean": 0.09324643015861511,
      "sigma_gp_max": 0.2744525969028473,
      "sigma_gp_per_dim": [
        1.3718749869440217e-07,
        0.00528655806556344,
        0.2744525969028473
      ],
      "n_gp_points": 2000,
      "mu_gp_mean": 4.016592502593994,
      "episode": 70
    },
    {
      "beta": 4.359869956970215,
      "sigma_gp_mean": 0.09324643015861511,
      "sigma_gp_max": 0.2744525969028473,
      "sigma_gp_per_dim": [
        1.3718749869440217e-07,
        0.00528655806556344,
        0.2744525969028473
      ],
      "n_gp_points": 2000,
      "mu_gp_mean": 4.016592502593994,
      "episode": 80
    },
    {
      "beta": 4.359869956970215,
      "sigma_gp_mean": 0.09324643015861511,
      "sigma_gp_max": 0.2744525969028473,
      "sigma_gp_per_dim": [
        1.3718749869440217e-07,
        0.00528655806556344,
        0.2744525969028473
      ],
      "n_gp_points": 2000,
      "mu_gp_mean": 4.016592502593994,
      "episode": 90
    },
    {
      "beta": 4.359869956970215,
      "sigma_gp_mean": 0.09324643015861511,
      "sigma_gp_max": 0.2744525969028473,
      "sigma_gp_per_dim": [
        1.3718749869440217e-07,
        0.00528655806556344,
        0.2744525969028473
      ],
      "n_gp_points": 2000,
      "mu_gp_mean": 4.016592502593994,
      "episode": 100
    },
    {
      "beta": 4.359869956970215,
      "sigma_gp_mean": 0.09324643015861511,
      "sigma_gp_max": 0.2744525969028473,
      "sigma_gp_per_dim": [
        1.3718749869440217e-07,
        0.00528655806556344,
        0.2744525969028473
      ],
      "n_gp_points": 2000,
      "mu_gp_mean": 4.016592502593994,
      "episode": 110
    },
    {
      "beta": 4.359869956970215,
      "sigma_gp_mean": 0.09324643015861511,
      "sigma_gp_max": 0.2744525969028473,
      "sigma_gp_per_dim": [
        1.3718749869440217e-07,
        0.00528655806556344,
        0.2744525969028473
      ],
      "n_gp_points": 2000,
      "mu_gp_mean": 4.016592502593994,
      "episode": 120
    },
    {
      "beta": 4.359869956970215,
      "sigma_gp_mean": 0.09324643015861511,
      "sigma_gp_max": 0.2744525969028473,
      "sigma_gp_per_dim": [
        1.3718749869440217e-07,
        0.00528655806556344,
        0.2744525969028473
      ],
      "n_gp_points": 2000,
      "mu_gp_mean": 4.016592502593994,
      "episode": 130
    },
    {
      "beta": 4.359869956970215,
      "sigma_gp_mean": 0.09324643015861511,
      "sigma_gp_max": 0.2744525969028473,
      "sigma_gp_per_dim": [
        1.3718749869440217e-07,
        0.00528655806556344,
        0.2744525969028473
      ],
      "n_gp_points": 2000,
      "mu_gp_mean": 4.016592502593994,
      "episode": 140
    },
    {
      "beta": 4.359869956970215,
      "sigma_gp_mean": 0.09324643015861511,
      "sigma_gp_max": 0.2744525969028473,
      "sigma_gp_per_dim": [
        1.3718749869440217e-07,
        0.00528655806556344,
        0.2744525969028473
      ],
      "n_gp_points": 2000,
      "mu_gp_mean": 4.016592502593994,
      "episode": 150
    },
    {
      "beta": 4.359869956970215,
      "sigma_gp_mean": 0.09324643015861511,
      "sigma_gp_max": 0.2744525969028473,