{
  "violation_rate": [
    0.9954400000000001,
    0.0030994193004496855
  ],
  "cbf_violation_rate": [
    0.9954400000000001,
    0.0030994193004496855
  ],
  "cumulative_reward": [
    -16155.394482955933,
    15.482952151655287
  ],
  "tracking_rmse": {
    "pressure": [
      5.4891397296517255,
      0.001470599449762737
    ],
    "enthalpy": [
      45.98256675180567,
      0.31570632728976294
    ],
    "power": [
      0.20748470166904587,
      0.006979283709505787
    ]
  },
  "control_cost": [
    1941.54888671875,
    83.6956205908929
  ],
  "min_barrier_value": [
    -37.51794921875,
    2.235421662098996
  ],
  "online_time_ms": [
    0.0,
    0.0
  ],
  "per_constraint_type": {
    "pressure": {
      "violation_rate": 0.0,
      "violation_count": 0,
      "total_steps": 25000
    },
    "enthalpy": {
      "violation_rate": 0.99544,
      "violation_count": 24886,
      "total_steps": 25000
    },
    "power": {
      "violation_rate": 0.0,
      "violation_count": 0,
      "total_steps": 25000
    }
  },
  "convergence_episode": 50,
  "n_training_episodes": 50,
  "reward_history": [
    -2597.924048423767,
    -6608.061162948608,
    -4856.543016433716,
    -2799.7377786636353,
    -6606.853733062744,
    -6594.057281494141,
    -3658.8134479522705,
    -4006.0917739868164,
    -4849.974088668823,
    -2561.751633644104,
    -3969.255226135254,
    -4831.9139041900635,
    -3624.8930339813232,
    -6555.500926971436,
    -6564.668939590454,
    -6560.193983078003,
    -6555.099016189575,
    -2483.927516937256,
    -6536.2153396606445,
    -2724.226329803467,
    -2723.725654602051,
    -2729.4310789108276,
    -3555.9688358306885,
    -3898.879825592041,
    -4736.4927616119385,
    -4742.1607837677,
    -2694.040289878845,
    -2479.078833580017,
    -4728.014778137207,
    -6477.155433654785,
    -2482.056722640991,
    -2664.920623779297,
    -2671.283229827881,
    -6482.152704238892,
    -6468.352096557617,
    -3900.4654445648193,
    -6472.144815444946,
    -4726.640043258667,
    -6462.048221588135,
    -4710.355804443359,
    -4702.0177574157715,
    -6476.028121948242,
    -2640.2886934280396,
    -2451.209334373474,
    -4722.162910461426,
    -6457.356967926025,
    -3914.681697845459,
    -3897.3289546966553,
    -4709.252611160278,
    -4684.009960174561
  ],
  "epsilon_log": []
}