{
  "violation_rate": [
    0.3368,
    0.03490787876683429
  ],
  "cbf_violation_rate": [
    0.3368,
    0.03490787876683429
  ],
  "cumulative_reward": [
    -8003.263177156448,
    8.250625406173539
  ],
  "tracking_rmse": {
    "pressure": [
      3.8978853076395676,
      0.0021211508884788474
    ],
    "enthalpy": [
      27.920678867491244,
      0.013197250207828231
    ],
    "power": [
      0.22681908970503098,
      0.008195204915291302
    ]
  },
  "control_cost": [
    4022.83966796875,
    58.85936805305896
  ],
  "min_barrier_value": [
    -0.0090087890625,
    0.0019961388987830638
  ],
  "online_time_ms": [
    11.56685413768515,
    3.6916407312914132
  ],
  "per_constraint_type": {
    "pressure": {
      "violation_rate": 0.0,
      "violation_count": 0,
      "total_steps": 25000
    },
    "enthalpy": {
      "violation_rate": 0.3368,
      "violation_count": 8420,
      "total_steps": 25000
    },
    "power": {
      "violation_rate": 0.0,
      "violation_count": 0,
      "total_steps": 25000
    }
  },
  "convergence_episode": 50,
  "n_training_episodes": 50,
  "reward_history": [
    -3655.920241355896,
    -3657.6006116867065,
    -3661.3430919647217,
    -3682.9840517044067,
    -3678.7176418304443,
    -3664.4823751449585,
    -3686.8501110076904,
    -3651.005467414856,
    -3657.7923402786255,
    -3649.453185081482,
    -3657.4112100601196,
    -3619.562883377075,
    -3591.425163269043,
    -3603.2873935699463,
    -3602.7743978500366,
    -3574.4840393066406,
    -3589.8731622695923,
    -3554.3629722595215,
    -3581.897020339966,
    -3538.9330530166626,
    -3567.9107780456543,
    -3554.872847557068,
    -3550.487317085266,
    -3515.823142051697,
    -3527.588086128235,
    -3543.7137908935547,
    -3515.7637395858765,
    -3521.895383834839,
    -3499.247109413147,
    -3527.358582496643,
    -3513.4027614593506,
    -3522.1132259368896,
    -3525.142646789551,
    -3495.1816415786743,
    -3525.9165658950806,
    -3532.49054813385,
    -3501.31178855896,
    -3520.3586931228638,
    -3492.659722328186,
    -3540.6503438949585,
    -3508.089623451233,
    -3476.1182622909546,
    -3524.8241624832153,
    -3505.62765789032,
    -3519.292568206787,
    -3508.1942143440247,
    -3488.811836242676,
    -3517.250813484192,
    -3500.979166030884,
    -3496.395008087158
  ],
  "epsilon_log": []
}