{
  "violation_rate": [
    0.99588,
    0.0025740240869113894
  ],
  "cbf_violation_rate": [
    0.99588,
    0.0025740240869113894
  ],
  "cumulative_reward": [
    -8775.904658832551,
    18.225059748198607
  ],
  "tracking_rmse": {
    "pressure": [
      3.898386563986605,
      0.0022656368461911763
    ],
    "enthalpy": [
      48.147200614941355,
      0.35886784420244666
    ],
    "power": [
      0.22565092316009325,
      0.008697220954085552
    ]
  },
  "control_cost": [
    1949.9108520507812,
    74.94376304640926
  ],
  "min_barrier_value": [
    -42.070205078125,
    2.6088707155228392
  ],
  "online_time_ms": [
    0.0,
    0.0
  ],
  "per_constraint_type": {
    "pressure": {
      "violation_rate": 0.0,
      "violation_count": 0,
      "total_steps": 25000
    },
    "enthalpy": {
      "violation_rate": 0.99588,
      "violation_count": 24897,
      "total_steps": 25000
    },
    "power": {
      "violation_rate": 0.0,
      "violation_count": 0,
      "total_steps": 25000
    }
  },
  "convergence_episode": 50,
  "n_training_episodes": 50,
  "reward_history": [
    -2778.839963912964,
    -2791.6749925613403,
    -4025.2916412353516,
    -3645.243172645569,
    -3683.2120323181152,
    -6614.178802490234,
    -2593.7283210754395,
    -3976.497604370117,
    -4831.566276550293,
    -4836.359455108643,
    -2551.7367067337036,
    -3621.06773853302,
    -4827.372884750366,
    -3979.313730239868,
    -2765.1502046585083,
    -2538.509283065796,
    -3589.781448364258,
    -2749.512349128723,
    -3949.0580978393555,
    -3553.710021018982,
    -2721.4075212478638,
    -3579.681833267212,
    -2710.19500541687,
    -2674.7819299697876,
    -6489.992588043213,
    -3534.0517044067383,
    -3533.3170013427734,
    -2665.704257965088,
    -6480.913621902466,
    -4728.342071533203,
    -3905.0516414642334,
    -6461.370063781738,
    -6475.779848098755,
    -2660.0553550720215,
    -3887.7481689453125,
    -2477.132424354553,
    -3499.0196528434753,
    -6463.931617736816,
    -3516.0023918151855,
    -3522.1057834625244,
    -4694.960744857788,
    -2662.919086456299,
    -3505.5119581222534,
    -3504.56879901886,
    -3527.296049118042,
    -2483.9410572052,
    -2465.834277153015,
    -4694.393661499023,
    -4694.881223678589,
    -2456.390525817871
  ],
  "epsilon_log": []
}