{
  "violation_rate": [
    0.0008800000000000001,
    0.0011426285485668561
  ],
  "cbf_violation_rate": [
    0.0008800000000000001,
    0.0011426285485668561
  ],
  "cumulative_reward": [
    -39.306015739355864,
    2.0346606220908856
  ],
  "tracking_rmse": {
    "pressure": [
      0.03381786093834881,
      0.0016467488301461788
    ],
    "enthalpy": [
      8.724955826834424,
      0.22930578067266813
    ],
    "power": [
      0.27160920155071744,
      0.007860816076161339
    ]
  },
  "control_cost": [
    1903.590068359375,
    71.41627609980098
  ],
  "min_barrier_value": [
    -0.18594741821289062,
    1.9854849286753018
  ],
  "online_time_ms": [
    0.0,
    0.0
  ],
  "per_constraint_type": {
    "pressure": {
      "violation_rate": 0.0,
      "violation_count": 0,
      "total_steps": 25000
    },
    "enthalpy": {
      "violation_rate": 0.00088,
      "violation_count": 22,
      "total_steps": 25000
    },
    "power": {
      "violation_rate": 0.0,
      "violation_count": 0,
      "total_steps": 25000
    }
  },
  "convergence_episode": 50,
  "n_training_episodes": 50,
  "reward_history": [
    -4848.310325622559,
    -2591.596492767334,
    -4856.044076919556,
    -2595.072009086609,
    -2804.1766958236694,
    -2817.810658454895,
    -3674.342593193054,
    -3980.185754776001,
    -3997.22456741333,
    -6609.480754852295,
    -3984.0620288848877,
    -14.119780295470264,
    -6573.932540893555,
    -6588.7010707855225,
    -6579.03938293457,
    -2767.4291801452637,
    -6539.867767333984,
    -15.800873321830295,
    -14.812830926821334,
    -6492.483022689819,
    -4785.2022342681885,
    -4754.621873855591,
    -3535.3777112960815,
    -3537.5735836029053,
    -6497.653793334961,
    -14.775409862704691,
    -2681.6536140441895,
    -13.140940404380672,
    -17.50995810693712,
    -3518.497058868408,
    -3918.3175830841064,
    -6486.731981277466,
    -3522.8427515029907,
    -3913.255247116089,
    -2467.4707860946655,
    -3900.341989517212,
    -2478.3221979141235,
    -3491.8619775772095,
    -6474.0747146606445,
    -6468.71155166626,
    -6483.075941085815,
    -4705.33856010437,
    -2464.7553367614746,
    -17.059449668828165,
    -2462.94527053833,
    -2658.9185552597046,
    -3901.874448776245,
    -2463.752103805542,
    -15.866460052930051,
    -2674.7805318832397
  ],
  "epsilon_log": []
}