{
  "violation_rate": [
    0.9990399999999999,
    0.001341044369139218
  ],
  "cbf_violation_rate": [
    0.9990399999999999,
    0.001341044369139218
  ],
  "cumulative_reward": [
    -11763.433181228638,
    16.148260822418877
  ],
  "tracking_rmse": {
    "pressure": [
      4.570536822367126,
      0.0011886081835695325
    ],
    "enthalpy": [
      50.881313277551236,
      0.30037220930753167
    ],
    "power": [
      0.21891348575760897,
      0.007233295203569661
    ]
  },
  "control_cost": [
    1952.0260009765625,
    68.42672222005919
  ],
  "min_barrier_value": [
    -43.8266650390625,
    2.858372549255558
  ],
  "online_time_ms": [
    0.0,
    0.0
  ],
  "per_constraint_type": {
    "pressure": {
      "violation_rate": 0.0,
      "violation_count": 0,
      "total_steps": 25000
    },
    "enthalpy": {
      "violation_rate": 0.99904,
      "violation_count": 24976,
      "total_steps": 25000
    },
    "power": {
      "violation_rate": 0.0,
      "violation_count": 0,
      "total_steps": 25000
    }
  },
  "convergence_episode": 50,
  "n_training_episodes": 50,
  "reward_history": [
    -2801.1055154800415,
    -6596.517160415649,
    -4035.1923484802246,
    -3674.1689853668213,
    -4848.432153701782,
    -4839.197217941284,
    -2795.6771516799927,
    -4819.224632263184,
    -4835.299448013306,
    -2791.65176486969,
    -3983.596954345703,
    -3631.4388666152954,
    -6577.719722747803,
    -4824.374942779541,
    -4826.449769973755,
    -3949.8604373931885,
    -3605.278470993042,
    -4766.6642208099365,
    -2522.3780479431152,
    -3931.052167892456,
    -2719.6226320266724,
    -3568.898386001587,
    -2712.3441133499146,
    -4723.379377365112,
    -2682.7347831726074,
    -6494.640573501587,
    -3913.7347736358643,
    -4710.569442749023,
    -2465.2999925613403,
    -3494.3419914245605,
    -4714.207328796387,
    -4732.920875549316,
    -2454.8168478012085,
    -3905.2906284332275,
    -3495.31174659729,
    -4715.719087600708,
    -3897.8494606018066,
    -3518.070059776306,
    -6457.3725662231445,
    -3897.239923477173,
    -3889.7266788482666,
    -4707.862726211548,
    -4686.446910858154,
    -2462.428572654724,
    -4717.288471221924,
    -4690.031471252441,
    -4710.402601242065,
    -2666.4830589294434,
    -2474.3400774002075,
    -3495.055990219116
  ],
  "epsilon_log": []
}