{
  "violation_rate": [
    0.9991600000000002,
    0.0012705904139414883
  ],
  "cbf_violation_rate": [
    0.9991600000000002,
    0.0012705904139414883
  ],
  "cumulative_reward": [
    -11763.174965705872,
    15.729334716887179
  ],
  "tracking_rmse": {
    "pressure": [
      4.569977951877248,
      0.001564413923552601
    ],
    "enthalpy": [
      50.927215239576505,
      0.29731019610442405
    ],
    "power": [
      0.21773516413986282,
      0.008399580014899903
    ]
  },
  "control_cost": [
    1948.5677294921875,
    74.99079485544024
  ],
  "min_barrier_value": [
    -43.656591796875,
    2.2994226876591783
  ],
  "online_time_ms": [
    9.757298661476234,
    1.7924654687064003
  ],
  "per_constraint_type": {
    "pressure": {
      "violation_rate": 0.0,
      "violation_count": 0,
      "total_steps": 25000
    },
    "enthalpy": {
      "violation_rate": 0.99916,
      "violation_count": 24979,
      "total_steps": 25000
    },
    "power": {
      "violation_rate": 0.0,
      "violation_count": 0,
      "total_steps": 25000
    }
  },
  "convergence_episode": 50,
  "n_training_episodes": 50,
  "reward_history": [
    -2778.8399934768677,
    -2791.6749925613403,
    -4025.131757736206,
    -4823.809226989746,
    -3683.217770576477,
    -6614.18793296814,
    -2593.571243286133,
    -3976.539861679077,
    -4831.634241104126,
    -4836.481698989868,
    -2554.226011276245,
    -4804.51365852356,
    -4827.408256530762,
    -3979.1928539276123,
    -2764.9571895599365,
    -2538.5513372421265,
    -4777.994655609131,
    -2749.191168785095,
    -3948.6754112243652,
    -3553.0613441467285,
    -2721.0925436019897,
    -3579.4877071380615,
    -2710.5453300476074,
    -2675.7502250671387,
    -6491.657012939453,
    -3537.760703086853,
    -3535.6412315368652,
    -2665.816731452942,
    -6480.816984176636,
    -4728.132186889648,
    -3905.065179824829,
    -6461.767450332642,
    -6476.38893699646,
    -2660.802891731262,
    -3888.4090003967285,
    -2477.7424631118774,
    -3500.1309175491333,
    -6464.99321937561,
    -4716.920703887939,
    -4721.657838821411,
    -4695.7926235198975,
    -2663.6888570785522,
    -3506.287654876709,
    -3505.2685327529907,
    -4726.826913833618,
    -2484.4190969467163,
    -2466.24640750885,
    -4694.762155532837,
    -4695.219276428223,
    -2456.713918685913
  ],
  "epsilon_log": []
}