{
  "violation_rate": [
    0.9910399999999998,
    0.0037786770171582577
  ],
  "cbf_violation_rate": [
    0.9910399999999998,
    0.0037786770171582577
  ],
  "cumulative_reward": [
    -9735.935568885803,
    14.316112160192025
  ],
  "tracking_rmse": {
    "pressure": [
      3.651569264001172,
      0.0016258473100409345
    ],
    "enthalpy": [
      46.17781480366619,
      0.27254943307223745
    ],
    "power": [
      19.9155381914025,
      0.009983279280715709
    ]
  },
  "control_cost": [
    1925.692060546875,
    75.34418152528833
  ],
  "min_barrier_value": [
    -40.2153173828125,
    2.5940763495291184
  ],
  "online_time_ms": [
    0.0,
    0.0
  ],
  "per_constraint_type": {
    "pressure": {
      "violation_rate": 0.0,
      "violation_count": 0,
      "total_steps": 25000
    },
    "enthalpy": {
      "violation_rate": 0.99104,
      "violation_count": 24776,
      "total_steps": 25000
    },
    "power": {
      "violation_rate": 0.0,
      "violation_count": 0,
      "total_steps": 25000
    }
  },
  "convergence_episode": 50,
  "n_training_episodes": 50,
  "reward_history": [
    -4013.5882091522217,
    -2809.9935235977173,
    -6599.276300430298,
    -3657.652015686035,
    -6598.31729888916,
    -4010.1851234436035,
    -4003.6016597747803,
    -2784.7401752471924,
    -4820.626049041748,
    -6571.388788223267,
    -4835.103889465332,
    -2757.9116344451904,
    -4834.7267208099365,
    -3966.5235290527344,
    -4819.318656921387,
    -4811.50085067749,
    -3936.5529460906982,
    -2759.721297264099,
    -6546.620683670044,
    -3961.794050216675,
    -3906.623426437378,
    -3570.8444595336914,
    -3567.462769508362,
    -2712.704475402832,
    -4739.477577209473,
    -2474.8893327713013,
    -3929.7201614379883,
    -3919.0867862701416,
    -2489.412907600403,
    -2655.209062576294,
    -6470.299510955811,
    -2643.500270843506,
    -3904.9777393341064,
    -4704.957054138184,
    -4699.80934715271,
    -2655.697067260742,
    -4728.652492523193,
    -2458.231679916382,
    -3884.223741531372,
    -3495.317335128784,
    -3897.817392349243,
    -3912.730281829834,
    -3899.592269897461,
    -2467.9241161346436,
    -2462.937545776367,
    -3502.2246809005737,
    -6465.49654006958,
    -3912.7632389068604,
    -6452.930250167847,
    -2473.248314857483
  ],
  "epsilon_log": []
}