{
  "violation_rate": [
    0.9903200000000001,
    0.0038855630222658886
  ],
  "cbf_violation_rate": [
    0.9903200000000001,
    0.0038855630222658886
  ],
  "cumulative_reward": [
    -6646.95141916275,
    15.673818864959282
  ],
  "tracking_rmse": {
    "pressure": [
      3.336652046820221,
      0.002557612292492038
    ],
    "enthalpy": [
      46.185850184885496,
      0.27705257042240405
    ],
    "power": [
      0.23386276164437125,
      0.00758907028142682
    ]
  },
  "control_cost": [
    1927.775205078125,
    74.79557713131153
  ],
  "min_barrier_value": [
    -39.73896484375,
    1.66378614038183
  ],
  "online_time_ms": [
    9.880311581143179,
    1.705046574256341
  ],
  "per_constraint_type": {
    "pressure": {
      "violation_rate": 0.0,
      "violation_count": 0,
      "total_steps": 25000
    },
    "enthalpy": {
      "violation_rate": 0.99032,
      "violation_count": 24758,
      "total_steps": 25000
    },
    "power": {
      "violation_rate": 0.0,
      "violation_count": 0,
      "total_steps": 25000
    }
  },
  "convergence_episode": 50,
  "n_training_episodes": 50,
  "reward_history": [
    -4013.5882320404053,
    -2809.9935235977173,
    -6599.276388168335,
    -3657.6519889831543,
    -6598.317276000977,
    -4010.547950744629,
    -2804.046241760254,
    -2784.788740158081,
    -4820.8057651519775,
    -6571.712989807129,
    -4835.5338306427,
    -2758.5160036087036,
    -4835.385793685913,
    -3967.4016304016113,
    -4820.199598312378,
    -4812.472217559814,
    -3937.6239376068115,
    -2760.867235183716,
    -6547.697525024414,
    -2754.072612762451,
    -3907.9009132385254,
    -3572.3201875686646,
    -3568.9481868743896,
    -2713.994912147522,
    -4740.653661727905,
    -2477.472101211548,
    -2706.2359800338745,
    -2687.5956296920776,
    -2489.735237121582,
    -2655.8216972351074,
    -6470.943099975586,
    -2644.040217399597,
    -2666.351212501526,
    -4705.274435043335,
    -4700.185317993164,
    -2656.346863746643,
    -4729.11446762085,
    -2457.8756914138794,
    -3884.5506114959717,
    -3496.1435861587524,
    -2657.64217376709,
    -3913.280300140381,
    -3900.274221420288,
    -2468.250316619873,
    -2463.3539571762085,
    -3503.441469192505,
    -6466.611190795898,
    -2672.800473213196,
    -6453.975267410278,
    -2473.8218326568604
  ],
  "epsilon_log": []
}