{
  "violation_rate": [
    0.0,
    0.0
  ],
  "cbf_violation_rate": [
    0.0,
    0.0
  ],
  "cumulative_reward": [
    -5959.52087978363,
    7.8060427549933085
  ],
  "tracking_rmse": {
    "pressure": [
      3.3338596626846613,
      0.0023506104116462604
    ],
    "enthalpy": [
      27.912672263317912,
      0.01259864726534828
    ],
    "power": [
      0.23341710906934915,
      0.008434282385955042
    ]
  },
  "control_cost": [
    4135.7810888671875,
    58.76467692207278
  ],
  "min_barrier_value": [
    0.0,
    0.0
  ],
  "online_time_ms": [
    10.641655523588415,
    1.9394509184058653
  ],
  "per_constraint_type": {
    "pressure": {
      "violation_rate": 0.0,
      "violation_count": 0,
      "total_steps": 25000
    },
    "enthalpy": {
      "violation_rate": 0.0,
      "violation_count": 0,
      "total_steps": 25000
    },
    "power": {
      "violation_rate": 0.0,
      "violation_count": 0,
      "total_steps": 25000
    }
  },
  "convergence_episode": 50,
  "n_training_episodes": 50,
  "reward_history": [
    -2788.76971244812,
    -2788.5241651535034,
    -2794.6520433425903,
    -2809.81552028656,
    -2807.1465454101562,
    -2794.5551624298096,
    -2813.964310646057,
    -2783.143674850464,
    -2788.3075885772705,
    -2781.672080039978,
    -2785.30694770813,
    -2752.275415420532,
    -2732.406087875366,
    -2742.55189037323,
    -2741.5021362304688,
    -2716.7192668914795,
    -2729.2451181411743,
    -2698.129125595093,
    -2722.4615211486816,
    -2684.5396337509155,
    -2708.1891384124756,
    -2697.882200241089,
    -2694.363160133362,
    -2662.8254137039185,
    -2673.6314945220947,
    -2686.444948196411,
    -2662.3379468917847,
    -2667.0302686691284,
    -2648.144800186157,
    -2671.2024087905884,
    -2658.5820388793945,
    -2668.288505554199,
    -2668.216480255127,
    -2644.6882066726685,
    -2668.041621208191,
    -2674.2627668380737,
    -2648.139121055603,
    -2663.51735496521,
    -2640.8965225219727,
    -2680.4570350646973,
    -2654.3678941726685,
    -2626.7951679229736,
    -2668.8917894363403,
    -2651.7822618484497,
    -2664.0852880477905,
    -2654.6967029571533,
    -2637.4175777435303,
    -2663.4712591171265,
    -2648.245147705078,
    -2644.682270050049
  ],
  "epsilon_log": []
}