{
  "violation_rate": [
    0.0,
    0.0
  ],
  "cbf_violation_rate": [
    0.0,
    0.0
  ],
  "cumulative_reward": [
    -39.74923148039445,
    2.281676067321579
  ],
  "tracking_rmse": {
    "pressure": [
      0.034101787900339554,
      0.0016799218079483213
    ],
    "enthalpy": [
      8.77232382899288,
      0.2568448770296848
    ],
    "power": [
      0.2710330204371702,
      0.009094834244311761
    ]
  },
  "control_cost": [
    1916.9553955078125,
    82.87975535067706
  ],
  "min_barrier_value": [
    0.8647524642944336,
    0.5852284310705178
  ],
  "online_time_ms": [
    10.11500128931948,
    2.239805476874063
  ],
  "per_constraint_type": {
    "pressure": {
      "violation_rate": 0.0,
      "violation_count": 0,
      "total_steps": 25000
    },
    "enthalpy": {
      "violation_rate": 0.0,
      "violation_count": 0,
      "total_steps": 25000
    },
    "power": {
      "violation_rate": 0.0,
      "violation_count": 0,
      "total_steps": 25000
    }
  },
  "convergence_episode": 50,
  "n_training_episodes": 50,
  "reward_history": [
    -2597.9240713119507,
    -19.858370174188167,
    -4856.444051742554,
    -2799.8834285736084,
    -6607.252513885498,
    -6594.660200119019,
    -3659.710922241211,
    -4002.69588470459,
    -4851.098566055298,
    -2560.1260194778442,
    -3969.9810791015625,
    -4832.986763000488,
    -3625.902265548706,
    -16.65221479104366,
    -17.42715600208612,
    -6566.745416641235,
    -14.366494547517505,
    -2493.313988685608,
    -15.564843604865018,
    -2746.909302711487,
    -2749.9961547851562,
    -2757.5318422317505,
    -3587.376166343689,
    -3915.1464309692383,
    -4759.823261260986,
    -4762.9576625823975,
    -2710.970103263855,
    -2486.474465370178,
    -4737.832416534424,
    -15.5710107498453,
    -2485.7262468338013,
    -2673.300431251526,
    -2679.8602952957153,
    -14.283464508072939,
    -14.047483470989391,
    -3904.71443939209,
    -6479.135883331299,
    -4732.87610244751,
    -14.941353800473735,
    -4716.79843711853,
    -4708.7092571258545,
    -6483.762989044189,
    -2647.6097145080566,
    -2455.4162769317627,
    -4727.899147033691,
    -6463.26042175293,
    -3918.8630981445312,
    -3901.0747470855713,
    -4713.058237075806,
    -4687.336570739746
  ],
  "epsilon_log": []
}