{
  "violation_rate": [
    0.0018,
    0.0006
  ],
  "cbf_violation_rate": [
    0.0018,
    0.0006
  ],
  "cumulative_reward": [
    -9053.589926910401,
    4.348833786863298
  ],
  "tracking_rmse": {
    "pressure": [
      3.652191818001959,
      0.001197015811567196
    ],
    "enthalpy": [
      27.925048389904294,
      0.020494197967422204
    ],
    "power": [
      19.878955055322923,
      0.009803996472150679
    ]
  },
  "control_cost": [
    4209.005732421875,
    57.83282292285807
  ],
  "min_barrier_value": [
    -0.0002197265625,
    7.32421875e-05
  ],
  "online_time_ms": [
    9.203306390242652,
    1.6427737401374036
  ],
  "per_constraint_type": {
    "pressure": {
      "violation_rate": 0.0,
      "violation_count": 0,
      "total_steps": 25000
    },
    "enthalpy": {
      "violation_rate": 0.0018,
      "violation_count": 45,
      "total_steps": 25000
    },
    "power": {
      "violation_rate": 0.0,
      "violation_count": 0,
      "total_steps": 25000
    }
  },
  "convergence_episode": 50,
  "n_training_episodes": 50,
  "reward_history": [
    -4022.8991508483887,
    -4004.750389099121,
    -4027.9180908203125,
    -3997.314001083374,
    -3991.3897247314453,
    -3988.3349628448486,
    -3987.0229263305664,
    -3961.9684715270996,
    -3974.7828617095947,
    -3987.1101684570312,
    -3972.515594482422,
    -3984.2349166870117,
    -3955.793348312378,
    -3966.558620452881,
    -3955.644390106201,
    -3942.9853076934814,
    -3955.8552227020264,
    -3933.525831222534,
    -3938.4973583221436,
    -3925.4876289367676,
    -3912.928482055664,
    -3909.3883323669434,
    -3906.399158477783,
    -3883.4027099609375,
    -3882.8436393737793,
    -3895.1959285736084,
    -3872.9510955810547,
    -3893.867151260376,
    -3873.5753326416016,
    -3878.3315715789795,
    -3856.9173278808594,
    -3879.718105316162,
    -3876.5053367614746,
    -3849.753896713257,
    -3869.4187335968018,
    -3870.897451400757,
    -3867.887460708618,
    -3866.1339721679688,
    -3847.333335876465,
    -3831.9087104797363,
    -3848.233783721924,
    -3856.6957969665527,
    -3840.385206222534,
    -3858.78572845459,
    -3838.5219287872314,
    -3857.520950317383,
    -3857.128656387329,
    -3829.5841102600098,
    -3854.4590072631836,
    -3840.897319793701
  ],
  "epsilon_log": []
}