{
  "violation_rate": [
    0.9907200000000002,
    0.003411978897941782
  ],
  "cbf_violation_rate": [
    0.9907200000000002,
    0.003411978897941782
  ],
  "cumulative_reward": [
    -9725.396544532776,
    15.342942698946674
  ],
  "tracking_rmse": {
    "pressure": [
      3.65096310870686,
      0.0012071907863953426
    ],
    "enthalpy": [
      46.00051584397684,
      0.31554121187373674
    ],
    "power": [
      19.913957638492544,
      0.010592309952800796
    ]
  },
  "control_cost": [
    1945.8035864257813,
    68.09943369218448
  ],
  "min_barrier_value": [
    -39.892666015625,
    3.003094620311827
  ],
  "online_time_ms": [
    0.0,
    0.0
  ],
  "per_constraint_type": {
    "pressure": {
      "violation_rate": 0.0,
      "violation_count": 0,
      "total_steps": 25000
    },
    "enthalpy": {
      "violation_rate": 0.99072,
      "violation_count": 24768,
      "total_steps": 25000
    },
    "power": {
      "violation_rate": 0.0,
      "violation_count": 0,
      "total_steps": 25000
    }
  },
  "convergence_episode": 50,
  "n_training_episodes": 50,
  "reward_history": [
    -2801.1055154800415,
    -6596.517183303833,
    -4035.1933422088623,
    -3674.1689624786377,
    -4009.5291633605957,
    -4839.240116119385,
    -2795.733729362488,
    -3964.164468765259,
    -4835.408048629761,
    -2791.937750816345,
    -3980.952949523926,
    -3631.67130279541,
    -6577.765941619873,
    -4824.087778091431,
    -4825.848255157471,
    -3948.4400386810303,
    -3603.712619781494,
    -3923.302032470703,
    -2516.315040588379,
    -3929.2662601470947,
    -2718.796118736267,
    -3567.681984901428,
    -2711.027618408203,
    -3893.394157409668,
    -2681.301953315735,
    -6493.658435821533,
    -3910.6955528259277,
    -4709.139345169067,
    -2461.6562576293945,
    -3492.3107500076294,
    -4712.294399261475,
    -4730.898195266724,
    -2451.33549118042,
    -3902.2884216308594,
    -3492.993664741516,
    -4713.782503128052,
    -3895.4591121673584,
    -3515.9799699783325,
    -6455.7870445251465,
    -3895.4150409698486,
    -3888.073013305664,
    -4706.508220672607,
    -3873.7995643615723,
    -2461.014974594116,
    -4716.138891220093,
    -4688.931438446045,
    -4709.366514205933,
    -2665.374903678894,
    -2473.346429824829,
    -3493.8068323135376
  ],
  "epsilon_log": []
}