{
  "violation_rate": [
    0.0007199999999999999,
    0.0014837789592793125
  ],
  "cbf_violation_rate": [
    0.0007199999999999999,
    0.0014837789592793125
  ],
  "cumulative_reward": [
    -39.80008166004045,
    2.323439086384892
  ],
  "tracking_rmse": {
    "pressure": [
      0.034198793764046304,
      0.0016803710558649216
    ],
    "enthalpy": [
      8.777610703709211,
      0.2614768991809344
    ],
    "power": [
      0.27092422067251426,
      0.009089145627438731
    ]
  },
  "control_cost": [
    1919.651982421875,
    82.97755774189253
  ],
  "min_barrier_value": [
    0.07674243927001953,
    2.1079329689899398
  ],
  "online_time_ms": [
    0.0,
    0.0
  ],
  "per_constraint_type": {
    "pressure": {
      "violation_rate": 0.0,
      "violation_count": 0,
      "total_steps": 25000
    },
    "enthalpy": {
      "violation_rate": 0.00072,
      "violation_count": 18,
      "total_steps": 25000
    },
    "power": {
      "violation_rate": 0.0,
      "violation_count": 0,
      "total_steps": 25000
    }
  },
  "convergence_episode": 50,
  "n_training_episodes": 50,
  "reward_history": [
    -2597.924048423767,
    -19.858352201466914,
    -4856.444034576416,
    -2799.883460044861,
    -6607.252571105957,
    -6594.660215377808,
    -3659.710793495178,
    -3998.4533500671387,
    -4851.103366851807,
    -2556.9353914260864,
    -3969.9114894866943,
    -4833.041513442993,
    -3625.9614362716675,
    -16.64938621694455,
    -17.40366949874442,
    -6566.707704544067,
    -14.353497372037964,
    -2493.2203578948975,
    -15.554248043976258,
    -2746.2101545333862,
    -2749.1995820999146,
    -2756.388011932373,
    -3584.5608072280884,
    -3915.147674560547,
    -4749.811485290527,
    -4751.566913604736,
    -2704.214099884033,
    -2488.610206604004,
    -4737.312200546265,
    -15.59632520013838,
    -2488.5257091522217,
    -2675.627314567566,
    -2681.944871902466,
    -14.33943119412288,
    -14.052057246881304,
    -3905.752923965454,
    -6479.787761688232,
    -4733.46095085144,
    -14.963235416129464,
    -4716.833755493164,
    -4708.580322265625,
    -6483.387268066406,
    -2647.1812477111816,
    -2455.202763557434,
    -4727.466844558716,
    -6462.754581451416,
    -3918.5237731933594,
    -3900.741807937622,
    -4712.646999359131,
    -4686.939380645752
  ],
  "epsilon_log": []
}