{
  "violation_rate": [
    0.99232,
    0.003355234716081726
  ],
  "cbf_violation_rate": [
    0.99232,
    0.003355234716081726
  ],
  "cumulative_reward": [
    -9728.393477401733,
    13.091718892508808
  ],
  "tracking_rmse": {
    "pressure": [
      3.650826668247708,
      0.0016404676020040955
    ],
    "enthalpy": [
      46.081050666716195,
      0.29384523560130016
    ],
    "power": [
      19.9125366626919,
      0.009262749531007785
    ]
  },
  "control_cost": [
    1936.5626782226564,
    72.3613572274336
  ],
  "min_barrier_value": [
    -40.228095703125,
    2.243054465999542
  ],
  "online_time_ms": [
    18.90319825778366,
    11.086667956606735
  ],
  "per_constraint_type": {
    "pressure": {
      "violation_rate": 0.0,
      "violation_count": 0,
      "total_steps": 25000
    },
    "enthalpy": {
      "violation_rate": 0.99232,
      "violation_count": 24808,
      "total_steps": 25000
    },
    "power": {
      "violation_rate": 0.0,
      "violation_count": 0,
      "total_steps": 25000
    }
  },
  "convergence_episode": 50,
  "n_training_episodes": 50,
  "reward_history": [
    -4848.310325622559,
    -2591.5965719223022,
    -4856.044076919556,
    -2595.0656394958496,
    -2804.1766510009766,
    -2817.809880256653,
    -3674.3369674682617,
    -3979.1472148895264,
    -3996.912696838379,
    -6609.479768753052,
    -3984.062662124634,
    -3967.970598220825,
    -6572.868740081787,
    -6586.3437786102295,
    -6575.665998458862,
    -2759.566286087036,
    -6524.552864074707,
    -3948.46160697937,
    -3946.828037261963,
    -6487.002904891968,
    -4778.420331954956,
    -4746.858713150024,
    -3525.4302740097046,
    -3527.1887702941895,
    -6488.698593139648,
    -3924.4155559539795,
    -2672.1191425323486,
    -3906.7884635925293,
    -3911.670478820801,
    -3506.517120361328,
    -3908.8892135620117,
    -6476.039108276367,
    -3511.046215057373,
    -3905.3027782440186,
    -2460.860495567322,
    -3893.609369277954,
    -2472.701859474182,
    -3483.1770877838135,
    -6466.477851867676,
    -6461.536811828613,
    -6476.35998916626,
    -4699.666919708252,
    -2460.7831563949585,
    -3888.936252593994,
    -2459.250714302063,
    -2653.675374984741,
    -3897.816717147827,
    -2460.1437950134277,
    -3909.235610961914,
    -2669.9357194900513
  ],
  "epsilon_log": []
}