{
  "violation_rate": [
    0.0,
    0.0
  ],
  "cbf_violation_rate": [
    0.0,
    0.0
  ],
  "cumulative_reward": [
    -15484.65468788147,
    7.953021736397583
  ],
  "tracking_rmse": {
    "pressure": [
      5.48853766539263,
      0.0014523627327407424
    ],
    "enthalpy": [
      27.9629531669601,
      0.006801676036629089
    ],
    "power": [
      0.20700885827322069,
      0.0067769028751176515
    ]
  },
  "control_cost": [
    4785.11236328125,
    58.70449210063943
  ],
  "min_barrier_value": [
    0.0,
    0.0
  ],
  "online_time_ms": [
    10.063321787884924,
    1.712700836255805
  ],
  "per_constraint_type": {
    "pressure": {
      "violation_rate": 0.0,
      "violation_count": 0,
      "total_steps": 25000
    },
    "enthalpy": {
      "violation_rate": 0.0,
      "violation_count": 0,
      "total_steps": 25000
    },
    "power": {
      "violation_rate": 0.0,
      "violation_count": 0,
      "total_steps": 25000
    }
  },
  "convergence_episode": 50,
  "n_training_episodes": 50,
  "reward_history": [
    -6592.104015350342,
    -6607.220399856567,
    -6595.948078155518,
    -6596.163139343262,
    -6604.147914886475,
    -6608.557863235474,
    -6595.378944396973,
    -6593.3990268707275,
    -6621.965572357178,
    -6593.570659637451,
    -6580.738801956177,
    -6576.900444030762,
    -6543.609563827515,
    -6546.539325714111,
    -6533.8588581085205,
    -6531.11323928833,
    -6527.646745681763,
    -6538.121248245239,
    -6521.573221206665,
    -6530.712518692017,
    -6500.933073043823,
    -6513.965621948242,
    -6507.938060760498,
    -6487.871450424194,
    -6502.178228378296,
    -6479.829608917236,
    -6466.798105239868,
    -6492.6173667907715,
    -6456.22091293335,
    -6485.174726486206,
    -6478.006101608276,
    -6482.371278762817,
    -6450.469110488892,
    -6461.565008163452,
    -6465.489875793457,
    -6476.358633041382,
    -6458.739721298218,
    -6478.655958175659,
    -6465.337432861328,
    -6439.411647796631,
    -6458.837959289551,
    -6491.2197551727295,
    -6454.72553062439,
    -6463.598012924194,
    -6466.751798629761,
    -6444.944976806641,
    -6451.31795501709,
    -6447.402254104614,
    -6455.494424819946,
    -6454.78791809082
  ],
  "epsilon_log": []
}