{
  "violation_rate": [
    0.99676,
    0.002557811564599709
  ],
  "cbf_violation_rate": [
    0.99676,
    0.002557811564599709
  ],
  "cumulative_reward": [
    -8781.2529129982,
    15.900497092710909
  ],
  "tracking_rmse": {
    "pressure": [
      3.899097615554098,
      0.002334148361087244
    ],
    "enthalpy": [
      48.19741246950729,
      0.33679373990550854
    ],
    "power": [
      0.22648783268219178,
      0.006557038213950719
    ]
  },
  "control_cost": [
    1934.5463671875,
    72.08956749763715
  ],
  "min_barrier_value": [
    -41.7419580078125,
    1.564569228768637
  ],
  "online_time_ms": [
    10.40573246402666,
    2.008969912514233
  ],
  "per_constraint_type": {
    "pressure": {
      "violation_rate": 0.0,
      "violation_count": 0,
      "total_steps": 25000
    },
    "enthalpy": {
      "violation_rate": 0.99676,
      "violation_count": 24919,
      "total_steps": 25000
    },
    "power": {
      "violation_rate": 0.0,
      "violation_count": 0,
      "total_steps": 25000
    }
  },
  "convergence_episode": 50,
  "n_training_episodes": 50,
  "reward_history": [
    -4848.310325622559,
    -2591.5965719223022,
    -4856.044076919556,
    -2595.0656394958496,
    -2804.1766510009766,
    -2817.809880256653,
    -3674.3369674682617,
    -3979.1472148895264,
    -3996.912696838379,
    -6609.479768753052,
    -3984.062662124634,
    -3644.192469596863,
    -6572.68717956543,
    -6586.0069942474365,
    -6575.255437850952,
    -2758.222882270813,
    -6523.696811676025,
    -3584.1743307113647,
    -3581.5263109207153,
    -6487.8202476501465,
    -4779.7085037231445,
    -4748.4590492248535,
    -3527.5872869491577,
    -3529.666718482971,
    -6490.788761138916,
    -3551.9721689224243,
    -2674.876564025879,
    -3533.054885864258,
    -3540.6253786087036,
    -3510.192265510559,
    -3912.157102584839,
    -6478.810773849487,
    -3514.4648571014404,
    -3907.9785861968994,
    -2463.4945735931396,
    -3895.7230644226074,
    -2474.80713558197,
    -3485.1175384521484,
    -6467.833377838135,
    -6462.695453643799,
    -6477.3565464019775,
    -4700.579843521118,
    -2461.5847148895264,
    -3503.273917198181,
    -2459.849781036377,
    -2654.2090311050415,
    -3898.286455154419,
    -2460.6001482009888,
    -3525.4581718444824,
    -2670.3475589752197
  ],
  "epsilon_log": []
}