{
  "violation_rate": [
    0.002,
    0.0
  ],
  "cbf_violation_rate": [
    0.002,
    0.0
  ],
  "cumulative_reward": [
    -10696.37862236023,
    9.370971977762379
  ],
  "tracking_rmse": {
    "pressure": [
      4.593077662046827,
      0.0020178406955367848
    ],
    "enthalpy": [
      15.432935039758938,
      0.04604666357522157
    ],
    "power": [
      1.0182633192108923,
      9.803769736562374e-05
    ]
  },
  "control_cost": [
    25509.8738671875,
    36.10454565385975
  ],
  "min_barrier_value": [
    -22.32822265625,
    7.064691772479894
  ],
  "online_time_ms": [
    16.027774468825665,
    3.7657207410969624
  ],
  "per_constraint_type": {
    "pressure": {
      "violation_rate": 0.0,
      "violation_count": 0,
      "total_steps": 25000
    },
    "enthalpy": {
      "violation_rate": 0.002,
      "violation_count": 50,
      "total_steps": 25000
    },
    "power": {
      "violation_rate": 0.0,
      "violation_count": 0,
      "total_steps": 25000
    }
  },
  "convergence_episode": 50,
  "n_training_episodes": 50,
  "reward_history": [
    -4831.1860065460205,
    -4849.00643157959,
    -4835.689548492432,
    -4841.211971282959,
    -4848.576009750366,
    -4854.746784210205,
    -4839.839246749878,
    -4840.312166213989,
    -4868.55743598938,
    -4835.736780166626,
    -4829.857135772705,
    -4829.871995925903,
    -4784.761535644531,
    -4787.437454223633,
    -4776.221876144409,
    -4769.183115005493,
    -4768.680421829224,
    -4782.0126876831055,
    -4764.532655715942,
    -4774.657487869263,
    -4739.665163040161,
    -4755.421457290649,
    -4749.373380661011,
    -4731.887804031372,
    -4748.096607208252,
    -4725.3629360198975,
    -4709.533477783203,
    -4738.717357635498,
    -4699.633575439453,
    -4732.117185592651,
    -4724.776466369629,
    -4728.951414108276,
    -4696.406244277954,
    -4707.272388458252,
    -4712.983625411987,
    -4722.842491149902,
    -4705.42413520813,
    -4724.715074539185,
    -4714.900089263916,
    -4686.571603775024,
    -4701.528978347778,
    -4739.912540435791,
    -4699.825836181641,
    -4711.365215301514,
    -4716.749811172485,
    -4689.963748931885,
    -4697.341857910156,
    -4693.970413208008,
    -4702.443117141724,
    -4701.923324584961
  ],
  "epsilon_log": []
}