{
  "violation_rate": [
    0.9991599999999999,
    0.0014472042012100448
  ],
  "cbf_violation_rate": [
    0.9991599999999999,
    0.0014472042012100448
  ],
  "cumulative_reward": [
    -11771.08698348999,
    15.460318908741273
  ],
  "tracking_rmse": {
    "pressure": [
      4.570979652365415,
      0.001601164644152463
    ],
    "enthalpy": [
      50.994231440813316,
      0.26046255234596855
    ],
    "power": [
      0.21940838816743782,
      0.007106849082227802
    ]
  },
  "control_cost": [
    1938.033544921875,
    75.58289282450295
  ],
  "min_barrier_value": [
    -44.0771484375,
    2.4716547220416927
  ],
  "online_time_ms": [
    0.0,
    0.0
  ],
  "per_constraint_type": {
    "pressure": {
      "violation_rate": 0.0,
      "violation_count": 0,
      "total_steps": 25000
    },
    "enthalpy": {
      "violation_rate": 0.99916,
      "violation_count": 24979,
      "total_steps": 25000
    },
    "power": {
      "violation_rate": 0.0,
      "violation_count": 0,
      "total_steps": 25000
    }
  },
  "convergence_episode": 50,
  "n_training_episodes": 50,
  "reward_history": [
    -4013.5882091522217,
    -2809.9934301376343,
    -6599.276388168335,
    -3657.649793624878,
    -6598.317325592041,
    -4010.1845207214355,
    -4848.886722564697,
    -2784.6041326522827,
    -4820.403913497925,
    -6571.118909835815,
    -4834.846437454224,
    -2757.7035093307495,
    -4834.587121963501,
    -3966.8507862091064,
    -4819.429552078247,
    -4811.769866943359,
    -3937.2294521331787,
    -2760.3137187957764,
    -6547.282283782959,
    -4804.693979263306,
    -3907.449234008789,
    -3570.6202964782715,
    -3566.917899131775,
    -2712.1355180740356,
    -4738.964738845825,
    -2476.548762321472,
    -4754.686130523682,
    -4738.421577453613,
    -2488.4596996307373,
    -2652.8862628936768,
    -6467.893207550049,
    -2640.9656858444214,
    -4716.626176834106,
    -4702.6683712005615,
    -4697.665998458862,
    -2653.7556324005127,
    -4726.885517120361,
    -2456.4599657058716,
    -3882.994758605957,
    -3493.9007682800293,
    -4708.630367279053,
    -3911.878915786743,
    -3898.8835487365723,
    -2467.0547342300415,
    -2462.1961193084717,
    -3501.5742197036743,
    -6465.0210971832275,
    -4727.104658126831,
    -6452.5394287109375,
    -2472.842167854309
  ],
  "epsilon_log": []
}