{
  "violation_rate": [
    0.9991600000000002,
    0.0012705904139414883
  ],
  "cbf_violation_rate": [
    0.9991600000000002,
    0.0012705904139414883
  ],
  "cumulative_reward": [
    -11763.179742507935,
    15.745599718704565
  ],
  "tracking_rmse": {
    "pressure": [
      4.569947272920196,
      0.0015639957330105003
    ],
    "enthalpy": [
      50.93005904045815,
      0.2974273153251569
    ],
    "power": [
      0.21773972121898078,
      0.008400034852376179
    ]
  },
  "control_cost": [
    1949.4886767578125,
    74.94027941813513
  ],
  "min_barrier_value": [
    -43.7346435546875,
    2.552035677263786
  ],
  "online_time_ms": [
    0.0,
    0.0
  ],
  "per_constraint_type": {
    "pressure": {
      "violation_rate": 0.0,
      "violation_count": 0,
      "total_steps": 25000
    },
    "enthalpy": {
      "violation_rate": 0.99916,
      "violation_count": 24979,
      "total_steps": 25000
    },
    "power": {
      "violation_rate": 0.0,
      "violation_count": 0,
      "total_steps": 25000
    }
  },
  "convergence_episode": 50,
  "n_training_episodes": 50,
  "reward_history": [
    -2778.839963912964,
    -2791.6750116348267,
    -4025.2916679382324,
    -4823.80944442749,
    -3683.2181644439697,
    -6614.186374664307,
    -2593.7614307403564,
    -3976.5253925323486,
    -4831.626291275024,
    -4836.470193862915,
    -2551.888659477234,
    -4804.521743774414,
    -4827.427539825439,
    -3979.2082710266113,
    -2764.957410812378,
    -2538.395308494568,
    -4777.9952602386475,
    -2749.1709060668945,
    -3948.676113128662,
    -3552.9923067092896,
    -2720.928822517395,
    -3579.394070625305,
    -2710.273070335388,
    -2675.2646322250366,
    -6490.832767486572,
    -3535.4384546279907,
    -3534.4250230789185,
    -2666.728184700012,
    -6482.002544403076,
    -4729.566822052002,
    -3906.2658367156982,
    -6462.742656707764,
    -6477.2123165130615,
    -2661.578508377075,
    -3889.0631999969482,
    -2478.4513692855835,
    -3500.6658387184143,
    -6465.279916763306,
    -4717.252172470093,
    -4721.91471862793,
    -4695.9920444488525,
    -2663.810724258423,
    -3506.4167890548706,
    -3505.3628358840942,
    -4726.88737487793,
    -2484.5130672454834,
    -2466.3221502304077,
    -4694.777729034424,
    -4695.230209350586,
    -2456.741551399231
  ],
  "epsilon_log": []
}