{
  "violation_rate": [
    0.00196,
    0.00028
  ],
  "cbf_violation_rate": [
    0.00196,
    0.00028
  ],
  "cumulative_reward": [
    -5959.592472572327,
    6.691704141485212
  ],
  "tracking_rmse": {
    "pressure": [
      3.333786382010408,
      0.001998768049552107
    ],
    "enthalpy": [
      27.92312304653696,
      0.012234863628389445
    ],
    "power": [
      0.2326644818388596,
      0.007154741955487527
    ]
  },
  "control_cost": [
    4124.812163085938,
    69.88320313987302
  ],
  "min_barrier_value": [
    -0.0002392578125,
    3.4179687499999996e-05
  ],
  "online_time_ms": [
    9.078192145389039,
    1.5167350329781926
  ],
  "per_constraint_type": {
    "pressure": {
      "violation_rate": 0.0,
      "violation_count": 0,
      "total_steps": 25000
    },
    "enthalpy": {
      "violation_rate": 0.00196,
      "violation_count": 49,
      "total_steps": 25000
    },
    "power": {
      "violation_rate": 0.0,
      "violation_count": 0,
      "total_steps": 25000
    }
  },
  "convergence_episode": 50,
  "n_training_episodes": 50,
  "reward_history": [
    -2798.2311420440674,
    -2801.482750892639,
    -2817.587815284729,
    -2792.7781047821045,
    -2796.0036754608154,
    -2811.8363647460938,
    -2778.792769432068,
    -2797.359811782837,
    -2778.7715167999268,
    -2788.101387023926,
    -2797.1150674819946,
    -2746.114073753357,
    -2752.0594205856323,
    -2734.78803730011,
    -2735.0233783721924,
    -2703.68790435791,
    -2715.905373573303,
    -2712.846866607666,
    -2713.7843465805054,
    -2707.887083053589,
    -2693.1700172424316,
    -2693.983292579651,
    -2684.387833595276,
    -2668.9258422851562,
    -2665.815835952759,
    -2673.800253868103,
    -2665.6955432891846,
    -2675.803258895874,
    -2683.442017555237,
    -2677.553949356079,
    -2651.838083267212,
    -2656.353611946106,
    -2623.1724910736084,
    -2652.2517824172974,
    -2670.9164638519287,
    -2633.9030838012695,
    -2668.0281553268433,
    -2663.851215362549,
    -2660.027172088623,
    -2655.301634788513,
    -2653.919532775879,
    -2654.758985519409,
    -2658.707363128662,
    -2650.4741973876953,
    -2647.690029144287,
    -2657.100051879883,
    -2638.637162208557,
    -2622.9183864593506,
    -2630.5442037582397,
    -2637.0320739746094
  ],
  "epsilon_log": []
}