{
  "violation_rate": [
    0.0,
    0.0
  ],
  "cbf_violation_rate": [
    0.0,
    0.0
  ],
  "cumulative_reward": [
    -39.86509819451085,
    2.346884870407403
  ],
  "tracking_rmse": {
    "pressure": [
      0.03312208669530383,
      0.0015352850820389663
    ],
    "enthalpy": [
      8.791000194444988,
      0.2666837348079823
    ],
    "power": [
      0.2702314935589555,
      0.00880318254448519
    ]
  },
  "control_cost": [
    1890.163291015625,
    73.80996989285148
  ],
  "min_barrier_value": [
    0.6336268997192382,
    0.590055251468089
  ],
  "online_time_ms": [
    9.8114351129008,
    1.7824408985578097
  ],
  "per_constraint_type": {
    "pressure": {
      "violation_rate": 0.0,
      "violation_count": 0,
      "total_steps": 25000
    },
    "enthalpy": {
      "violation_rate": 0.0,
      "violation_count": 0,
      "total_steps": 25000
    },
    "power": {
      "violation_rate": 0.0,
      "violation_count": 0,
      "total_steps": 25000
    }
  },
  "convergence_episode": 50,
  "n_training_episodes": 50,
  "reward_history": [
    -4013.5882320404053,
    -2809.9935235977173,
    -6599.276388168335,
    -3657.6519889831543,
    -6598.317276000977,
    -4010.547950744629,
    -20.17034442507429,
    -2785.2139596939087,
    -4821.759780883789,
    -6573.160680770874,
    -4837.384935379028,
    -2760.8725509643555,
    -4837.982381820679,
    -3969.3905811309814,
    -4823.2968673706055,
    -4815.720590591431,
    -3939.8727741241455,
    -2764.4491033554077,
    -6551.005983352661,
    -18.985772238564095,
    -3910.6299571990967,
    -3578.8034563064575,
    -3576.120909690857,
    -2720.5269947052,
    -4746.845195770264,
    -2481.4676551818848,
    -15.30030620272737,
    -17.06369490196812,
    -2493.8249797821045,
    -2663.604387283325,
    -6478.396324157715,
    -2651.166718482971,
    -16.996265617082827,
    -4710.551851272583,
    -4704.791822433472,
    -2660.5998191833496,
    -4732.091367721558,
    -2458.9547758102417,
    -3886.3658561706543,
    -3498.496290206909,
    -14.788565905648284,
    -3915.38787651062,
    -3902.6047897338867,
    -2470.1166191101074,
    -2465.4616928100586,
    -3506.408187866211,
    -6469.639852523804,
    -18.235929143120302,
    -6457.093812942505,
    -2476.5545406341553
  ],
  "epsilon_log": []
}