{
  "violation_rate": [
    0.99488,
    0.0030766215236847087
  ],
  "cbf_violation_rate": [
    0.99488,
    0.0030766215236847087
  ],
  "cumulative_reward": [
    -16156.01949256897,
    14.605748854451827
  ],
  "tracking_rmse": {
    "pressure": [
      5.489502975986457,
      0.0015760699086842691
    ],
    "enthalpy": [
      45.95637017215156,
      0.24729812298590548
    ],
    "power": [
      0.20860540582995224,
      0.006747422929469815
    ]
  },
  "control_cost": [
    1941.2106372070311,
    75.68546710504471
  ],
  "min_barrier_value": [
    -37.9598291015625,
    2.3484392143085895
  ],
  "online_time_ms": [
    0.0,
    0.0
  ],
  "per_constraint_type": {
    "pressure": {
      "violation_rate": 0.0,
      "violation_count": 0,
      "total_steps": 25000
    },
    "enthalpy": {
      "violation_rate": 0.99488,
      "violation_count": 24872,
      "total_steps": 25000
    },
    "power": {
      "violation_rate": 0.0,
      "violation_count": 0,
      "total_steps": 25000
    }
  },
  "convergence_episode": 50,
  "n_training_episodes": 50,
  "reward_history": [
    -4013.5882091522217,
    -2809.9935235977173,
    -6599.276300430298,
    -3657.652015686035,
    -6598.31729888916,
    -4010.1851234436035,
    -6605.464179992676,
    -2784.5128889083862,
    -4820.241504669189,
    -6570.902000427246,
    -4834.676469802856,
    -2757.5781478881836,
    -4834.561399459839,
    -3966.959087371826,
    -4819.663551330566,
    -4812.158718109131,
    -3937.679334640503,
    -2761.0678062438965,
    -6548.123893737793,
    -6556.789949417114,
    -3908.057041168213,
    -3571.015254020691,
    -3567.1220092773438,
    -2712.2905588150024,
    -4739.201755523682,
    -2477.017795562744,
    -6512.5159740448,
    -6493.09592628479,
    -2488.386962890625,
    -2651.8449449539185,
    -6466.570447921753,
    -2639.515782356262,
    -6470.651346206665,
    -4701.1723709106445,
    -4696.076440811157,
    -2652.031976699829,
    -4725.248151779175,
    -2455.3806924819946,
    -3881.9864234924316,
    -3492.253638267517,
    -6463.75378036499,
    -3911.114715576172,
    -3898.1878356933594,
    -2466.415018081665,
    -2461.6288270950317,
    -3500.487727165222,
    -6464.187915802002,
    -6476.688014984131,
    -6451.865859985352,
    -2472.5425691604614
  ],
  "epsilon_log": []
}