{
  "violation_rate": [
    0.0,
    0.0
  ],
  "cbf_violation_rate": [
    0.0,
    0.0
  ],
  "cumulative_reward": [
    -15482.580017776489,
    6.804779204249158
  ],
  "tracking_rmse": {
    "pressure": [
      5.488144105583583,
      0.0012318739520237837
    ],
    "enthalpy": [
      27.964164342489145,
      0.0068987921530743995
    ],
    "power": [
      0.207440522842851,
      0.006394348716429281
    ]
  },
  "control_cost": [
    4792.0123828125,
    70.40771901986827
  ],
  "min_barrier_value": [
    0.0,
    0.0
  ],
  "online_time_ms": [
    10.018398574532476,
    1.7461734459345433
  ],
  "per_constraint_type": {
    "pressure": {
      "violation_rate": 0.0,
      "violation_count": 0,
      "total_steps": 25000
    },
    "enthalpy": {
      "violation_rate": 0.0,
      "violation_count": 0,
      "total_steps": 25000
    },
    "power": {
      "violation_rate": 0.0,
      "violation_count": 0,
      "total_steps": 25000
    }
  },
  "convergence_episode": 50,
  "n_training_episodes": 50,
  "reward_history": [
    -6601.401128768921,
    -6604.1409740448,
    -6617.7787227630615,
    -6595.897756576538,
    -6598.485719680786,
    -6611.373851776123,
    -6582.658487319946,
    -6598.754888534546,
    -6582.300935745239,
    -6589.63921546936,
    -6598.866022109985,
    -6552.919515609741,
    -6556.7688274383545,
    -6542.846784591675,
    -6540.989303588867,
    -6511.6496658325195,
    -6523.902877807617,
    -6520.385326385498,
    -6521.724439620972,
    -6514.643474578857,
    -6500.937694549561,
    -6500.324676513672,
    -6493.253559112549,
    -6478.713729858398,
    -6475.807594299316,
    -6484.22047996521,
    -6476.1792640686035,
    -6485.454889297485,
    -6492.432010650635,
    -6485.62547492981,
    -6462.272304534912,
    -6466.654544830322,
    -6436.3221797943115,
    -6462.081569671631,
    -6479.9602336883545,
    -6444.762907028198,
    -6476.207429885864,
    -6472.174909591675,
    -6467.7168827056885,
    -6465.312707901001,
    -6463.004955291748,
    -6463.041816711426,
    -6466.22713470459,
    -6459.881301879883,
    -6455.423494338989,
    -6464.990121841431,
    -6447.728992462158,
    -6433.764598846436,
    -6439.803037643433,
    -6445.827634811401
  ],
  "epsilon_log": []
}