{
  "violation_rate": [
    0.00072,
    0.0011838918869558992
  ],
  "cbf_violation_rate": [
    0.00072,
    0.0011838918869558992
  ],
  "cumulative_reward": [
    -40.057684705826745,
    2.1481258152942573
  ],
  "tracking_rmse": {
    "pressure": [
      0.03458793974186876,
      0.0013366862630684252
    ],
    "enthalpy": [
      8.808860383580011,
      0.24409680019239507
    ],
    "power": [
      0.2708755218947552,
      0.008865599488799326
    ]
  },
  "control_cost": [
    1934.3943188476562,
    67.8941233533065
  ],
  "min_barrier_value": [
    -0.18471763610839845,
    2.7046983183587905
  ],
  "online_time_ms": [
    0.0,
    0.0
  ],
  "per_constraint_type": {
    "pressure": {
      "violation_rate": 0.0,
      "violation_count": 0,
      "total_steps": 25000
    },
    "enthalpy": {
      "violation_rate": 0.00072,
      "violation_count": 18,
      "total_steps": 25000
    },
    "power": {
      "violation_rate": 0.0,
      "violation_count": 0,
      "total_steps": 25000
    }
  },
  "convergence_episode": 50,
  "n_training_episodes": 50,
  "reward_history": [
    -2801.1055154800415,
    -6596.517183303833,
    -4035.1933422088623,
    -3674.1689624786377,
    -21.690901371475775,
    -4839.47850227356,
    -2796.549684524536,
    -17.819899817550322,
    -4837.552127838135,
    -2795.5461387634277,
    -3986.9965324401855,
    -3637.9621925354004,
    -6583.811605453491,
    -4831.114444732666,
    -4833.714462280273,
    -3954.8877849578857,
    -3614.2493715286255,
    -14.419673431635601,
    -2527.866358757019,
    -3938.2821617126465,
    -2732.1690130233765,
    -3583.3818645477295,
    -2724.7796573638916,
    -15.285681313311215,
    -2695.3586502075195,
    -6507.514471054077,
    -3920.943323135376,
    -4722.283250808716,
    -2470.315001487732,
    -3504.683307647705,
    -4721.528831481934,
    -4738.67332649231,
    -2456.1300859451294,
    -3906.4761180877686,
    -3497.8149003982544,
    -4717.03631401062,
    -3898.0891036987305,
    -3518.7342376708984,
    -6458.410764694214,
    -3897.2976055145264,
    -3889.7927169799805,
    -4709.946815490723,
    -18.353296834568027,
    -2462.281518936157,
    -4719.8269329071045,
    -4692.375720977783,
    -4712.534030914307,
    -2668.4360151290894,
    -2474.468892097473,
    -3496.5379247665405
  ],
  "epsilon_log": []
}