{
  "violation_rate": [
    0.99824,
    0.0020254382241875475
  ],
  "cbf_violation_rate": [
    0.99824,
    0.0020254382241875475
  ],
  "cumulative_reward": [
    -6170.475262546539,
    15.571365475899858
  ],
  "tracking_rmse": {
    "pressure": [
      2.7324668524623057,
      0.0016480109608212282
    ],
    "enthalpy": [
      51.224503877177476,
      0.2857801598175456
    ],
    "power": [
      14.91859827834162,
      0.010451132873365956
    ]
  },
  "control_cost": [
    1916.1535791015624,
    74.60198410014377
  ],
  "min_barrier_value": [
    -45.4577734375,
    1.6985598592611673
  ],
  "online_time_ms": [
    9.56262831006432,
    1.7171823963137947
  ],
  "per_constraint_type": {
    "pressure": {
      "violation_rate": 0.0,
      "violation_count": 0,
      "total_steps": 25000
    },
    "enthalpy": {
      "violation_rate": 0.99824,
      "violation_count": 24956,
      "total_steps": 25000
    },
    "power": {
      "violation_rate": 0.0,
      "violation_count": 0,
      "total_steps": 25000
    }
  },
  "convergence_episode": 50,
  "n_training_episodes": 50,
  "reward_history": [
    -4013.5882320404053,
    -2809.9935235977173,
    -6599.276388168335,
    -3657.6519889831543,
    -6598.317276000977,
    -4010.547950744629,
    -2594.62766456604,
    -2784.818133354187,
    -4820.858762741089,
    -6571.785390853882,
    -4835.602249145508,
    -2758.610559463501,
    -4835.498281478882,
    -3967.3660316467285,
    -4820.325614929199,
    -4812.600713729858,
    -3937.6603298187256,
    -2760.996102333069,
    -6547.804798126221,
    -2542.17084980011,
    -3908.1707344055176,
    -3573.1678647994995,
    -3570.01185798645,
    -2715.000611305237,
    -4741.678611755371,
    -2477.1429805755615,
    -2500.8111572265625,
    -2493.3800354003906,
    -2491.610176086426,
    -2658.168246269226,
    -6473.2861976623535,
    -2646.567407608032,
    -2479.6751918792725,
    -4707.713346481323,
    -4702.505617141724,
    -2658.488513946533,
    -4731.129238128662,
    -2460.167060852051,
    -3886.153028488159,
    -3497.806406021118,
    -2470.426763534546,
    -3914.4549827575684,
    -3901.276439666748,
    -2469.484799385071,
    -2464.411142349243,
    -3504.233582496643,
    -6467.16060256958,
    -2491.5541677474976,
    -6454.416376113892,
    -2474.4344062805176
  ],
  "epsilon_log": []
}