{
  "violation_rate": [
    0.9990399999999999,
    0.001341044369139218
  ],
  "cbf_violation_rate": [
    0.9990399999999999,
    0.001341044369139218
  ],
  "cumulative_reward": [
    -11762.653522377013,
    16.14998326834422
  ],
  "tracking_rmse": {
    "pressure": [
      4.570500647356862,
      0.001188440901059659
    ],
    "enthalpy": [
      50.869235984212175,
      0.3002356670619187
    ],
    "power": [
      0.21941617404914712,
      0.007243893042255752
    ]
  },
  "control_cost": [
    1954.47318359375,
    68.73161867048587
  ],
  "min_barrier_value": [
    -43.002080078125,
    1.5375118605923825
  ],
  "online_time_ms": [
    10.442086197652971,
    2.031782750544025
  ],
  "per_constraint_type": {
    "pressure": {
      "violation_rate": 0.0,
      "violation_count": 0,
      "total_steps": 25000
    },
    "enthalpy": {
      "violation_rate": 0.99904,
      "violation_count": 24976,
      "total_steps": 25000
    },
    "power": {
      "violation_rate": 0.0,
      "violation_count": 0,
      "total_steps": 25000
    }
  },
  "convergence_episode": 50,
  "n_training_episodes": 50,
  "reward_history": [
    -2801.1055154800415,
    -6596.517183303833,
    -4035.102025985718,
    -3674.169403076172,
    -4848.432392120361,
    -4839.1966381073,
    -2795.6771326065063,
    -4819.2232456207275,
    -4835.298017501831,
    -2791.6491832733154,
    -3983.5665435791016,
    -3631.4413385391235,
    -6577.729553222656,
    -4824.397192001343,
    -4826.466854095459,
    -3949.922525405884,
    -3605.2839698791504,
    -4766.665641784668,
    -2523.696054458618,
    -3931.0302963256836,
    -2719.587148666382,
    -3568.8479528427124,
    -2712.297438621521,
    -4723.328601837158,
    -2682.6880617141724,
    -6494.594240188599,
    -3913.6815223693848,
    -4710.520357131958,
    -2465.242476463318,
    -3494.287477493286,
    -4714.166501998901,
    -4732.879682540894,
    -2454.7518434524536,
    -3905.256763458252,
    -3495.276469230652,
    -4715.689764022827,
    -3897.8263835906982,
    -3518.0370931625366,
    -6457.347850799561,
    -3897.2233715057373,
    -3889.715057373047,
    -4707.844440460205,
    -4686.418176651001,
    -2462.4038915634155,
    -4717.273805618286,
    -4689.993663787842,
    -4710.372262954712,
    -2666.3349628448486,
    -2474.3360137939453,
    -3494.7578620910645
  ],
  "epsilon_log": []
}