{
  "violation_rate": [
    0.99932,
    0.001173712060089698
  ],
  "cbf_violation_rate": [
    0.99932,
    0.001173712060089698
  ],
  "cumulative_reward": [
    -11767.485165863038,
    17.277010890956618
  ],
  "tracking_rmse": {
    "pressure": [
      4.570250103413127,
      0.001493878946193859
    ],
    "enthalpy": [
      50.985507518288316,
      0.3323550824002949
    ],
    "power": [
      0.21823042072793045,
      0.007333794602133992
    ]
  },
  "control_cost": [
    1946.6443994140625,
    83.87554165880516
  ],
  "min_barrier_value": [
    -43.555810546875,
    2.3701571419283103
  ],
  "online_time_ms": [
    0.0,
    0.0
  ],
  "per_constraint_type": {
    "pressure": {
      "violation_rate": 0.0,
      "violation_count": 0,
      "total_steps": 25000
    },
    "enthalpy": {
      "violation_rate": 0.99932,
      "violation_count": 24983,
      "total_steps": 25000
    },
    "power": {
      "violation_rate": 0.0,
      "violation_count": 0,
      "total_steps": 25000
    }
  },
  "convergence_episode": 50,
  "n_training_episodes": 50,
  "reward_history": [
    -2597.924048423767,
    -4850.706871032715,
    -4856.542036056519,
    -2799.704352378845,
    -6606.758958816528,
    -6593.8772258758545,
    -3658.556390762329,
    -4005.877103805542,
    -4849.487298965454,
    -2561.2098865509033,
    -3968.643684387207,
    -4830.767429351807,
    -3623.2183561325073,
    -4797.228687286377,
    -4808.056991577148,
    -6559.173328399658,
    -4798.27247428894,
    -2483.93745803833,
    -4779.888576507568,
    -2724.8546667099,
    -2724.703864097595,
    -2730.4507846832275,
    -3556.8958530426025,
    -3899.3630924224854,
    -4736.5384883880615,
    -4741.722465515137,
    -2693.079337120056,
    -2478.371808052063,
    -4726.369871139526,
    -4716.340803146362,
    -2480.893602371216,
    -2662.946057319641,
    -2669.1533908843994,
    -4722.1517333984375,
    -4704.89432144165,
    -3899.742286682129,
    -6470.786758422852,
    -4725.430349349976,
    -4707.692195892334,
    -4709.70779800415,
    -4701.494649887085,
    -6475.508016586304,
    -2639.730216026306,
    -2450.8541564941406,
    -4721.515285491943,
    -6456.644247055054,
    -3914.1215858459473,
    -3896.7222938537598,
    -4708.428472518921,
    -4683.159339904785
  ],
  "epsilon_log": []
}