{
  "violation_rate": [
    0.002,
    0.0
  ],
  "cbf_violation_rate": [
    0.002,
    0.0
  ],
  "cumulative_reward": [
    -5242.614892654419,
    3.8968675253166687
  ],
  "tracking_rmse": {
    "pressure": [
      2.7325540781982687,
      0.001290159136406672
    ],
    "enthalpy": [
      27.96334163742337,
      0.00773306821428522
    ],
    "power": [
      14.88052275689723,
      0.010740877704280609
    ]
  },
  "control_cost": [
    5648.88208984375,
    70.21416958480354
  ],
  "min_barrier_value": [
    -0.000244140625,
    0.0
  ],
  "online_time_ms": [
    12.851203003332484,
    5.305009337948757
  ],
  "per_constraint_type": {
    "pressure": {
      "violation_rate": 0.0,
      "violation_count": 0,
      "total_steps": 25000
    },
    "enthalpy": {
      "violation_rate": 0.002,
      "violation_count": 50,
      "total_steps": 25000
    },
    "power": {
      "violation_rate": 0.0,
      "violation_count": 0,
      "total_steps": 25000
    }
  },
  "convergence_episode": 50,
  "n_training_episodes": 50,
  "reward_history": [
    -2584.731343269348,
    -2591.1840391159058,
    -2612.5973377227783,
    -2581.397780418396,
    -2585.098901748657,
    -2600.5806493759155,
    -2540.5389862060547,
    -2550.2386178970337,
    -2529.066207885742,
    -2548.0238370895386,
    -2561.0327672958374,
    -2533.1880893707275,
    -2546.4613361358643,
    -2519.6933031082153,
    -2530.588315963745,
    -2500.5197553634644,
    -2505.4166173934937,
    -2503.2841329574585,
    -2501.291464805603,
    -2499.2101545333862,
    -2481.976858139038,
    -2490.814034461975,
    -2470.61932182312,
    -2454.782033920288,
    -2451.65212726593,
    -2449.0383129119873,
    -2441.8880128860474,
    -2453.3709001541138,
    -2457.835289001465,
    -2457.6466007232666,
    -2429.4635763168335,
    -2429.518045425415,
    -2396.7620811462402,
    -2427.88871383667,
    -2441.7413806915283,
    -2409.275532722473,
    -2439.0119018554688,
    -2434.9573183059692,
    -2434.3701162338257,
    -2417.9933309555054,
    -2422.7523040771484,
    -2425.1103868484497,
    -2429.8042583465576,
    -2416.69282913208,
    -2422.83620929718,
    -2426.6381883621216,
    -2412.1782665252686,
    -2393.032628059387,
    -2403.0736570358276,
    -2409.9004554748535
  ],
  "epsilon_log": []
}