{
  "violation_rate": [
    0.9991599999999999,
    0.0014472042012100448
  ],
  "cbf_violation_rate": [
    0.9991599999999999,
    0.0014472042012100448
  ],
  "cumulative_reward": [
    -11771.085536308288,
    15.460314888862635
  ],
  "tracking_rmse": {
    "pressure": [
      4.570979918767812,
      0.001601201156529722
    ],
    "enthalpy": [
      50.99417925723066,
      0.2604631315359951
    ],
    "power": [
      0.21940902541679944,
      0.007106799743715052
    ]
  },
  "control_cost": [
    1938.0284692382813,
    75.58268430099469
  ],
  "min_barrier_value": [
    -44.0770654296875,
    2.4716566858011864
  ],
  "online_time_ms": [
    0.0,
    0.0
  ],
  "per_constraint_type": {
    "pressure": {
      "violation_rate": 0.0,
      "violation_count": 0,
      "total_steps": 25000
    },
    "enthalpy": {
      "violation_rate": 0.99916,
      "violation_count": 24979,
      "total_steps": 25000
    },
    "power": {
      "violation_rate": 0.0,
      "violation_count": 0,
      "total_steps": 25000
    }
  },
  "convergence_episode": 50,
  "n_training_episodes": 50,
  "reward_history": [
    -4013.5882091522217,
    -2809.9935235977173,
    -6599.276300430298,
    -3657.652015686035,
    -6598.31729888916,
    -4010.1851234436035,
    -4848.886878967285,
    -2784.604223251343,
    -4820.404077529907,
    -6571.120077133179,
    -4834.846506118774,
    -2757.704545021057,
    -4834.587558746338,
    -3966.8507232666016,
    -4819.4308071136475,
    -4811.771940231323,
    -3937.2301959991455,
    -2760.31268119812,
    -6547.283670425415,
    -4804.692588806152,
    -3907.447452545166,
    -3570.6186208724976,
    -3566.916865348816,
    -2712.135040283203,
    -4738.962440490723,
    -2476.546459197998,
    -4754.687324523926,
    -4738.420978546143,
    -2488.4565744400024,
    -2652.8847856521606,
    -6467.892349243164,
    -2640.966281890869,
    -4716.623044967651,
    -4702.667854309082,
    -4697.666654586792,
    -2653.7581644058228,
    -4726.8844928741455,
    -2456.4590339660645,
    -3882.993595123291,
    -3493.899950027466,
    -4708.629913330078,
    -3911.879062652588,
    -3898.8826217651367,
    -2467.055079460144,
    -2462.195795059204,
    -3501.5752143859863,
    -6465.021440505981,
    -4727.102117538452,
    -6452.53938293457,
    -2472.8411979675293
  ],
  "epsilon_log": []
}