{
  "violation_rate": [
    0.9978400000000001,
    0.0021105449533236685
  ],
  "cbf_violation_rate": [
    0.9978400000000001,
    0.0021105449533236685
  ],
  "cumulative_reward": [
    -6156.861343078614,
    17.2935708819997
  ],
  "tracking_rmse": {
    "pressure": [
      2.7314683137810123,
      0.0012255213716249513
    ],
    "enthalpy": [
      51.019497627327695,
      0.3302090160515733
    ],
    "power": [
      14.914872175322914,
      0.011080194140890127
    ]
  },
  "control_cost": [
    1948.8205810546874,
    68.22254609880093
  ],
  "min_barrier_value": [
    -45.9761328125,
    3.143873773326227
  ],
  "online_time_ms": [
    0.0,
    0.0
  ],
  "per_constraint_type": {
    "pressure": {
      "violation_rate": 0.0,
      "violation_count": 0,
      "total_steps": 25000
    },
    "enthalpy": {
      "violation_rate": 0.99784,
      "violation_count": 24946,
      "total_steps": 25000
    },
    "power": {
      "violation_rate": 0.0,
      "violation_count": 0,
      "total_steps": 25000
    }
  },
  "convergence_episode": 50,
  "n_training_episodes": 50,
  "reward_history": [
    -2801.1055154800415,
    -6596.517183303833,
    -4035.1933422088623,
    -3674.1689624786377,
    -2599.666660308838,
    -4839.277364730835,
    -2795.92693901062,
    -2564.9482107162476,
    -4835.904579162598,
    -2792.6596546173096,
    -3981.7149391174316,
    -3632.9193239212036,
    -6578.990673065186,
    -4825.5527267456055,
    -4827.538051605225,
    -3950.207426071167,
    -3606.0591917037964,
    -2493.3669061660767,
    -2518.0019388198853,
    -3932.3717918395996,
    -2722.441909790039,
    -3572.2167644500732,
    -2715.0483617782593,
    -2462.384702682495,
    -2685.7254219055176,
    -6498.108797073364,
    -3915.8361415863037,
    -4713.956228256226,
    -2466.9781284332275,
    -3497.254325866699,
    -4716.270095825195,
    -4734.535585403442,
    -2455.4332208633423,
    -3905.5894508361816,
    -3496.0472316741943,
    -4716.083520889282,
    -3897.6863079071045,
    -3519.269024848938,
    -6459.494970321655,
    -3896.714340209961,
    -3889.0987129211426,
    -4710.003463745117,
    -2444.7291927337646,
    -2461.69358253479,
    -4718.426321029663,
    -4690.898168563843,
    -4711.055639266968,
    -2666.751889228821,
    -2473.5514421463013,
    -3494.896029472351
  ],
  "epsilon_log": []
}