{
  "violation_rate": [
    0.38372,
    0.035678587415983835
  ],
  "cbf_violation_rate": [
    0.38372,
    0.035678587415983835
  ],
  "cumulative_reward": [
    -8004.255084896087,
    7.673594892469676
  ],
  "tracking_rmse": {
    "pressure": [
      3.8981503772754365,
      0.0019568221970803056
    ],
    "enthalpy": [
      27.91917047538558,
      0.013598086192115982
    ],
    "power": [
      0.22520401911527607,
      0.0067745506697365985
    ]
  },
  "control_cost": [
    3999.9256787109375,
    64.9112860514159
  ],
  "min_barrier_value": [
    -0.0100244140625,
    0.0016034742900617896
  ],
  "online_time_ms": [
    10.162769386805595,
    1.7706516496357911
  ],
  "per_constraint_type": {
    "pressure": {
      "violation_rate": 0.0,
      "violation_count": 0,
      "total_steps": 25000
    },
    "enthalpy": {
      "violation_rate": 0.38372,
      "violation_count": 9593,
      "total_steps": 25000
    },
    "power": {
      "violation_rate": 0.0,
      "violation_count": 0,
      "total_steps": 25000
    }
  },
  "convergence_episode": 50,
  "n_training_episodes": 50,
  "reward_history": [
    -3673.893786430359,
    -3680.7335748672485,
    -3645.3264265060425,
    -3677.6737747192383,
    -3674.912134170532,
    -3681.825873374939,
    -3663.474040031433,
    -3663.3128061294556,
    -3680.6682844161987,
    -3662.2890272140503,
    -3634.0328102111816,
    -3613.263768196106,
    -3617.8739223480225,
    -3587.338912010193,
    -3581.9525861740112,
    -3594.3078479766846,
    -3563.1669511795044,
    -3588.6411333084106,
    -3567.5724363327026,
    -3544.748429298401,
    -3548.3498373031616,
    -3539.0950298309326,
    -3550.335792541504,
    -3542.543393135071,
    -3537.429566383362,
    -3510.9297943115234,
    -3507.1008043289185,
    -3499.540904045105,
    -3506.6716651916504,
    -3513.527729034424,
    -3524.438509941101,
    -3514.6675519943237,
    -3507.847843170166,
    -3515.3961868286133,
    -3504.351079940796,
    -3479.921130180359,
    -3489.4005842208862,
    -3509.5645999908447,
    -3505.8372707366943,
    -3509.168483734131,
    -3507.0705614089966,
    -3515.4582347869873,
    -3503.0586881637573,
    -3529.436553955078,
    -3494.610445022583,
    -3498.4373445510864,
    -3477.873272895813,
    -3476.0436420440674,
    -3498.594263076782,
    -3492.8163862228394
  ],
  "epsilon_log": []
}