{
  "violation_rate": [
    0.0007199999999999999,
    0.0014837789592793125
  ],
  "cbf_violation_rate": [
    0.0007199999999999999,
    0.0014837789592793125
  ],
  "cumulative_reward": [
    -39.80002227577075,
    2.3234338023939918
  ],
  "tracking_rmse": {
    "pressure": [
      0.034200092336334614,
      0.0016804459195368991
    ],
    "enthalpy": [
      8.777599252387212,
      0.26147673896647994
    ],
    "power": [
      0.27092235491406197,
      0.009089086853183862
    ]
  },
  "control_cost": [
    1919.6734106445313,
    82.97835709926188
  ],
  "min_barrier_value": [
    0.07681472778320313,
    2.1078713504343427
  ],
  "online_time_ms": [
    0.0,
    0.0
  ],
  "per_constraint_type": {
    "pressure": {
      "violation_rate": 0.0,
      "violation_count": 0,
      "total_steps": 25000
    },
    "enthalpy": {
      "violation_rate": 0.00072,
      "violation_count": 18,
      "total_steps": 25000
    },
    "power": {
      "violation_rate": 0.0,
      "violation_count": 0,
      "total_steps": 25000
    }
  },
  "convergence_episode": 50,
  "n_training_episodes": 50,
  "reward_history": [
    -2597.924048423767,
    -19.858352330105845,
    -4856.444051742554,
    -2799.883415222168,
    -6607.252437591553,
    -6594.660215377808,
    -3659.7107706069946,
    -3998.4546508789062,
    -4851.103475570679,
    -2556.936676979065,
    -3969.91202545166,
    -4833.042036056519,
    -3625.9617891311646,
    -16.649426954158116,
    -17.403716753367917,
    -6566.708103179932,
    -14.353561493131565,
    -2493.2215127944946,
    -15.554268301842967,
    -2746.2112426757812,
    -2749.200086593628,
    -2756.3894147872925,
    -3584.561593055725,
    -3915.156015396118,
    -4749.608308792114,
    -4751.525415420532,
    -2704.2437028884888,
    -2488.6481800079346,
    -4737.3452072143555,
    -15.596702118986286,
    -2488.5510234832764,
    -2675.645703315735,
    -2681.960291862488,
    -14.33991249022074,
    -14.052126103895716,
    -3905.7538452148438,
    -6479.784830093384,
    -4733.456880569458,
    -14.963317547255429,
    -4716.825201034546,
    -4708.571298599243,
    -6483.377655029297,
    -2647.1713333129883,
    -2455.194917678833,
    -4727.45844078064,
    -6462.744794845581,
    -3918.518301010132,
    -3900.7364387512207,
    -4712.639909744263,
    -4686.932941436768
  ],
  "epsilon_log": []
}