{
  "violation_rate": [
    0.99928,
    0.0011142710621747307
  ],
  "cbf_violation_rate": [
    0.99928,
    0.0011142710621747307
  ],
  "cumulative_reward": [
    -11766.168242225647,
    13.899531544207742
  ],
  "tracking_rmse": {
    "pressure": [
      4.570285674206558,
      0.0016139567111296972
    ],
    "enthalpy": [
      50.955842244878546,
      0.2800410967468532
    ],
    "power": [
      0.2187633709561045,
      0.006335767639507935
    ]
  },
  "control_cost": [
    1939.6598217773437,
    72.5019355669653
  ],
  "min_barrier_value": [
    -44.1881396484375,
    2.164701940979279
  ],
  "online_time_ms": [
    0.0,
    0.0
  ],
  "per_constraint_type": {
    "pressure": {
      "violation_rate": 0.0,
      "violation_count": 0,
      "total_steps": 25000
    },
    "enthalpy": {
      "violation_rate": 0.99928,
      "violation_count": 24982,
      "total_steps": 25000
    },
    "power": {
      "violation_rate": 0.0,
      "violation_count": 0,
      "total_steps": 25000
    }
  },
  "convergence_episode": 50,
  "n_training_episodes": 50,
  "reward_history": [
    -4848.310325622559,
    -2591.596492767334,
    -4856.044076919556,
    -2595.072009086609,
    -2804.1766958236694,
    -2817.810658454895,
    -3674.342593193054,
    -3980.185754776001,
    -3997.22456741333,
    -6609.480754852295,
    -3984.0620288848877,
    -4823.547878265381,
    -6572.439016342163,
    -6585.527069091797,
    -6574.898405075073,
    -2762.412606239319,
    -6535.396127700806,
    -4779.342323303223,
    -4769.438278198242,
    -6486.35498046875,
    -4778.0518436431885,
    -4746.960206985474,
    -3526.128885269165,
    -3528.5773038864136,
    -6490.086505889893,
    -4745.936519622803,
    -2674.7344875335693,
    -4729.897424697876,
    -4736.7117557525635,
    -3509.934391975403,
    -3912.00830078125,
    -6478.068899154663,
    -3513.704110145569,
    -3907.497543334961,
    -2463.1379432678223,
    -3895.155445098877,
    -2474.3582735061646,
    -3484.277603149414,
    -6467.068172454834,
    -6461.978099822998,
    -6476.715028762817,
    -4700.080778121948,
    -2461.2326278686523,
    -4704.55576133728,
    -2459.5595703125,
    -2653.809814453125,
    -3897.939685821533,
    -2460.336961746216,
    -4723.8942222595215,
    -2669.9850482940674
  ],
  "epsilon_log": []
}