{
  "violation_rate": [
    0.5724,
    0.02788548009269339
  ],
  "cbf_violation_rate": [
    0.5724,
    0.02788548009269339
  ],
  "cumulative_reward": [
    -8003.175061054229,
    7.062084589788272
  ],
  "tracking_rmse": {
    "pressure": [
      3.8978208938612666,
      0.0018049316369628686
    ],
    "enthalpy": [
      27.925618995293185,
      0.012867154764171393
    ],
    "power": [
      0.22609291930244313,
      0.006962376704613973
    ]
  },
  "control_cost": [
    4010.1701123046873,
    69.91351082081974
  ],
  "min_barrier_value": [
    -0.0067431640625,
    0.0007916935029416988
  ],
  "online_time_ms": [
    10.787075759058352,
    2.546693313207028
  ],
  "per_constraint_type": {
    "pressure": {
      "violation_rate": 0.0,
      "violation_count": 0,
      "total_steps": 25000
    },
    "enthalpy": {
      "violation_rate": 0.5724,
      "violation_count": 14310,
      "total_steps": 25000
    },
    "power": {
      "violation_rate": 0.0,
      "violation_count": 0,
      "total_steps": 25000
    }
  },
  "convergence_episode": 50,
  "n_training_episodes": 50,
  "reward_history": [
    -3666.306858062744,
    -3670.696056365967,
    -3691.0237045288086,
    -3660.5671129226685,
    -3665.692316055298,
    -3685.255944252014,
    -3646.1499576568604,
    -3667.556339263916,
    -3645.806538581848,
    -3659.068446159363,
    -3672.15625667572,
    -3615.9554653167725,
    -3617.074625968933,
    -3593.0489749908447,
    -3595.3979301452637,
    -3560.841016769409,
    -3573.1261653900146,
    -3571.7721252441406,
    -3571.544610977173,
    -3566.651593208313,
    -3549.596200942993,
    -3553.3029680252075,
    -3538.969117164612,
    -3522.727472305298,
    -3519.254524230957,
    -3527.6045274734497,
    -3518.8943462371826,
    -3530.73290348053,
    -3540.638258934021,
    -3534.669948577881,
    -3505.5308742523193,
    -3509.9442558288574,
    -3471.580874443054,
    -3506.622640609741,
    -3527.0956745147705,
    -3485.9200925827026,
    -3524.6740217208862,
    -3519.7670574188232,
    -3516.100200653076,
    -3507.766478538513,
    -3507.193648338318,
    -3508.687448501587,
    -3512.9013776779175,
    -3503.1401376724243,
    -3501.4874334335327,
    -3511.5310401916504,
    -3490.305923461914,
    -3471.0805768966675,
    -3480.4835300445557,
    -3488.6105365753174
  ],
  "epsilon_log": []
}