{
  "violation_rate": [
    0.0,
    0.0
  ],
  "cbf_violation_rate": [
    0.0,
    0.0
  ],
  "cumulative_reward": [
    -39.552084863876004,
    2.277684752892806
  ],
  "tracking_rmse": {
    "pressure": [
      0.023908702322905654,
      0.0013441978691769718
    ],
    "enthalpy": [
      8.789197224088959,
      0.25815518250327835
    ],
    "power": [
      0.2718704401153243,
      0.008165357692034943
    ]
  },
  "control_cost": [
    1696.7548583984376,
    61.72309769199222
  ],
  "min_barrier_value": [
    1.330265998840332,
    0.006574191697691901
  ],
  "online_time_ms": [
    10.39259537195554,
    2.3189886020355344
  ],
  "per_constraint_type": {
    "pressure": {
      "violation_rate": 0.0,
      "violation_count": 0,
      "total_steps": 25000
    },
    "enthalpy": {
      "violation_rate": 0.0,
      "violation_count": 0,
      "total_steps": 25000
    },
    "power": {
      "violation_rate": 0.0,
      "violation_count": 0,
      "total_steps": 25000
    }
  },
  "convergence_episode": 50,
  "n_training_episodes": 50,
  "reward_history": [
    -18.378104216302745,
    -18.469112838429282,
    -17.13537345408986,
    -20.221796380588785,
    -20.352594544674503,
    -18.293736244930187,
    -17.64499998523388,
    -15.731818251049845,
    -18.125715028887498,
    -14.004925506917061,
    -14.544307982287137,
    -14.402039870037697,
    -15.756417622236768,
    -16.51934476029419,
    -15.601532649889123,
    -14.62794402509462,
    -16.94888528456795,
    -15.981957953248639,
    -16.609773302276153,
    -14.859024581950507,
    -13.179472498304676,
    -17.273612990429683,
    -18.998564798443113,
    -14.113985062809661,
    -16.948558667791076,
    -15.762132402192947,
    -16.451275235012872,
    -16.50294600435882,
    -15.288668362802127,
    -16.774048091931036,
    -15.55534561094828,
    -16.194899826747132,
    -15.141401590488385,
    -13.689728143333923,
    -12.862682109262096,
    -13.25855215312913,
    -15.381613506935537,
    -15.140719139657449,
    -17.41619549342431,
    -15.796003952913452,
    -17.382093495718436,
    -14.672846807341557,
    -16.890850291150855,
    -15.530239937419537,
    -14.698570207794546,
    -14.22337852360215,
    -16.515455381028005,
    -15.305421862925868,
    -14.365458219836,
    -18.790505779499654
  ],
  "epsilon_log": []
}