{
  "violation_rate": [
    0.9962799999999998,
    0.0025615620234536608
  ],
  "cbf_violation_rate": [
    0.9962799999999998,
    0.0025615620234536608
  ],
  "cumulative_reward": [
    -16150.909220581054,
    12.600381014306661
  ],
  "tracking_rmse": {
    "pressure": [
      5.488839177098965,
      0.001589833212359247
    ],
    "enthalpy": [
      45.920298580737374,
      0.2667850920592833
    ],
    "power": [
      0.20800661677170054,
      0.006026760135460982
    ]
  },
  "control_cost": [
    1942.414443359375,
    72.5410892344097
  ],
  "min_barrier_value": [
    -38.1121728515625,
    2.089164488426349
  ],
  "online_time_ms": [
    9.357547943652607,
    2.4115878957290415
  ],
  "per_constraint_type": {
    "pressure": {
      "violation_rate": 0.0,
      "violation_count": 0,
      "total_steps": 25000
    },
    "enthalpy": {
      "violation_rate": 0.99628,
      "violation_count": 24907,
      "total_steps": 25000
    },
    "power": {
      "violation_rate": 0.0,
      "violation_count": 0,
      "total_steps": 25000
    }
  },
  "convergence_episode": 50,
  "n_training_episodes": 50,
  "reward_history": [
    -4848.310325622559,
    -2591.5965719223022,
    -4856.044076919556,
    -2595.0656394958496,
    -2804.1766510009766,
    -2817.809880256653,
    -3674.3369674682617,
    -3979.1472148895264,
    -3996.912696838379,
    -6609.479768753052,
    -3984.062662124634,
    -6577.532676696777,
    -6572.1652183532715,
    -6584.980504989624,
    -6573.9703369140625,
    -2755.5625009536743,
    -6522.254068374634,
    -6531.008232116699,
    -6529.44379234314,
    -6486.557699203491,
    -4778.230005264282,
    -4746.857288360596,
    -3525.7109003067017,
    -3528.0278339385986,
    -6489.379800796509,
    -6499.555583953857,
    -2673.902473449707,
    -6484.015075683594,
    -6491.031747817993,
    -3508.0691652297974,
    -3910.3562755584717,
    -6475.891065597534,
    -3511.1323223114014,
    -3905.5685386657715,
    -2461.283507347107,
    -3893.3290843963623,
    -2472.56787776947,
    -3482.1802339553833,
    -6465.432106018066,
    -6460.531360626221,
    -6475.444574356079,
    -4698.956077575684,
    -2460.2659978866577,
    -6459.148998260498,
    -2458.8264865875244,
    -2653.1254901885986,
    -3897.3289699554443,
    -2459.755443572998,
    -6475.722330093384,
    -2669.436985015869
  ],
  "epsilon_log": []
}