{
  "violation_rate": [
    0.0008800000000000001,
    0.0011426285485668561
  ],
  "cbf_violation_rate": [
    0.0008800000000000001,
    0.0011426285485668561
  ],
  "cumulative_reward": [
    -39.30550879105147,
    2.0345694207652247
  ],
  "tracking_rmse": {
    "pressure": [
      0.03381803869803125,
      0.0016468840447298471
    ],
    "enthalpy": [
      8.724898423294928,
      0.22929798459549855
    ],
    "power": [
      0.271607004942815,
      0.007860821982850624
    ]
  },
  "control_cost": [
    1903.5783447265626,
    71.41432236490522
  ],
  "min_barrier_value": [
    -0.1855129623413086,
    1.9852834248109454
  ],
  "online_time_ms": [
    0.0,
    0.0
  ],
  "per_constraint_type": {
    "pressure": {
      "violation_rate": 0.0,
      "violation_count": 0,
      "total_steps": 25000
    },
    "enthalpy": {
      "violation_rate": 0.00088,
      "violation_count": 22,
      "total_steps": 25000
    },
    "power": {
      "violation_rate": 0.0,
      "violation_count": 0,
      "total_steps": 25000
    }
  },
  "convergence_episode": 50,
  "n_training_episodes": 50,
  "reward_history": [
    -4848.310325622559,
    -2591.596558570862,
    -4856.044250488281,
    -2595.0722827911377,
    -2804.1777362823486,
    -2817.810869216919,
    -3674.343267440796,
    -3980.184425354004,
    -3997.2250442504883,
    -6609.481914520264,
    -3984.0624675750732,
    -14.119840601444594,
    -6573.933292388916,
    -6588.701391220093,
    -6579.038579940796,
    -2767.4212322235107,
    -6539.833879470825,
    -15.801165249897167,
    -14.81375357642537,
    -6492.505067825317,
    -4785.233491897583,
    -4754.646228790283,
    -3535.3992986679077,
    -3537.5833683013916,
    -6497.651924133301,
    -14.775142440135824,
    -2681.6380882263184,
    -13.140302913670894,
    -17.509196922706906,
    -3518.4640560150146,
    -3918.2899436950684,
    -6486.700847625732,
    -3522.8011617660522,
    -3913.219533920288,
    -2467.4306602478027,
    -3900.3088874816895,
    -2478.285159111023,
    -3491.8238525390625,
    -6474.044315338135,
    -6468.685096740723,
    -6483.05278968811,
    -4705.314788818359,
    -2464.7339792251587,
    -17.059289322205586,
    -2462.9269437789917,
    -2658.9041604995728,
    -3901.861629486084,
    -2463.737406730652,
    -15.865938376635313,
    -2674.767032623291
  ],
  "epsilon_log": []
}