{
  "violation_rate": [
    0.0029600000000000004,
    0.0031045772659091604
  ],
  "cbf_violation_rate": [
    0.0029600000000000004,
    0.0031045772659091604
  ],
  "cumulative_reward": [
    -10852.182035369873,
    6.74543233093921
  ],
  "tracking_rmse": {
    "pressure": [
      4.569260645942634,
      0.001473296947640735
    ],
    "enthalpy": [
      27.945121282843033,
      0.0009675378105300032
    ],
    "power": [
      0.22587330765860436,
      0.007660969011773593
    ]
  },
  "control_cost": [
    6572.15068359375,
    57.18280455143659
  ],
  "min_barrier_value": [
    -0.00015625,
    0.0001171875
  ],
  "online_time_ms": [
    15.208385020564311,
    3.228105180996022
  ],
  "per_constraint_type": {
    "pressure": {
      "violation_rate": 0.0,
      "violation_count": 0,
      "total_steps": 25000
    },
    "enthalpy": {
      "violation_rate": 0.00296,
      "violation_count": 74,
      "total_steps": 25000
    },
    "power": {
      "violation_rate": 0.0,
      "violation_count": 0,
      "total_steps": 25000
    }
  },
  "convergence_episode": 50,
  "n_training_episodes": 50,
  "reward_history": [
    -4832.539585113525,
    -4833.791994094849,
    -4837.0989780426025,
    -4855.5989818573,
    -4852.50679397583,
    -4839.973405838013,
    -4858.623023986816,
    -4828.846431732178,
    -4834.755849838257,
    -4827.933418273926,
    -4836.747440338135,
    -4809.96826171875,
    -4779.016639709473,
    -4788.1159591674805,
    -4787.058567047119,
    -4764.163177490234,
    -4777.445222854614,
    -4747.0930099487305,
    -4770.749420166016,
    -4733.837205886841,
    -4759.0329875946045,
    -4748.086883544922,
    -4744.398527145386,
    -4715.916307449341,
    -4725.254230499268,
    -4740.114795684814,
    -4716.075326919556,
    -4722.247604370117,
    -4703.952507019043,
    -4726.564992904663,
    -4715.567722320557,
    -4722.975601196289,
    -4725.65309715271,
    -4699.222887039185,
    -4725.950870513916,
    -4731.3077392578125,
    -4704.247499465942,
    -4720.754493713379,
    -4697.12798500061,
    -4737.819835662842,
    -4709.595886230469,
    -4681.24107170105,
    -4723.311071395874,
    -4707.729997634888,
    -4719.399829864502,
    -4709.086990356445,
    -4693.259086608887,
    -4717.679416656494,
    -4702.584148406982,
    -4699.459901809692
  ],
  "epsilon_log": []
}