{
  "violation_rate": [
    0.001,
    0.0012806248474865696
  ],
  "cbf_violation_rate": [
    0.001,
    0.0012806248474865696
  ],
  "cumulative_reward": [
    -39.93101379633249,
    2.3709574605372485
  ],
  "tracking_rmse": {
    "pressure": [
      0.03312580182062144,
      0.001541114920325075
    ],
    "enthalpy": [
      8.79838909652702,
      0.26913886185025326
    ],
    "power": [
      0.2702397873541464,
      0.008804002161018908
    ]
  },
  "control_cost": [
    1891.3737524414062,
    74.25483412096025
  ],
  "min_barrier_value": [
    -0.3919913101196289,
    2.132969771557651
  ],
  "online_time_ms": [
    0.0,
    0.0
  ],
  "per_constraint_type": {
    "pressure": {
      "violation_rate": 0.0,
      "violation_count": 0,
      "total_steps": 25000
    },
    "enthalpy": {
      "violation_rate": 0.001,
      "violation_count": 25,
      "total_steps": 25000
    },
    "power": {
      "violation_rate": 0.0,
      "violation_count": 0,
      "total_steps": 25000
    }
  },
  "convergence_episode": 50,
  "n_training_episodes": 50,
  "reward_history": [
    -4013.5882091522217,
    -2809.9934301376343,
    -6599.276388168335,
    -3657.649793624878,
    -6598.317325592041,
    -4010.1845207214355,
    -20.16695728173363,
    -2785.2215509414673,
    -4821.767511367798,
    -6573.1647300720215,
    -4837.384437561035,
    -2760.862280845642,
    -4837.969255447388,
    -3969.3563022613525,
    -4823.272312164307,
    -4815.68957901001,
    -3939.8241024017334,
    -2764.4064836502075,
    -6550.959680557251,
    -18.966976642084774,
    -3910.5524196624756,
    -3578.7271213531494,
    -3576.040143966675,
    -2720.459285736084,
    -4746.774614334106,
    -2481.3186025619507,
    -15.295922280158265,
    -17.060390203492716,
    -2493.737675666809,
    -2663.552882194519,
    -6478.351390838623,
    -2651.118250846863,
    -16.99472521201824,
    -4710.50909614563,
    -4704.751489639282,
    -2660.5623416900635,
    -4732.05565071106,
    -2458.9020080566406,
    -3886.329870223999,
    -3498.469359397888,
    -14.788276484468952,
    -3915.363800048828,
    -3902.5832691192627,
    -2470.0863075256348,
    -2465.436954498291,
    -3506.3969202041626,
    -6469.634538650513,
    -18.235353533222224,
    -6457.08708190918,
    -2476.541491508484
  ],
  "epsilon_log": []
}