{
  "violation_rate": [
    0.28600000000000003,
    0.026107470195329153
  ],
  "cbf_violation_rate": [
    0.28600000000000003,
    0.026107470195329153
  ],
  "cumulative_reward": [
    -8005.244870433808,
    8.316057396675697
  ],
  "tracking_rmse": {
    "pressure": [
      3.898405520272563,
      0.002137122605219786
    ],
    "enthalpy": [
      27.919817081178476,
      0.012124219272629033
    ],
    "power": [
      0.2256252424990513,
      0.007372258183440572
    ]
  },
  "control_cost": [
    4009.0860205078125,
    58.724141518102265
  ],
  "min_barrier_value": [
    -0.00787109375,
    0.0013377124082943567
  ],
  "online_time_ms": [
    10.772344728626777,
    2.6395568047729543
  ],
  "per_constraint_type": {
    "pressure": {
      "violation_rate": 0.0,
      "violation_count": 0,
      "total_steps": 25000
    },
    "enthalpy": {
      "violation_rate": 0.286,
      "violation_count": 7150,
      "total_steps": 25000
    },
    "power": {
      "violation_rate": 0.0,
      "violation_count": 0,
      "total_steps": 25000
    }
  },
  "convergence_episode": 50,
  "n_training_episodes": 50,
  "reward_history": [
    -3654.407953262329,
    -3675.43018245697,
    -3659.7919368743896,
    -3665.188151359558,
    -3673.654040336609,
    -3681.893130302429,
    -3663.492628097534,
    -3664.0428504943848,
    -3697.947587966919,
    -3658.9951133728027,
    -3648.906144142151,
    -3643.144711494446,
    -3597.5727739334106,
    -3602.0448627471924,
    -3588.105814933777,
    -3581.0300998687744,
    -3580.0211038589478,
    -3594.947343826294,
    -3574.211428642273,
    -3585.673713684082,
    -3545.1451416015625,
    -3563.644871711731,
    -3556.6440258026123,
    -3534.800895690918,
    -3553.067544937134,
    -3526.087197303772,
    -3508.1472845077515,
    -3542.0541286468506,
    -3495.882162094116,
    -3533.4493865966797,
    -3524.918002128601,
    -3529.3321142196655,
    -3491.24392414093,
    -3504.7283897399902,
    -3511.2935791015625,
    -3523.399872779846,
    -3502.7761249542236,
    -3525.505615234375,
    -3513.5423011779785,
    -3480.8213815689087,
    -3498.8734064102173,
    -3543.211835861206,
    -3496.220507621765,
    -3510.2482738494873,
    -3515.643843650818,
    -3485.151683807373,
    -3494.1464557647705,
    -3489.764796257019,
    -3500.1520500183105,
    -3498.3758459091187
  ],
  "epsilon_log": []
}