{
  "violation_rate": [
    0.99928,
    0.0011838918869559005
  ],
  "cbf_violation_rate": [
    0.99928,
    0.0011838918869559005
  ],
  "cumulative_reward": [
    -11767.018016815186,
    17.273238648216825
  ],
  "tracking_rmse": {
    "pressure": [
      4.570295639217918,
      0.0014940508257745924
    ],
    "enthalpy": [
      50.97229064982503,
      0.332361268067211
    ],
    "power": [
      0.21809287354575024,
      0.007326552162259181
    ]
  },
  "control_cost": [
    1944.6655737304689,
    83.80560163650274
  ],
  "min_barrier_value": [
    -43.5423681640625,
    2.370149571476435
  ],
  "online_time_ms": [
    9.777784134272952,
    1.8678578025264838
  ],
  "per_constraint_type": {
    "pressure": {
      "violation_rate": 0.0,
      "violation_count": 0,
      "total_steps": 25000
    },
    "enthalpy": {
      "violation_rate": 0.99928,
      "violation_count": 24982,
      "total_steps": 25000
    },
    "power": {
      "violation_rate": 0.0,
      "violation_count": 0,
      "total_steps": 25000
    }
  },
  "convergence_episode": 50,
  "n_training_episodes": 50,
  "reward_history": [
    -2597.9240713119507,
    -4850.706895828247,
    -4856.542009353638,
    -2799.7042846679688,
    -6606.758958816528,
    -6593.877233505249,
    -3658.5564165115356,
    -4006.7385387420654,
    -4849.483938217163,
    -2561.7705936431885,
    -3968.689329147339,
    -4830.765365600586,
    -3623.211093902588,
    -4797.223913192749,
    -4808.05425453186,
    -6559.176498413086,
    -4798.279285430908,
    -2483.9891109466553,
    -4779.902555465698,
    -2724.877296447754,
    -2724.728211402893,
    -2730.4734506607056,
    -3556.920892715454,
    -3899.3824577331543,
    -4736.554496765137,
    -4741.729955673218,
    -2693.0930137634277,
    -2478.384795188904,
    -4726.3547286987305,
    -4716.316476821899,
    -2480.88383769989,
    -2662.70996761322,
    -2668.879156112671,
    -4721.963291168213,
    -4704.220260620117,
    -3899.700771331787,
    -6467.527334213257,
    -4722.03729057312,
    -4704.953128814697,
    -4708.455995559692,
    -4701.200832366943,
    -6475.517845153809,
    -2639.71826171875,
    -2450.7518253326416,
    -4721.420621871948,
    -6456.5884437561035,
    -3914.0233211517334,
    -3896.6077461242676,
    -4708.267768859863,
    -4682.994689941406
  ],
  "epsilon_log": []
}