{
  "violation_rate": [
    0.26044000000000006,
    0.11616835369411069
  ],
  "cbf_violation_rate": [
    0.26044000000000006,
    0.11616835369411069
  ],
  "cumulative_reward": [
    -6194.205060405731,
    131.39433411668077
  ],
  "tracking_rmse": {
    "pressure": [
      3.417827581180305,
      0.011009279328769883
    ],
    "enthalpy": [
      25.77717901512723,
      3.674383293213102
    ],
    "power": [
      0.3464308844058233,
      0.01513805185815995
    ]
  },
  "control_cost": [
    10568.039921875,
    319.2516263554812
  ],
  "min_barrier_value": [
    -34.8238134765625,
    4.351496370757508
  ],
  "online_time_ms": [
    12.299449898406165,
    3.027162195750118
  ],
  "per_constraint_type": {
    "pressure": {
      "violation_rate": 0.0,
      "violation_count": 0,
      "total_steps": 25000
    },
    "enthalpy": {
      "violation_rate": 0.26044,
      "violation_count": 6511,
      "total_steps": 25000
    },
    "power": {
      "violation_rate": 0.0,
      "violation_count": 0,
      "total_steps": 25000
    }
  },
  "convergence_episode": 50,
  "n_training_episodes": 50,
  "reward_history": [
    -2804.1524868011475,
    -2809.5554571151733,
    -2778.17582988739,
    -2806.319139480591,
    -2803.1275634765625,
    -2808.030379295349,
    -2793.356209754944,
    -2793.2606325149536,
    -2808.056478500366,
    -2791.829683303833,
    -2764.9863271713257,
    -2744.8449897766113,
    -2752.967858314514,
    -2727.401620864868,
    -2722.1967458724976,
    -2734.2020177841187,
    -2707.0492191314697,
    -2727.7061882019043,
    -2709.0768241882324,
    -2689.260076522827,
    -2691.546318054199,
    -2683.2160935401917,
    -2695.842052459717,
    -2686.5305681228638,
    -2682.2816619873047,
    -2659.3806114196777,
    -2655.5574407577515,
    -2648.4772024154663,
    -2654.231210708618,
    -2659.43660736084,
    -2669.1150703430176,
    -2659.3299627304077,
    -2653.581280708313,
    -2659.7061529159546,
    -2650.1856060028076,
    -2629.3335638046265,
    -2638.586700439453,
    -2655.1997413635254,
    -2652.122640609741,
    -2656.1503047943115,
    -2652.6961698532104,
    -2661.701840400696,
    -2648.8053302764893,
    -2672.2011709213257,
    -2642.256275177002,
    -2646.192897796631,
    -2629.143663406372,
    -2625.9157094955444,
    -2645.766429901123,
    -2641.1888933181763
  ],
  "epsilon_log": []
}