{
  "violation_rate": [
    0.001,
    0.0012806248474865696
  ],
  "cbf_violation_rate": [
    0.001,
    0.0012806248474865696
  ],
  "cumulative_reward": [
    -39.930969808178176,
    2.370955831332992
  ],
  "tracking_rmse": {
    "pressure": [
      0.033125737215914206,
      0.0015410761731950726
    ],
    "enthalpy": [
      8.798384471379684,
      0.26913873265746935
    ],
    "power": [
      0.27023945337150584,
      0.008804030626975495
    ]
  },
  "control_cost": [
    1891.3693188476564,
    74.25471474611567
  ],
  "min_barrier_value": [
    -0.39194732666015625,
    2.13295368859347
  ],
  "online_time_ms": [
    0.0,
    0.0
  ],
  "per_constraint_type": {
    "pressure": {
      "violation_rate": 0.0,
      "violation_count": 0,
      "total_steps": 25000
    },
    "enthalpy": {
      "violation_rate": 0.001,
      "violation_count": 25,
      "total_steps": 25000
    },
    "power": {
      "violation_rate": 0.0,
      "violation_count": 0,
      "total_steps": 25000
    }
  },
  "convergence_episode": 50,
  "n_training_episodes": 50,
  "reward_history": [
    -4013.5882091522217,
    -2809.9935235977173,
    -6599.276300430298,
    -3657.652015686035,
    -6598.31729888916,
    -4010.1851234436035,
    -20.166971201077104,
    -2785.2217779159546,
    -4821.767629623413,
    -6573.16463470459,
    -4837.384927749634,
    -2760.862501144409,
    -4837.969234466553,
    -3969.356025695801,
    -4823.273677825928,
    -4815.689613342285,
    -3939.824546813965,
    -2764.4055681228638,
    -6550.961145401001,
    -18.966937102144584,
    -3910.5520877838135,
    -3578.7285594940186,
    -3576.0397396087646,
    -2720.458169937134,
    -4746.773941040039,
    -2481.3188247680664,
    -15.295934441062855,
    -17.060351285384968,
    -2493.7372646331787,
    -2663.551944732666,
    -6478.352073669434,
    -2651.1199102401733,
    -16.99471745651681,
    -4710.510276794434,
    -4704.752824783325,
    -2660.5637998580933,
    -4732.0578536987305,
    -2458.900960922241,
    -3886.330228805542,
    -3498.470046043396,
    -14.788245344592724,
    -3915.3640537261963,
    -3902.5850048065186,
    -2470.0857152938843,
    -2465.4376525878906,
    -3506.3951864242554,
    -6469.633209228516,
    -18.235295862381463,
    -6457.0870571136475,
    -2476.5409383773804
  ],
  "epsilon_log": []
}