{
  "violation_rate": [
    0.9947999999999999,
    0.0028000000000000026
  ],
  "cbf_violation_rate": [
    0.9947999999999999,
    0.0028000000000000026
  ],
  "cumulative_reward": [
    -16152.507815818786,
    14.528484911777584
  ],
  "tracking_rmse": {
    "pressure": [
      5.489414860553751,
      0.0011692708806099062
    ],
    "enthalpy": [
      45.88775150380567,
      0.2853677637165296
    ],
    "power": [
      0.20841243763683376,
      0.0068862578722599915
    ]
  },
  "control_cost": [
    1947.7324829101562,
    68.55240918862843
  ],
  "min_barrier_value": [
    -36.9784423828125,
    1.4504188592383338
  ],
  "online_time_ms": [
    10.073935346360086,
    2.0251453754929627
  ],
  "per_constraint_type": {
    "pressure": {
      "violation_rate": 0.0,
      "violation_count": 0,
      "total_steps": 25000
    },
    "enthalpy": {
      "violation_rate": 0.9948,
      "violation_count": 24870,
      "total_steps": 25000
    },
    "power": {
      "violation_rate": 0.0,
      "violation_count": 0,
      "total_steps": 25000
    }
  },
  "convergence_episode": 50,
  "n_training_episodes": 50,
  "reward_history": [
    -2801.1055154800415,
    -6596.517183303833,
    -4035.102025985718,
    -3674.169403076172,
    -6602.725925445557,
    -4839.181747436523,
    -2795.639561653137,
    -6574.287075042725,
    -4835.230783462524,
    -2791.5190830230713,
    -3983.5711879730225,
    -3631.5698461532593,
    -6578.062589645386,
    -4825.088668823242,
    -4827.52108001709,
    -3950.993782043457,
    -3607.3603143692017,
    -6525.075490951538,
    -2525.432104110718,
    -3932.3080825805664,
    -2721.263461112976,
    -3570.8668298721313,
    -2714.2716207504272,
    -6485.645868301392,
    -2684.609338760376,
    -6496.065565109253,
    -3914.962184906006,
    -4712.097244262695,
    -2466.7083168029785,
    -3496.3108196258545,
    -4715.947895050049,
    -4734.70192527771,
    -2456.3707523345947,
    -3906.872365951538,
    -3497.38973236084,
    -4717.4945430755615,
    -3899.554023742676,
    -3520.1860790252686,
    -6459.1678104400635,
    -3899.010892868042,
    -3891.495569229126,
    -4709.651369094849,
    -6445.375093460083,
    -2464.079090118408,
    -4718.893075942993,
    -4691.515607833862,
    -4711.838718414307,
    -2667.8176412582397,
    -2475.615400314331,
    -3496.2897758483887
  ],
  "epsilon_log": []
}