{
  "violation_rate": [
    0.0,
    0.0
  ],
  "cbf_violation_rate": [
    0.0,
    0.0
  ],
  "cumulative_reward": [
    -39.45235362385656,
    2.519516456299961
  ],
  "tracking_rmse": {
    "pressure": [
      0.024533888080509464,
      0.0012316278303154315
    ],
    "enthalpy": [
      8.77519424622782,
      0.2852747749151708
    ],
    "power": [
      0.2724887147076895,
      0.008322663774798018
    ]
  },
  "control_cost": [
    1709.7624389648438,
    68.12726725172358
  ],
  "min_barrier_value": [
    1.3285671997070312,
    0.006875080914522439
  ],
  "online_time_ms": [
    9.929971454980551,
    1.8577289322625627
  ],
  "per_constraint_type": {
    "pressure": {
      "violation_rate": 0.0,
      "violation_count": 0,
      "total_steps": 25000
    },
    "enthalpy": {
      "violation_rate": 0.0,
      "violation_count": 0,
      "total_steps": 25000
    },
    "power": {
      "violation_rate": 0.0,
      "violation_count": 0,
      "total_steps": 25000
    }
  },
  "convergence_episode": 50,
  "n_training_episodes": 50,
  "reward_history": [
    -18.47036703658523,
    -18.943719402101124,
    -21.488521174134803,
    -18.351422071747947,
    -17.94432798793423,
    -20.64139031549712,
    -15.689520490239374,
    -17.807700911012944,
    -15.28894488417427,
    -17.73729641365935,
    -17.69621629028552,
    -15.113643036747817,
    -17.172841440697084,
    -15.445752326573711,
    -18.495394690165995,
    -14.833059717493597,
    -18.021863347297767,
    -15.508023096292163,
    -15.748357908421895,
    -16.028958322975086,
    -17.671075824880973,
    -15.184045709189377,
    -15.536552016739734,
    -16.33082825227757,
    -16.086435768404044,
    -13.265007267618785,
    -14.882133742445149,
    -14.924336195388605,
    -15.40604714420624,
    -17.567086023336742,
    -14.370444617277826,
    -16.4369318857498,
    -14.061250483384356,
    -15.483654120514984,
    -15.285368388838833,
    -14.095666376742884,
    -15.412696400511777,
    -15.979915443720529,
    -14.743918575841235,
    -16.626925621792907,
    -16.027721852180548,
    -16.68473555930541,
    -18.085577849691617,
    -13.061873252328951,
    -16.74998525751289,
    -15.784376749186777,
    -14.503599464485887,
    -15.823753790871706,
    -15.29871695971815,
    -16.17501294145768
  ],
  "epsilon_log": []
}