{
  "violation_rate": [
    0.9958000000000001,
    0.0026608269391300166
  ],
  "cbf_violation_rate": [
    0.9958000000000001,
    0.0026608269391300166
  ],
  "cumulative_reward": [
    -8775.232067832947,
    18.672862202279685
  ],
  "tracking_rmse": {
    "pressure": [
      3.899106289855351,
      0.0017159297306846087
    ],
    "enthalpy": [
      48.07398088516557,
      0.36518611076480556
    ],
    "power": [
      0.22736619085508247,
      0.007490064428158557
    ]
  },
  "control_cost": [
    1956.996826171875,
    68.71355216470474
  ],
  "min_barrier_value": [
    -42.0043798828125,
    2.8559078848100867
  ],
  "online_time_ms": [
    18.145118393538286,
    10.75018419944078
  ],
  "per_constraint_type": {
    "pressure": {
      "violation_rate": 0.0,
      "violation_count": 0,
      "total_steps": 25000
    },
    "enthalpy": {
      "violation_rate": 0.9958,
      "violation_count": 24895,
      "total_steps": 25000
    },
    "power": {
      "violation_rate": 0.0,
      "violation_count": 0,
      "total_steps": 25000
    }
  },
  "convergence_episode": 50,
  "n_training_episodes": 50,
  "reward_history": [
    -2801.1055154800415,
    -6596.517183303833,
    -4035.102025985718,
    -3674.169403076172,
    -3673.3384189605713,
    -4839.227849960327,
    -2795.7664003372192,
    -3639.4030208587646,
    -4835.530599594116,
    -2792.052043914795,
    -3983.874599456787,
    -3631.9417867660522,
    -6578.092260360718,
    -4824.646392822266,
    -4826.594717025757,
    -3949.850191116333,
    -3605.08842754364,
    -3576.648108482361,
    -2523.4158821105957,
    -3931.0612716674805,
    -2719.913149833679,
    -3569.1589946746826,
    -2712.4586353302,
    -3525.9835081100464,
    -2682.8769760131836,
    -6494.988641738892,
    -3913.6712703704834,
    -4710.740739822388,
    -2464.969358444214,
    -3494.1862592697144,
    -4713.9203090667725,
    -4732.492513656616,
    -2454.1174097061157,
    -3904.6229934692383,
    -3494.523310661316,
    -4714.992164611816,
    -3897.091033935547,
    -3517.15079498291,
    -6456.623142242432,
    -3896.466485977173,
    -3888.9626789093018,
    -4707.08829498291,
    -3480.4741764068604,
    -2461.6997232437134,
    -4716.632349014282,
    -4689.402303695679,
    -4709.81102180481,
    -2665.7913942337036,
    -2473.843779563904,
    -3494.1930074691772
  ],
  "epsilon_log": []
}