{
  "violation_rate": [
    0.0,
    0.0
  ],
  "cbf_violation_rate": [
    0.0,
    0.0
  ],
  "cumulative_reward": [
    -5959.850031318664,
    7.936072756373242
  ],
  "tracking_rmse": {
    "pressure": [
      3.334059479945237,
      0.002381328817309389
    ],
    "enthalpy": [
      27.900555895132765,
      0.011461734943193125
    ],
    "power": [
      0.23877349588736702,
      0.00731656846258718
    ]
  },
  "control_cost": [
    4177.626064453125,
    59.07205287256479
  ],
  "min_barrier_value": [
    0.0,
    0.0
  ],
  "online_time_ms": [
    10.885812282864936,
    3.03810485563909
  ],
  "per_constraint_type": {
    "pressure": {
      "violation_rate": 0.0,
      "violation_count": 0,
      "total_steps": 25000
    },
    "enthalpy": {
      "violation_rate": 0.0,
      "violation_count": 0,
      "total_steps": 25000
    },
    "power": {
      "violation_rate": 0.0,
      "violation_count": 0,
      "total_steps": 25000
    }
  },
  "convergence_episode": 50,
  "n_training_episodes": 50,
  "reward_history": [
    -2788.354838371277,
    -2805.329005241394,
    -2792.312623977661,
    -2794.9508476257324,
    -2803.197385787964,
    -2808.6443700790405,
    -2793.5837755203247,
    -2792.583360671997,
    -2822.9404287338257,
    -2790.2835721969604,
    -2776.736801147461,
    -2771.2246294021606,
    -2736.43826007843,
    -2740.196976661682,
    -2727.524621963501,
    -2723.1421222686768,
    -2720.558310508728,
    -2732.826410293579,
    -2714.5607023239136,
    -2725.0941677093506,
    -2691.2191038131714,
    -2705.8156023025513,
    -2699.497908592224,
    -2678.9231338500977,
    -2694.8984775543213,
    -2670.925437927246,
    -2655.6901531219482,
    -2684.257215499878,
    -2644.3189516067505,
    -2676.5215034484863,
    -2668.724636077881,
    -2672.719511985779,
    -2639.031951904297,
    -2650.951343536377,
    -2655.899479866028,
    -2667.1265993118286,
    -2648.812883377075,
    -2669.6111030578613,
    -2657.5158729553223,
    -2629.517692565918,
    -2648.3145446777344,
    -2684.82661819458,
    -2645.1798524856567,
    -2655.992548942566,
    -2659.912540435791,
    -2634.876220703125,
    -2642.4818267822266,
    -2638.469599723816,
    -2647.510778427124,
    -2646.5166091918945
  ],
  "epsilon_log": []
}