{
  "violation_rate": [
    0.00072,
    0.0011838918869558992
  ],
  "cbf_violation_rate": [
    0.00072,
    0.0011838918869558992
  ],
  "cumulative_reward": [
    -40.05768276277443,
    2.148123626924601
  ],
  "tracking_rmse": {
    "pressure": [
      0.034587892333410614,
      0.0013366689567373049
    ],
    "enthalpy": [
      8.808860550354739,
      0.24409645604117408
    ],
    "power": [
      0.2708750149774984,
      0.008865506782266
    ]
  },
  "control_cost": [
    1934.3915600585938,
    67.89399728595059
  ],
  "min_barrier_value": [
    -0.18471778869628908,
    2.704698233344198
  ],
  "online_time_ms": [
    0.0,
    0.0
  ],
  "per_constraint_type": {
    "pressure": {
      "violation_rate": 0.0,
      "violation_count": 0,
      "total_steps": 25000
    },
    "enthalpy": {
      "violation_rate": 0.00072,
      "violation_count": 18,
      "total_steps": 25000
    },
    "power": {
      "violation_rate": 0.0,
      "violation_count": 0,
      "total_steps": 25000
    }
  },
  "convergence_episode": 50,
  "n_training_episodes": 50,
  "reward_history": [
    -2801.1055154800415,
    -6596.517160415649,
    -4035.1923484802246,
    -3674.1689853668213,
    -21.690905000956263,
    -4839.478321075439,
    -2796.5488681793213,
    -17.81995451900002,
    -4837.553224563599,
    -2795.544981956482,
    -3986.996473312378,
    -3637.960587501526,
    -6583.811243057251,
    -4831.114543914795,
    -4833.714172363281,
    -3954.8863563537598,
    -3614.2500505447388,
    -14.419686121778795,
    -2527.8668384552,
    -3938.281635284424,
    -2732.1692571640015,
    -3583.3818225860596,
    -2724.778465270996,
    -15.285704561130842,
    -2695.358765602112,
    -6507.514575958252,
    -3920.9432315826416,
    -4722.283544540405,
    -2470.3142528533936,
    -3504.6834468841553,
    -4721.528675079346,
    -4738.673320770264,
    -2456.1293182373047,
    -3906.475200653076,
    -3497.8144998550415,
    -4717.035903930664,
    -3898.088846206665,
    -3518.7338333129883,
    -6458.410339355469,
    -3897.2971725463867,
    -3889.7920989990234,
    -4709.946544647217,
    -18.353260129864793,
    -2462.2822675704956,
    -4719.827138900757,
    -4692.37598991394,
    -4712.533895492554,
    -2668.436201095581,
    -2474.469295501709,
    -3496.5377264022827
  ],
  "epsilon_log": []
}