{
  "violation_rate": [
    0.00072,
    0.00104
  ],
  "cbf_violation_rate": [
    0.00072,
    0.00104
  ],
  "cumulative_reward": [
    -39.78726051368612,
    2.3061768680059433
  ],
  "tracking_rmse": {
    "pressure": [
      0.034927656959234485,
      0.0015281959746426125
    ],
    "enthalpy": [
      8.775943932272188,
      0.2595491750585751
    ],
    "power": [
      0.27068520113804556,
      0.01037580176051379
    ]
  },
  "control_cost": [
    1931.721318359375,
    74.30946925315413
  ],
  "min_barrier_value": [
    -0.04466632843017578,
    2.4493788323601464
  ],
  "online_time_ms": [
    0.0,
    0.0
  ],
  "per_constraint_type": {
    "pressure": {
      "violation_rate": 0.0,
      "violation_count": 0,
      "total_steps": 25000
    },
    "enthalpy": {
      "violation_rate": 0.00072,
      "violation_count": 18,
      "total_steps": 25000
    },
    "power": {
      "violation_rate": 0.0,
      "violation_count": 0,
      "total_steps": 25000
    }
  },
  "convergence_episode": 50,
  "n_training_episodes": 50,
  "reward_history": [
    -2778.839963912964,
    -2791.6749925613403,
    -4025.2916412353516,
    -18.673004309588578,
    -3683.425166130066,
    -6614.801208496094,
    -2594.429208755493,
    -3977.399724960327,
    -4833.095401763916,
    -4838.248497009277,
    -2552.5041913986206,
    -16.125464682641905,
    -4831.432844161987,
    -3983.342372894287,
    -2772.268621444702,
    -2543.3655138015747,
    -17.150802414573263,
    -2759.8179121017456,
    -3957.0647773742676,
    -3568.5292205810547,
    -2734.6578702926636,
    -3594.6589031219482,
    -2722.17774105072,
    -2684.4980001449585,
    -6496.648866653442,
    -3539.5494985580444,
    -3538.5609102249146,
    -2669.758867263794,
    -6484.225101470947,
    -4730.67084312439,
    -3906.365072250366,
    -6462.9080600738525,
    -6476.905061721802,
    -2660.7047729492188,
    -3887.6239624023438,
    -2476.487452507019,
    -3499.025806903839,
    -6464.155523300171,
    -13.243871051294263,
    -14.448806126310956,
    -4695.334928512573,
    -2663.8869400024414,
    -3506.662178039551,
    -3505.8713092803955,
    -15.765690279600676,
    -2484.4879302978516,
    -2466.558777809143,
    -4695.968500137329,
    -4696.484279632568,
    -2457.377865791321
  ],
  "epsilon_log": []
}