{
  "violation_rate": [
    0.99524,
    0.0025263412279421028
  ],
  "cbf_violation_rate": [
    0.99524,
    0.0025263412279421028
  ],
  "cumulative_reward": [
    -16151.135120162964,
    14.34963873219895
  ],
  "tracking_rmse": {
    "pressure": [
      5.488778480081723,
      0.0015399185941981175
    ],
    "enthalpy": [
      45.93484164940372,
      0.2820281057629554
    ],
    "power": [
      0.20681241392006716,
      0.00799258683066064
    ]
  },
  "control_cost": [
    1944.0777099609375,
    74.9367070006289
  ],
  "min_barrier_value": [
    -37.029169921875,
    1.2630487837865207
  ],
  "online_time_ms": [
    10.169118123211083,
    3.268536786834458
  ],
  "per_constraint_type": {
    "pressure": {
      "violation_rate": 0.0,
      "violation_count": 0,
      "total_steps": 25000
    },
    "enthalpy": {
      "violation_rate": 0.99524,
      "violation_count": 24881,
      "total_steps": 25000
    },
    "power": {
      "violation_rate": 0.0,
      "violation_count": 0,
      "total_steps": 25000
    }
  },
  "convergence_episode": 50,
  "n_training_episodes": 50,
  "reward_history": [
    -2778.8399934768677,
    -2791.6749925613403,
    -4025.131757736206,
    -6581.5682582855225,
    -3683.260676383972,
    -6614.275552749634,
    -2593.7288570404053,
    -3976.720458984375,
    -4831.985927581787,
    -4836.996213912964,
    -2554.699903488159,
    -6560.618783950806,
    -4828.265703201294,
    -3979.735164642334,
    -2765.909363746643,
    -2539.2440662384033,
    -6535.3253536224365,
    -2750.451784133911,
    -3949.394821166992,
    -3554.3181171417236,
    -2722.463849067688,
    -3581.5343856811523,
    -2712.6896390914917,
    -2678.2052097320557,
    -6494.239519119263,
    -3540.743821144104,
    -3538.3810606002808,
    -2669.056318283081,
    -6484.247873306274,
    -4731.845022201538,
    -3908.4468784332275,
    -6465.394950866699,
    -6479.978151321411,
    -2664.5257844924927,
    -3891.47633934021,
    -2480.7753400802612,
    -3503.881429672241,
    -6468.048822402954,
    -6474.564033508301,
    -6480.130599975586,
    -4698.153602600098,
    -2665.8200855255127,
    -3508.4420852661133,
    -3507.2319889068604,
    -6481.066854476929,
    -2485.7535858154297,
    -2467.4197750091553,
    -4695.843780517578,
    -4696.220151901245,
    -2457.621774673462
  ],
  "epsilon_log": []
}