{
  "violation_rate": [
    0.0,
    0.0
  ],
  "cbf_violation_rate": [
    0.0,
    0.0
  ],
  "cumulative_reward": [
    -39.989816637613366,
    2.184087731323141
  ],
  "tracking_rmse": {
    "pressure": [
      0.03455116758960567,
      0.001336489632240541
    ],
    "enthalpy": [
      8.801307685104565,
      0.24862247134257653
    ],
    "power": [
      0.2705402002993941,
      0.008846129730746846
    ]
  },
  "control_cost": [
    1931.146689453125,
    67.93532821974736
  ],
  "min_barrier_value": [
    0.8446758270263672,
    0.5974341980541281
  ],
  "online_time_ms": [
    9.830301539449719,
    1.740851080742797
  ],
  "per_constraint_type": {
    "pressure": {
      "violation_rate": 0.0,
      "violation_count": 0,
      "total_steps": 25000
    },
    "enthalpy": {
      "violation_rate": 0.0,
      "violation_count": 0,
      "total_steps": 25000
    },
    "power": {
      "violation_rate": 0.0,
      "violation_count": 0,
      "total_steps": 25000
    }
  },
  "convergence_episode": 50,
  "n_training_episodes": 50,
  "reward_history": [
    -2801.1055154800415,
    -6596.517183303833,
    -4035.102025985718,
    -3674.169403076172,
    -21.68861849437235,
    -4839.478404998779,
    -2796.5481510162354,
    -17.816722291056067,
    -4837.548866271973,
    -2795.542314529419,
    -3986.9622192382812,
    -3637.9613647460938,
    -6583.825469970703,
    -4831.141162872314,
    -4833.734792709351,
    -3954.9537296295166,
    -3614.252508163452,
    -14.506936187448446,
    -2529.616569519043,
    -3938.2623252868652,
    -2732.1347036361694,
    -3583.328104019165,
    -2724.731116294861,
    -15.287727794493549,
    -2695.3104181289673,
    -6507.466421127319,
    -3920.880262374878,
    -4722.227491378784,
    -2470.2628087997437,
    -3504.6192741394043,
    -4721.4707317352295,
    -4738.614145278931,
    -2456.051323890686,
    -3906.418170928955,
    -3497.727162361145,
    -4716.968650817871,
    -3898.042058944702,
    -3518.5677423477173,
    -6458.09513092041,
    -3897.2668056488037,
    -3889.7683753967285,
    -4707.788396835327,
    -18.353164522559382,
    -2462.326771736145,
    -4717.5865478515625,
    -4690.506500244141,
    -4711.012678146362,
    -2667.838758468628,
    -2474.8175287246704,
    -3496.775534629822
  ],
  "epsilon_log": []
}