{
  "violation_rate": [
    0.99824,
    0.0015818975946628165
  ],
  "cbf_violation_rate": [
    0.99824,
    0.0015818975946628165
  ],
  "cumulative_reward": [
    -6157.117018241883,
    16.581872105957093
  ],
  "tracking_rmse": {
    "pressure": [
      2.7309444016630158,
      0.0016125644302345192
    ],
    "enthalpy": [
      51.05660574658513,
      0.3260825299052434
    ],
    "power": [
      14.913723292428156,
      0.011260016588378581
    ]
  },
  "control_cost": [
    1948.29521484375,
    75.05064332657001
  ],
  "min_barrier_value": [
    -45.1294970703125,
    1.4792292465090595
  ],
  "online_time_ms": [
    9.569901145835756,
    1.7281622261964913
  ],
  "per_constraint_type": {
    "pressure": {
      "violation_rate": 0.0,
      "violation_count": 0,
      "total_steps": 25000
    },
    "enthalpy": {
      "violation_rate": 0.99824,
      "violation_count": 24956,
      "total_steps": 25000
    },
    "power": {
      "violation_rate": 0.0,
      "violation_count": 0,
      "total_steps": 25000
    }
  },
  "convergence_episode": 50,
  "n_training_episodes": 50,
  "reward_history": [
    -2778.8399934768677,
    -2791.6749925613403,
    -4025.131757736206,
    -2571.6524019241333,
    -3683.225730895996,
    -6614.240518569946,
    -2592.970865249634,
    -3976.182523727417,
    -4831.699375152588,
    -4836.519412994385,
    -2551.899245262146,
    -2525.48494720459,
    -4828.079595565796,
    -3980.2387294769287,
    -2766.6318492889404,
    -2539.495837211609,
    -2503.6733026504517,
    -2751.5933151245117,
    -3950.927988052368,
    -3556.818012237549,
    -2723.4350175857544,
    -3581.6605615615845,
    -2708.3910808563232,
    -2669.7259378433228,
    -6486.94649887085,
    -3534.0196714401245,
    -3534.933042526245,
    -2667.0845670700073,
    -6481.965070724487,
    -4729.257844924927,
    -3905.516839981079,
    -6461.637228012085,
    -6475.851203918457,
    -2660.0073261260986,
    -3887.666187286377,
    -2477.093138694763,
    -3498.6685099601746,
    -6463.515422821045,
    -2471.9090671539307,
    -2472.110997200012,
    -4694.677680969238,
    -2662.6837425231934,
    -3505.309006690979,
    -3504.3917093276978,
    -2484.682289123535,
    -2483.8245401382446,
    -2465.752470970154,
    -4694.369823455811,
    -4694.863883972168,
    -2456.33775138855
  ],
  "epsilon_log": []
}