{
  "violation_rate": [
    0.99808,
    0.0021525798475317956
  ],
  "cbf_violation_rate": [
    0.99808,
    0.0021525798475317956
  ],
  "cumulative_reward": [
    -6164.127042388916,
    18.225136410682005
  ],
  "tracking_rmse": {
    "pressure": [
      2.731107049671644,
      0.001539084986910811
    ],
    "enthalpy": [
      51.17417202039408,
      0.3635368883984725
    ],
    "power": [
      14.91682426836113,
      0.01135017857425518
    ]
  },
  "control_cost": [
    1948.4673706054687,
    83.97669087005525
  ],
  "min_barrier_value": [
    -45.01064453125,
    1.5941779343777975
  ],
  "online_time_ms": [
    9.51630062777549,
    1.7179387121100698
  ],
  "per_constraint_type": {
    "pressure": {
      "violation_rate": 0.0,
      "violation_count": 0,
      "total_steps": 25000
    },
    "enthalpy": {
      "violation_rate": 0.99808,
      "violation_count": 24952,
      "total_steps": 25000
    },
    "power": {
      "violation_rate": 0.0,
      "violation_count": 0,
      "total_steps": 25000
    }
  },
  "convergence_episode": 50,
  "n_training_episodes": 50,
  "reward_history": [
    -2597.9240713119507,
    -2598.781187057495,
    -4856.517807006836,
    -2799.6844425201416,
    -6606.728061676025,
    -6593.838413238525,
    -3658.5327739715576,
    -3994.827465057373,
    -4849.411073684692,
    -2552.4001541137695,
    -3968.200429916382,
    -4830.414304733276,
    -3622.5468215942383,
    -2510.914299964905,
    -2525.4749755859375,
    -6560.561506271362,
    -2520.7974853515625,
    -2487.2893829345703,
    -2511.4857263565063,
    -2729.070219039917,
    -2728.0120067596436,
    -2729.12283039093,
    -3553.07430267334,
    -3905.6465282440186,
    -4736.27947807312,
    -4743.1571979522705,
    -2696.9163694381714,
    -2484.012152671814,
    -4732.47261428833,
    -2471.1699781417847,
    -2486.0105266571045,
    -2671.2524518966675,
    -2677.769783973694,
    -2483.1507692337036,
    -2464.1194982528687,
    -3903.289108276367,
    -6474.673101425171,
    -4729.652305603027,
    -2472.1768140792847,
    -4712.801712036133,
    -4704.3143310546875,
    -6477.70619392395,
    -2641.815026283264,
    -2453.0273513793945,
    -4723.269889831543,
    -6457.881048202515,
    -3915.41615486145,
    -3897.765329360962,
    -4709.222993850708,
    -4683.755603790283
  ],
  "epsilon_log": []
}