{
  "violation_rate": [
    0.0,
    0.0
  ],
  "cbf_violation_rate": [
    0.0,
    0.0
  ],
  "cumulative_reward": [
    -39.5132826176161,
    2.543087865352598
  ],
  "tracking_rmse": {
    "pressure": [
      0.02453256345924647,
      0.0012316471412402137
    ],
    "enthalpy": [
      8.782051349518618,
      0.2876839685070727
    ],
    "power": [
      0.27248812916103715,
      0.00832269558809259
    ]
  },
  "control_cost": [
    1710.5604296875,
    68.43932833552101
  ],
  "min_barrier_value": [
    0.7605488967895507,
    0.6487050137664573
  ],
  "online_time_ms": [
    15.200140736373141,
    3.340390271333563
  ],
  "per_constraint_type": {
    "pressure": {
      "violation_rate": 0.0,
      "violation_count": 0,
      "total_steps": 25000
    },
    "enthalpy": {
      "violation_rate": 0.0,
      "violation_count": 0,
      "total_steps": 25000
    },
    "power": {
      "violation_rate": 0.0,
      "violation_count": 0,
      "total_steps": 25000
    }
  },
  "convergence_episode": 50,
  "n_training_episodes": 50,
  "reward_history": [
    -18.470367036643438,
    -18.94371994782705,
    -21.488475220350665,
    -18.351186230429448,
    -17.941616400086787,
    -20.609384955532732,
    -15.669526492420118,
    -17.8054770847084,
    -15.288786775694462,
    -17.7373999049305,
    -17.69625751247804,
    -15.113634807843482,
    -17.17273715553165,
    -15.445662229089066,
    -18.495108726623585,
    -14.832865376782138,
    -18.021599189174594,
    -15.507711377707892,
    -15.748017659978359,
    -16.028444098687032,
    -17.67066299325961,
    -15.183293460242567,
    -15.536208216959494,
    -16.330675034754677,
    -16.086222930869553,
    -13.264709227194544,
    -14.881990381749347,
    -14.923843848086108,
    -15.405364314079634,
    -17.5661165509664,
    -14.370171325317642,
    -16.436679242309765,
    -14.062136404128978,
    -15.483360122118029,
    -15.28467399906367,
    -14.095789627259364,
    -15.411868377676,
    -15.979111744876718,
    -14.742935498885345,
    -16.627098925710015,
    -16.027481368684676,
    -16.684249997488223,
    -18.084834131164826,
    -13.061663113010582,
    -16.749410819087643,
    -15.78380087732512,
    -14.503452931094216,
    -15.824586312810425,
    -15.298898298322456,
    -16.174985767691396
  ],
  "epsilon_log": []
}