{
  "violation_rate": [
    0.0020800000000000003,
    0.0006881860213634101
  ],
  "cbf_violation_rate": [
    0.0020800000000000003,
    0.0006881860213634101
  ],
  "cumulative_reward": [
    -15483.691792869568,
    7.3278209988374865
  ],
  "tracking_rmse": {
    "pressure": [
      5.488362863614996,
      0.0013355946604230754
    ],
    "enthalpy": [
      27.96172712757795,
      0.007184461015735836
    ],
    "power": [
      0.20662650574101832,
      0.006214310327193064
    ]
  },
  "control_cost": [
    4776.416943359375,
    64.32763524758326
  ],
  "min_barrier_value": [
    -0.000234375,
    4.7841596538733956e-05
  ],
  "online_time_ms": [
    10.055846924704966,
    1.7473994921859035
  ],
  "per_constraint_type": {
    "pressure": {
      "violation_rate": 0.0,
      "violation_count": 0,
      "total_steps": 25000
    },
    "enthalpy": {
      "violation_rate": 0.00208,
      "violation_count": 52,
      "total_steps": 25000
    },
    "power": {
      "violation_rate": 0.0,
      "violation_count": 0,
      "total_steps": 25000
    }
  },
  "convergence_episode": 50,
  "n_training_episodes": 50,
  "reward_history": [
    -6606.3897342681885,
    -6611.14782333374,
    -6581.385213851929,
    -6607.498498916626,
    -6603.7475509643555,
    -6608.27522277832,
    -6595.444589614868,
    -6595.290246963501,
    -6608.292032241821,
    -6593.995386123657,
    -6570.993871688843,
    -6552.617338180542,
    -6558.140586853027,
    -6534.163709640503,
    -6529.180322647095,
    -6541.523849487305,
    -6515.5671463012695,
    -6533.951211929321,
    -6516.056304931641,
    -6498.110809326172,
    -6499.942949295044,
    -6491.304262161255,
    -6504.56827545166,
    -6495.171051025391,
    -6491.485610961914,
    -6470.369003295898,
    -6466.621036529541,
    -6459.72043800354,
    -6465.667348861694,
    -6469.59832572937,
    -6479.226049423218,
    -6468.902082443237,
    -6464.244598388672,
    -6470.170337677002,
    -6461.2477016448975,
    -6441.471269607544,
    -6450.095008850098,
    -6464.676258087158,
    -6461.359638214111,
    -6465.929485321045,
    -6460.652820587158,
    -6470.9169845581055,
    -6456.580335617065,
    -6478.647708892822,
    -6450.899925231934,
    -6455.167236328125,
    -6439.6361656188965,
    -6434.960971832275,
    -6454.015329360962,
    -6449.822639465332
  ],
  "epsilon_log": []
}