{
  "violation_rate": [
    0.9954399999999999,
    0.0031251239975399405
  ],
  "cbf_violation_rate": [
    0.9954399999999999,
    0.0031251239975399405
  ],
  "cumulative_reward": [
    -8788.09611076355,
    18.041987521665476
  ],
  "tracking_rmse": {
    "pressure": [
      3.9001670783539497,
      0.00231081664090881
    ],
    "enthalpy": [
      48.25696266301066,
      0.3162289137786509
    ],
    "power": [
      0.22726885011896006,
      0.007369194321488476
    ]
  },
  "control_cost": [
    1933.55796875,
    75.43226343176933
  ],
  "min_barrier_value": [
    -42.162880859375,
    2.4247263460800026
  ],
  "online_time_ms": [
    0.0,
    0.0
  ],
  "per_constraint_type": {
    "pressure": {
      "violation_rate": 0.0,
      "violation_count": 0,
      "total_steps": 25000
    },
    "enthalpy": {
      "violation_rate": 0.99544,
      "violation_count": 24886,
      "total_steps": 25000
    },
    "power": {
      "violation_rate": 0.0,
      "violation_count": 0,
      "total_steps": 25000
    }
  },
  "convergence_episode": 50,
  "n_training_episodes": 50,
  "reward_history": [
    -4013.5882091522217,
    -2809.9935235977173,
    -6599.276300430298,
    -3657.652015686035,
    -6598.31729888916,
    -4010.1851234436035,
    -3674.78315448761,
    -2784.696886062622,
    -4820.605018615723,
    -6571.407880783081,
    -4835.164056777954,
    -2758.061454772949,
    -4834.921104431152,
    -3967.05086517334,
    -4819.707008361816,
    -4811.988027572632,
    -3937.2997817993164,
    -2760.402545928955,
    -6547.292453765869,
    -3621.4934520721436,
    -3907.5079345703125,
    -3571.255973815918,
    -3567.719910621643,
    -2712.8774585723877,
    -4739.619062423706,
    -2476.803234100342,
    -3563.2416286468506,
    -3543.6173791885376,
    -2488.992790222168,
    -2654.321545600891,
    -6469.425775527954,
    -2642.5360021591187,
    -3518.566791534424,
    -4704.062799453735,
    -4699.054155349731,
    -2655.1963901519775,
    -4728.161827087402,
    -2457.2862758636475,
    -3883.8635120391846,
    -3495.2010173797607,
    -3509.1956930160522,
    -3912.6299629211426,
    -3899.6148262023926,
    -2467.6925563812256,
    -2462.799997329712,
    -3502.5877056121826,
    -6465.856582641602,
    -3528.754201889038,
    -6453.286603927612,
    -2473.31125164032
  ],
  "epsilon_log": []
}