{
  "violation_rate": [
    0.0058000000000000005,
    0.0022
  ],
  "cbf_violation_rate": [
    0.0058000000000000005,
    0.0022
  ],
  "cumulative_reward": [
    -7909.660573673248,
    2.2645577403245767
  ],
  "tracking_rmse": {
    "pressure": [
      3.9397243582677923,
      0.0002652771680854261
    ],
    "enthalpy": [
      16.253299535794703,
      0.13110524542792573
    ],
    "power": [
      0.22748787211685823,
      0.007117140070219384
    ]
  },
  "control_cost": [
    7642.161767578125,
    46.799790438897084
  ],
  "min_barrier_value": [
    -22.7542578125,
    4.992959466783814
  ],
  "online_time_ms": [
    10.18179367679346,
    1.859571143318673
  ],
  "per_constraint_type": {
    "pressure": {
      "violation_rate": 0.0,
      "violation_count": 0,
      "total_steps": 25000
    },
    "enthalpy": {
      "violation_rate": 0.0058,
      "violation_count": 145,
      "total_steps": 25000
    },
    "power": {
      "violation_rate": 0.0,
      "violation_count": 0,
      "total_steps": 25000
    }
  },
  "convergence_episode": 50,
  "n_training_episodes": 50,
  "reward_history": [
    -3666.306858062744,
    -3670.696056365967,
    -3691.0237045288086,
    -3660.5671129226685,
    -3665.692458152771,
    -3685.255193710327,
    -3646.155252456665,
    -3667.5563383102417,
    -3645.804072380066,
    -3659.056897163391,
    -3672.1077709198,
    -3615.9623107910156,
    -3617.099920272827,
    -3593.069296836853,
    -3595.414176940918,
    -3560.8488759994507,
    -3573.1256103515625,
    -3571.758352279663,
    -3571.519295692444,
    -3566.613362312317,
    -3549.5437240600586,
    -3553.230796813965,
    -3538.8807611465454,
    -3522.618815422058,
    -3519.124384880066,
    -3527.4525299072266,
    -3518.714994430542,
    -3530.52908039093,
    -3540.4027786254883,
    -3534.4161901474,
    -3505.2767963409424,
    -3509.682849884033,
    -3471.3366117477417,
    -3506.3810091018677,
    -3526.875792503357,
    -3485.728317260742,
    -3524.5052576065063,
    -3519.6180028915405,
    -3515.9744272232056,
    -3507.6675214767456,
    -3507.10546875,
    -3508.619115829468,
    -3512.843837738037,
    -3503.0927152633667,
    -3501.4446725845337,
    -3511.4949016571045,
    -3490.2757892608643,
    -3471.0567693710327,
    -3480.461618423462,
    -3488.5921936035156
  ],
  "epsilon_log": []
}