{
  "violation_rate": [
    0.99524,
    0.0025263412279421028
  ],
  "cbf_violation_rate": [
    0.99524,
    0.0025263412279421028
  ],
  "cumulative_reward": [
    -16150.978673171998,
    14.423500680096923
  ],
  "tracking_rmse": {
    "pressure": [
      5.488737786083104,
      0.0015399687414838843
    ],
    "enthalpy": [
      45.936299487656434,
      0.2828918713872127
    ],
    "power": [
      0.20680086062449782,
      0.007992096818148511
    ]
  },
  "control_cost": [
    1945.7498168945312,
    74.82682876716079
  ],
  "min_barrier_value": [
    -37.675341796875,
    2.424413869260514
  ],
  "online_time_ms": [
    0.0,
    0.0
  ],
  "per_constraint_type": {
    "pressure": {
      "violation_rate": 0.0,
      "violation_count": 0,
      "total_steps": 25000
    },
    "enthalpy": {
      "violation_rate": 0.99524,
      "violation_count": 24881,
      "total_steps": 25000
    },
    "power": {
      "violation_rate": 0.0,
      "violation_count": 0,
      "total_steps": 25000
    }
  },
  "convergence_episode": 50,
  "n_training_episodes": 50,
  "reward_history": [
    -2778.839963912964,
    -2791.6749925613403,
    -4025.2916412353516,
    -6581.568475723267,
    -3683.260718345642,
    -6614.276351928711,
    -2593.9156198501587,
    -3976.7051963806152,
    -4831.979076385498,
    -4836.985729217529,
    -2552.3232221603394,
    -6560.624919891357,
    -4828.281419754028,
    -3979.7498054504395,
    -2765.906222343445,
    -2539.0846824645996,
    -6535.293087005615,
    -2750.416856765747,
    -3949.4010314941406,
    -3554.1822452545166,
    -2722.136414527893,
    -3581.298013687134,
    -2711.94552898407,
    -2676.291926383972,
    -6491.377490997314,
    -3537.308844566345,
    -3538.2995109558105,
    -2670.5462560653687,
    -6485.731363296509,
    -4733.503204345703,
    -3909.771089553833,
    -6466.394973754883,
    -6480.78111076355,
    -2665.2485675811768,
    -3892.0578899383545,
    -2481.4091634750366,
    -3504.2761816978455,
    -6468.217723846436,
    -6474.670198440552,
    -6480.178142547607,
    -4698.220859527588,
    -2665.814374923706,
    -3508.41899394989,
    -3507.180055618286,
    -6480.988790512085,
    -2485.7491064071655,
    -2467.398036003113,
    -4695.764822006226,
    -4696.135959625244,
    -2457.569167137146
  ],
  "epsilon_log": []
}