{
  "violation_rate": [
    0.99488,
    0.0030766215236847087
  ],
  "cbf_violation_rate": [
    0.99488,
    0.0030766215236847087
  ],
  "cumulative_reward": [
    -16156.04224018097,
    14.595157678496154
  ],
  "tracking_rmse": {
    "pressure": [
      5.489504514006328,
      0.001573659670033547
    ],
    "enthalpy": [
      45.95668176454451,
      0.2472984944182813
    ],
    "power": [
      0.20860552532846832,
      0.006747356041126907
    ]
  },
  "control_cost": [
    1940.90111328125,
    75.25231665073727
  ],
  "min_barrier_value": [
    -37.9601416015625,
    2.348429787755753
  ],
  "online_time_ms": [
    9.752333089326276,
    1.7603171652580967
  ],
  "per_constraint_type": {
    "pressure": {
      "violation_rate": 0.0,
      "violation_count": 0,
      "total_steps": 25000
    },
    "enthalpy": {
      "violation_rate": 0.99488,
      "violation_count": 24872,
      "total_steps": 25000
    },
    "power": {
      "violation_rate": 0.0,
      "violation_count": 0,
      "total_steps": 25000
    }
  },
  "convergence_episode": 50,
  "n_training_episodes": 50,
  "reward_history": [
    -4013.5882320404053,
    -2809.9935235977173,
    -6599.276388168335,
    -3657.6519889831543,
    -6598.317276000977,
    -4010.547950744629,
    -6605.460636138916,
    -2784.506344795227,
    -4820.235029220581,
    -6570.899024963379,
    -4834.679849624634,
    -2757.5863456726074,
    -4834.574396133423,
    -3966.9912300109863,
    -4819.6852951049805,
    -4812.18603515625,
    -3937.723249435425,
    -2761.10719871521,
    -6548.163402557373,
    -6556.835668563843,
    -3908.129405975342,
    -3571.0809364318848,
    -3567.1881074905396,
    -2712.3449897766113,
    -4739.255136489868,
    -2477.126001358032,
    -6512.5538539886475,
    -6493.129266738892,
    -2488.441120147705,
    -2651.8713207244873,
    -6466.596517562866,
    -2639.5467042922974,
    -6470.6789836883545,
    -4701.201026916504,
    -4696.099826812744,
    -2652.052896499634,
    -4725.268810272217,
    -2455.379011154175,
    -3882.009838104248,
    -3492.271372795105,
    -6463.767511367798,
    -3911.1298503875732,
    -3898.2019538879395,
    -2466.3920917510986,
    -2461.609245300293,
    -3500.500126838684,
    -6464.196283340454,
    -6476.696828842163,
    -6451.8711223602295,
    -2472.518856048584
  ],
  "epsilon_log": []
}