{
  "violation_rate": [
    0.00068,
    0.0010283968105745955
  ],
  "cbf_violation_rate": [
    0.00068,
    0.0010283968105745955
  ],
  "cumulative_reward": [
    -39.73722911744926,
    2.291641499860808
  ],
  "tracking_rmse": {
    "pressure": [
      0.03487854509325555,
      0.0015281288650742188
    ],
    "enthalpy": [
      8.770495759391672,
      0.2577804864735758
    ],
    "power": [
      0.27072620298919853,
      0.010377717585110607
    ]
  },
  "control_cost": [
    1929.9317211914063,
    74.41840464476928
  ],
  "min_barrier_value": [
    0.7864250183105469,
    0.625287888697075
  ],
  "online_time_ms": [
    10.258710170010454,
    1.7934775307787028
  ],
  "per_constraint_type": {
    "pressure": {
      "violation_rate": 0.0,
      "violation_count": 0,
      "total_steps": 25000
    },
    "enthalpy": {
      "violation_rate": 0.00068,
      "violation_count": 17,
      "total_steps": 25000
    },
    "power": {
      "violation_rate": 0.0,
      "violation_count": 0,
      "total_steps": 25000
    }
  },
  "convergence_episode": 50,
  "n_training_episodes": 50,
  "reward_history": [
    -2778.8399934768677,
    -2791.6749925613403,
    -4025.131757736206,
    -18.671340179862455,
    -3683.423957824707,
    -6614.800062179565,
    -2594.242422103882,
    -3977.4133892059326,
    -4833.1029987335205,
    -4838.260219573975,
    -2555.024959564209,
    -16.196970958670136,
    -4831.417152404785,
    -3983.3277339935303,
    -2772.2806730270386,
    -2543.546938896179,
    -17.147023514844477,
    -2759.8650550842285,
    -3957.0551834106445,
    -3568.6646633148193,
    -2734.9958028793335,
    -3594.8995084762573,
    -2722.9833459854126,
    -2686.692045211792,
    -6500.680723190308,
    -3545.498846054077,
    -3539.6190690994263,
    -2668.430848121643,
    -6482.915477752686,
    -4729.271221160889,
    -3905.3317642211914,
    -6462.2076778411865,
    -6476.420864105225,
    -2660.3408784866333,
    -3887.3651943206787,
    -2476.2186708450317,
    -3499.001860141754,
    -6464.260438919067,
    -13.23962395923445,
    -14.446196727338247,
    -4695.4887981414795,
    -2664.0920333862305,
    -3506.8807888031006,
    -3506.1084451675415,
    -15.766677986190189,
    -2484.6384649276733,
    -2466.7127799987793,
    -4696.1759033203125,
    -4696.69482421875,
    -2457.5465717315674
  ],
  "epsilon_log": []
}