{
  "violation_rate": [
    0.99488,
    0.002804567702873299
  ],
  "cbf_violation_rate": [
    0.99488,
    0.002804567702873299
  ],
  "cumulative_reward": [
    -16154.247239227296,
    14.543637422030873
  ],
  "tracking_rmse": {
    "pressure": [
      5.4895139387128395,
      0.001169224011717814
    ],
    "enthalpy": [
      45.91382423617571,
      0.28580961185341774
    ],
    "power": [
      0.20671523539698314,
      0.006793369013571945
    ]
  },
  "control_cost": [
    1937.2484887695311,
    67.87667156696367
  ],
  "min_barrier_value": [
    -37.7870947265625,
    2.7183128121224365
  ],
  "online_time_ms": [
    0.0,
    0.0
  ],
  "per_constraint_type": {
    "pressure": {
      "violation_rate": 0.0,
      "violation_count": 0,
      "total_steps": 25000
    },
    "enthalpy": {
      "violation_rate": 0.99488,
      "violation_count": 24872,
      "total_steps": 25000
    },
    "power": {
      "violation_rate": 0.0,
      "violation_count": 0,
      "total_steps": 25000
    }
  },
  "convergence_episode": 50,
  "n_training_episodes": 50,
  "reward_history": [
    -2801.1055154800415,
    -6596.517160415649,
    -4035.1923484802246,
    -3674.1689853668213,
    -6602.725814819336,
    -4839.181936264038,
    -2795.640316963196,
    -6574.288736343384,
    -4835.23236656189,
    -2791.5194702148438,
    -3983.6023921966553,
    -3631.5687227249146,
    -6578.0527992248535,
    -4825.067644119263,
    -4827.504325866699,
    -3950.928535461426,
    -3607.353635787964,
    -6525.072864532471,
    -2524.1144580841064,
    -3932.325263977051,
    -2721.2968311309814,
    -3570.914638519287,
    -2714.3216886520386,
    -6485.687530517578,
    -2684.6580543518066,
    -6496.111143112183,
    -3915.0152854919434,
    -4712.143724441528,
    -2466.7628173828125,
    -3496.3651790618896,
    -4715.993579864502,
    -4734.744436264038,
    -2456.435034751892,
    -3906.9087295532227,
    -3497.430018424988,
    -4717.526693344116,
    -3899.5811309814453,
    -3520.2154874801636,
    -6459.191289901733,
    -3899.03045463562,
    -3891.511323928833,
    -4709.674629211426,
    -6445.43127822876,
    -2464.1014013290405,
    -4718.925714492798,
    -4691.594066619873,
    -4711.994709014893,
    -2668.4756078720093,
    -2475.5925064086914,
    -3497.213705062866
  ],
  "epsilon_log": []
}