{
  "violation_rate": [
    0.9978400000000001,
    0.0021105449533236685
  ],
  "cbf_violation_rate": [
    0.9978400000000001,
    0.0021105449533236685
  ],
  "cumulative_reward": [
    -6156.670177288055,
    17.28445476446385
  ],
  "tracking_rmse": {
    "pressure": [
      2.7314871332083324,
      0.0012256474200066049
    ],
    "enthalpy": [
      51.01420827035629,
      0.3299643329716798
    ],
    "power": [
      14.915058293741012,
      0.011080269481168165
    ]
  },
  "control_cost": [
    1947.7416796875,
    68.30142481541048
  ],
  "min_barrier_value": [
    -45.668896484375,
    2.4579137675769465
  ],
  "online_time_ms": [
    9.560663807026577,
    1.5697570591788557
  ],
  "per_constraint_type": {
    "pressure": {
      "violation_rate": 0.0,
      "violation_count": 0,
      "total_steps": 25000
    },
    "enthalpy": {
      "violation_rate": 0.99784,
      "violation_count": 24946,
      "total_steps": 25000
    },
    "power": {
      "violation_rate": 0.0,
      "violation_count": 0,
      "total_steps": 25000
    }
  },
  "convergence_episode": 50,
  "n_training_episodes": 50,
  "reward_history": [
    -2801.1055154800415,
    -6596.517183303833,
    -4035.102025985718,
    -3674.169403076172,
    -2599.649356842041,
    -4839.275182723999,
    -2795.925612449646,
    -2564.6101665496826,
    -4835.898515701294,
    -2792.6565446853638,
    -3981.711763381958,
    -3632.9173698425293,
    -6578.988342285156,
    -4825.545539855957,
    -4827.528928756714,
    -3950.1934185028076,
    -3606.03892326355,
    -2493.356605529785,
    -2517.950277328491,
    -3932.3378734588623,
    -2722.409291267395,
    -3572.1752405166626,
    -2715.010994911194,
    -2462.3310041427612,
    -2685.6913318634033,
    -6498.080362319946,
    -3915.790668487549,
    -4713.925222396851,
    -2466.931859970093,
    -3497.222230911255,
    -4716.241111755371,
    -4734.504190444946,
    -2455.3947620391846,
    -3905.56254196167,
    -3495.9165239334106,
    -4715.9887619018555,
    -3897.666467666626,
    -3518.17333984375,
    -6457.70588684082,
    -3896.7375812530518,
    -3889.144332885742,
    -4709.859895706177,
    -2444.758770942688,
    -2461.708956718445,
    -4718.432403564453,
    -4690.894151687622,
    -4711.036867141724,
    -2666.738534927368,
    -2473.5072317123413,
    -3494.8550548553467
  ],
  "epsilon_log": []
}