{
  "violation_rate": [
    0.99488,
    0.002804567702873299
  ],
  "cbf_violation_rate": [
    0.99488,
    0.002804567702873299
  ],
  "cumulative_reward": [
    -16154.244953308105,
    14.543438731977192
  ],
  "tracking_rmse": {
    "pressure": [
      5.489513692659854,
      0.0011692378906281804
    ],
    "enthalpy": [
      45.91380411619535,
      0.28581003467379845
    ],
    "power": [
      0.20671498627406695,
      0.006793308597657405
    ]
  },
  "control_cost": [
    1937.2521728515626,
    67.87671387524418
  ],
  "min_barrier_value": [
    -37.7870654296875,
    2.71830314326571
  ],
  "online_time_ms": [
    0.0,
    0.0
  ],
  "per_constraint_type": {
    "pressure": {
      "violation_rate": 0.0,
      "violation_count": 0,
      "total_steps": 25000
    },
    "enthalpy": {
      "violation_rate": 0.99488,
      "violation_count": 24872,
      "total_steps": 25000
    },
    "power": {
      "violation_rate": 0.0,
      "violation_count": 0,
      "total_steps": 25000
    }
  },
  "convergence_episode": 50,
  "n_training_episodes": 50,
  "reward_history": [
    -2801.1055154800415,
    -6596.517183303833,
    -4035.1933422088623,
    -3674.1689624786377,
    -6602.725734710693,
    -4839.1841831207275,
    -2795.641324043274,
    -6574.288757324219,
    -4835.233526229858,
    -2791.5216178894043,
    -3983.6031856536865,
    -3631.567618370056,
    -6578.05509185791,
    -4825.067367553711,
    -4827.504680633545,
    -3950.9286403656006,
    -3607.356191635132,
    -6525.073541641235,
    -2524.114832878113,
    -3932.325765609741,
    -2721.2960119247437,
    -3570.914337158203,
    -2714.3211336135864,
    -6485.688850402832,
    -2684.656841278076,
    -6496.1099491119385,
    -3915.0142097473145,
    -4712.1432247161865,
    -2466.761040687561,
    -3496.359592437744,
    -4715.991571426392,
    -4734.742809295654,
    -2456.43292427063,
    -3906.907030105591,
    -3497.4312992095947,
    -4717.524728775024,
    -3899.5794792175293,
    -3520.2125177383423,
    -6459.192644119263,
    -3899.028367996216,
    -3891.509162902832,
    -4709.671346664429,
    -6445.431350708008,
    -2464.1007223129272,
    -4718.922958374023,
    -4691.59375,
    -4711.9947147369385,
    -2668.4739627838135,
    -2475.5920000076294,
    -3497.2121963500977
  ],
  "epsilon_log": []
}