{
  "violation_rate": [
    0.99808,
    0.0021525798475317956
  ],
  "cbf_violation_rate": [
    0.99808,
    0.0021525798475317956
  ],
  "cumulative_reward": [
    -6164.230156726837,
    18.270889270204027
  ],
  "tracking_rmse": {
    "pressure": [
      2.7311110621600028,
      0.001539192976898145
    ],
    "enthalpy": [
      51.1760229121817,
      0.3643860107042797
    ],
    "power": [
      14.916804844546569,
      0.011349813376623653
    ]
  },
  "control_cost": [
    1949.11744140625,
    83.99733628708617
  ],
  "min_barrier_value": [
    -45.6913134765625,
    2.644748338673217
  ],
  "online_time_ms": [
    0.0,
    0.0
  ],
  "per_constraint_type": {
    "pressure": {
      "violation_rate": 0.0,
      "violation_count": 0,
      "total_steps": 25000
    },
    "enthalpy": {
      "violation_rate": 0.99808,
      "violation_count": 24952,
      "total_steps": 25000
    },
    "power": {
      "violation_rate": 0.0,
      "violation_count": 0,
      "total_steps": 25000
    }
  },
  "convergence_episode": 50,
  "n_training_episodes": 50,
  "reward_history": [
    -2597.924048423767,
    -2598.781174659729,
    -4856.517780303955,
    -2799.6844425201416,
    -6606.7281494140625,
    -6593.838396072388,
    -3658.5327224731445,
    -3994.6423320770264,
    -4849.404996871948,
    -2553.0811433792114,
    -3968.2115421295166,
    -4830.41096496582,
    -3622.548104286194,
    -2510.9547901153564,
    -2525.5111770629883,
    -6560.6419315338135,
    -2520.819458961487,
    -2487.305739402771,
    -2511.5053205490112,
    -2730.4293327331543,
    -2730.353786468506,
    -2732.4273834228516,
    -3554.1214866638184,
    -3905.358283996582,
    -4735.9366092681885,
    -4742.809883117676,
    -2696.6150999069214,
    -2483.788863182068,
    -4732.287029266357,
    -2471.0671434402466,
    -2485.9498319625854,
    -2671.203664779663,
    -2677.7463188171387,
    -2483.160333633423,
    -2464.1343097686768,
    -3903.3152713775635,
    -6474.687826156616,
    -4729.657409667969,
    -2472.175117492676,
    -4712.801759719849,
    -4704.311080932617,
    -6477.710376739502,
    -2641.816924095154,
    -2453.012385368347,
    -4723.263236999512,
    -6457.87872505188,
    -3915.405828475952,
    -3897.758071899414,
    -4709.218770980835,
    -4683.754943847656
  ],
  "epsilon_log": []
}