{
  "violation_rate": [
    0.00028000000000000003,
    0.0008009993757800315
  ],
  "cbf_violation_rate": [
    0.00028000000000000003,
    0.0008009993757800315
  ],
  "cumulative_reward": [
    -10852.972605667113,
    6.153861853970636
  ],
  "tracking_rmse": {
    "pressure": [
      4.569439217667988,
      0.0013487945030727557
    ],
    "enthalpy": [
      27.943986636620934,
      0.003175972368017331
    ],
    "power": [
      0.22439217260815736,
      0.0063542148230800455
    ]
  },
  "control_cost": [
    6549.182431640625,
    64.37608911736575
  ],
  "min_barrier_value": [
    -2.9296875e-05,
    7.933631254527304e-05
  ],
  "online_time_ms": [
    12.214644223991781,
    3.2046153817898464
  ],
  "per_constraint_type": {
    "pressure": {
      "violation_rate": 0.0,
      "violation_count": 0,
      "total_steps": 25000
    },
    "enthalpy": {
      "violation_rate": 0.00028,
      "violation_count": 7,
      "total_steps": 25000
    },
    "power": {
      "violation_rate": 0.0,
      "violation_count": 0,
      "total_steps": 25000
    }
  },
  "convergence_episode": 50,
  "n_training_episodes": 50,
  "reward_history": [
    -4847.825424194336,
    -4853.422595977783,
    -4824.299098968506,
    -4851.108627319336,
    -4848.789770126343,
    -4855.195072174072,
    -4839.863229751587,
    -4839.02056312561,
    -4853.851816177368,
    -4838.649168014526,
    -4817.131906509399,
    -4805.175073623657,
    -4802.826866149902,
    -4775.168083190918,
    -4770.516990661621,
    -4780.222505569458,
    -4754.242593765259,
    -4775.647514343262,
    -4758.927734375,
    -4739.486177444458,
    -4742.596221923828,
    -4734.581670761108,
    -4744.802089691162,
    -4738.662557601929,
    -4734.205654144287,
    -4711.738134384155,
    -4709.045822143555,
    -4702.868730545044,
    -4708.049774169922,
    -4715.269906997681,
    -4724.435386657715,
    -4717.036298751831,
    -4710.122097015381,
    -4716.324136734009,
    -4706.641052246094,
    -4686.17453956604,
    -4694.094276428223,
    -4711.408229827881,
    -4707.946701049805,
    -4710.458215713501,
    -4709.304275512695,
    -4715.622097015381,
    -4705.934141159058,
    -4728.384294509888,
    -4698.585075378418,
    -4701.249631881714,
    -4683.374853134155,
    -4682.486577987671,
    -4701.439739227295,
    -4695.939390182495
  ],
  "epsilon_log": []
}