{
  "violation_rate": [
    0.0,
    0.0
  ],
  "cbf_violation_rate": [
    0.0,
    0.0
  ],
  "cumulative_reward": [
    -39.72605643591902,
    2.961624663672753
  ],
  "tracking_rmse": {
    "pressure": [
      0.024408200013148983,
      0.0012286146825915762
    ],
    "enthalpy": [
      8.806834652473304,
      0.33852923989458555
    ],
    "power": [
      0.27176794442302343,
      0.008851348371389524
    ]
  },
  "control_cost": [
    1707.2259814453125,
    63.188314468149045
  ],
  "min_barrier_value": [
    0.7080490875244141,
    0.613755690427497
  ],
  "online_time_ms": [
    9.976028249259107,
    5.08120212165703
  ],
  "per_constraint_type": {
    "pressure": {
      "violation_rate": 0.0,
      "violation_count": 0,
      "total_steps": 25000
    },
    "enthalpy": {
      "violation_rate": 0.0,
      "violation_count": 0,
      "total_steps": 25000
    },
    "power": {
      "violation_rate": 0.0,
      "violation_count": 0,
      "total_steps": 25000
    }
  },
  "convergence_episode": 50,
  "n_training_episodes": 50,
  "reward_history": [
    -20.057257749998826,
    -18.839921178674558,
    -18.91480143251829,
    -22.25767329550581,
    -21.614311611338053,
    -21.48174226214178,
    -18.59213672473561,
    -14.726150083093671,
    -18.824149469088297,
    -15.917257544249878,
    -17.34953630392556,
    -18.527200170625292,
    -15.07602191233309,
    -14.048884006551816,
    -14.372581177216489,
    -17.224836820241762,
    -15.296759351564106,
    -17.13720597595966,
    -13.910029201753787,
    -19.605202954771812,
    -15.523598100422532,
    -16.060819431084383,
    -15.261368314328138,
    -13.38690388428222,
    -16.184099055521074,
    -15.06378446839517,
    -14.514866355202685,
    -16.2764133241144,
    -14.61312351890956,
    -17.63156860214076,
    -15.551102899684338,
    -16.095445231294434,
    -15.698058673064224,
    -16.996576595462102,
    -15.13601286582707,
    -15.434746196726337,
    -15.49145686312113,
    -14.517900232720422,
    -14.968818294408266,
    -14.444370756973512,
    -15.444068172815605,
    -14.42867432712228,
    -17.553919614176266,
    -18.81909635568445,
    -13.735166901547927,
    -14.043424765055533,
    -17.405062248260947,
    -15.671236817608587,
    -17.247984388959594,
    -15.235438896517735
  ],
  "epsilon_log": []
}