{
  "violation_rate": [
    0.0,
    0.0
  ],
  "cbf_violation_rate": [
    0.0,
    0.0
  ],
  "cumulative_reward": [
    -39.02026427697794,
    2.3687506758590064
  ],
  "tracking_rmse": {
    "pressure": [
      0.02433021111329576,
      0.0011708352212350295
    ],
    "enthalpy": [
      8.72601121475077,
      0.27005085291430997
    ],
    "power": [
      0.27319928799783855,
      0.009318123747964521
    ]
  },
  "control_cost": [
    1700.953994140625,
    61.15284860530196
  ],
  "min_barrier_value": [
    0.9136347579956055,
    0.5857498674523341
  ],
  "online_time_ms": [
    19.179095892556944,
    6.894604720223208
  ],
  "per_constraint_type": {
    "pressure": {
      "violation_rate": 0.0,
      "violation_count": 0,
      "total_steps": 25000
    },
    "enthalpy": {
      "violation_rate": 0.0,
      "violation_count": 0,
      "total_steps": 25000
    },
    "power": {
      "violation_rate": 0.0,
      "violation_count": 0,
      "total_steps": 25000
    }
  },
  "convergence_episode": 50,
  "n_training_episodes": 50,
  "reward_history": [
    -17.225510780925106,
    -17.345953076670412,
    -20.692941740329843,
    -20.25639361984213,
    -18.695148961618543,
    -19.38506162790145,
    -17.483917154138908,
    -16.166228561109165,
    -15.427576478759875,
    -18.261399914277717,
    -17.689728250727057,
    -19.091510004014708,
    -19.16357519401936,
    -19.967450758704217,
    -17.70794805107289,
    -14.08241781284596,
    -15.336559715447947,
    -18.888172658305848,
    -16.472080520616146,
    -16.059315690683434,
    -14.870044332899852,
    -13.303854959987802,
    -12.218891753655043,
    -15.326561187073821,
    -17.062467073614243,
    -15.457911233679624,
    -16.316082734556403,
    -14.975934807618614,
    -17.28895359519811,
    -15.663344799890183,
    -15.796394423377933,
    -14.45956414831744,
    -18.895005759302876,
    -17.068227930765715,
    -15.713844549594796,
    -15.438920370244887,
    -16.050659619038925,
    -15.389230958273401,
    -16.61953562690178,
    -16.75186831366591,
    -14.964885298744775,
    -19.141610458944342,
    -15.850254611825221,
    -15.748579253529897,
    -13.425315771542955,
    -14.971509271330433,
    -16.41705656555132,
    -14.711902074108366,
    -17.031039600726217,
    -16.613823701314686
  ],
  "epsilon_log": []
}