{
  "violation_rate": [
    0.9903200000000001,
    0.0038855630222658886
  ],
  "cbf_violation_rate": [
    0.9903200000000001,
    0.0038855630222658886
  ],
  "cumulative_reward": [
    -6647.05183019638,
    15.691605356517517
  ],
  "tracking_rmse": {
    "pressure": [
      3.3366498550222268,
      0.0025614420003248276
    ],
    "enthalpy": [
      46.188181808224144,
      0.2768584809305799
    ],
    "power": [
      0.23386235556190166,
      0.007589055594526876
    ]
  },
  "control_cost": [
    1928.90822265625,
    75.27329017339426
  ],
  "min_barrier_value": [
    -40.569189453125,
    2.6353112707561537
  ],
  "online_time_ms": [
    0.0,
    0.0
  ],
  "per_constraint_type": {
    "pressure": {
      "violation_rate": 0.0,
      "violation_count": 0,
      "total_steps": 25000
    },
    "enthalpy": {
      "violation_rate": 0.99032,
      "violation_count": 24758,
      "total_steps": 25000
    },
    "power": {
      "violation_rate": 0.0,
      "violation_count": 0,
      "total_steps": 25000
    }
  },
  "convergence_episode": 50,
  "n_training_episodes": 50,
  "reward_history": [
    -4013.5882091522217,
    -2809.9935235977173,
    -6599.276300430298,
    -3657.652015686035,
    -6598.31729888916,
    -4010.1851234436035,
    -2804.051365852356,
    -2784.793068885803,
    -4820.810997009277,
    -6571.716190338135,
    -4835.530591964722,
    -2758.505331993103,
    -4835.37109375,
    -3967.3674926757812,
    -4820.172296524048,
    -4812.441583633423,
    -3937.5744438171387,
    -2760.8229846954346,
    -6547.651514053345,
    -2754.0162105560303,
    -3907.824317932129,
    -3572.245834350586,
    -3568.871609687805,
    -2713.9311141967773,
    -4740.58741569519,
    -2477.343620300293,
    -2706.1792669296265,
    -2687.544945716858,
    -2489.6605854034424,
    -2655.7788372039795,
    -6470.9004554748535,
    -2643.996537208557,
    -2666.309500694275,
    -4705.230535507202,
    -4700.146484375,
    -2656.315215110779,
    -4729.081697463989,
    -2457.851058959961,
    -3884.52117729187,
    -3496.117473602295,
    -2657.624580383301,
    -3913.259231567383,
    -3900.258337020874,
    -2468.2459535598755,
    -2463.3488245010376,
    -3503.427433013916,
    -6466.59942817688,
    -2672.7896213531494,
    -6453.965970993042,
    -2473.8191318511963
  ],
  "epsilon_log": []
}