{
  "violation_rate": [
    0.9962799999999998,
    0.0025615620234536608
  ],
  "cbf_violation_rate": [
    0.9962799999999998,
    0.0025615620234536608
  ],
  "cumulative_reward": [
    -16151.149046096802,
    12.59815184056125
  ],
  "tracking_rmse": {
    "pressure": [
      5.488849902951026,
      0.0015886335676945393
    ],
    "enthalpy": [
      45.92422639103111,
      0.26678527876794844
    ],
    "power": [
      0.20803961762391235,
      0.006027922803432112
    ]
  },
  "control_cost": [
    1942.5311352539063,
    72.56142740692901
  ],
  "min_barrier_value": [
    -38.116201171875,
    2.0891917831144644
  ],
  "online_time_ms": [
    0.0,
    0.0
  ],
  "per_constraint_type": {
    "pressure": {
      "violation_rate": 0.0,
      "violation_count": 0,
      "total_steps": 25000
    },
    "enthalpy": {
      "violation_rate": 0.99628,
      "violation_count": 24907,
      "total_steps": 25000
    },
    "power": {
      "violation_rate": 0.0,
      "violation_count": 0,
      "total_steps": 25000
    }
  },
  "convergence_episode": 50,
  "n_training_episodes": 50,
  "reward_history": [
    -4848.310325622559,
    -2591.596558570862,
    -4856.044250488281,
    -2595.0722827911377,
    -2804.1777362823486,
    -2817.810869216919,
    -3674.343267440796,
    -3980.184425354004,
    -3997.2250442504883,
    -6609.481914520264,
    -3984.0624675750732,
    -6577.53551864624,
    -6572.175951004028,
    -6585.026569366455,
    -6574.329441070557,
    -2761.5899696350098,
    -6533.114534378052,
    -6532.541181564331,
    -6528.997509002686,
    -6486.08437538147,
    -4777.749485015869,
    -4746.5390625,
    -3525.5318117141724,
    -3528.0254068374634,
    -6489.500246047974,
    -6499.7818241119385,
    -2674.2216215133667,
    -6484.359884262085,
    -6491.400085449219,
    -3508.525418281555,
    -3910.7245483398438,
    -6476.233558654785,
    -3511.524820327759,
    -3905.855562210083,
    -2461.556926727295,
    -3893.566722869873,
    -2472.804606437683,
    -3482.4531478881836,
    -6465.647638320923,
    -6460.724174499512,
    -6475.628318786621,
    -4699.130208969116,
    -2460.4081563949585,
    -6459.289022445679,
    -2458.948992729187,
    -2653.260829925537,
    -3897.429281234741,
    -2459.8671083450317,
    -6475.833408355713,
    -2669.5515127182007
  ],
  "epsilon_log": []
}