{
  "violation_rate": [
    0.00072,
    0.00104
  ],
  "cbf_violation_rate": [
    0.00072,
    0.00104
  ],
  "cumulative_reward": [
    -39.78725722020834,
    2.306178914846173
  ],
  "tracking_rmse": {
    "pressure": [
      0.034927851035952244,
      0.0015282101468955887
    ],
    "enthalpy": [
      8.77594288913706,
      0.25954909688627437
    ],
    "power": [
      0.270684890042579,
      0.010375847606462343
    ]
  },
  "control_cost": [
    1931.7229663085936,
    74.30947039685698
  ],
  "min_barrier_value": [
    -0.04466159820556641,
    2.449380119609498
  ],
  "online_time_ms": [
    0.0,
    0.0
  ],
  "per_constraint_type": {
    "pressure": {
      "violation_rate": 0.0,
      "violation_count": 0,
      "total_steps": 25000
    },
    "enthalpy": {
      "violation_rate": 0.00072,
      "violation_count": 18,
      "total_steps": 25000
    },
    "power": {
      "violation_rate": 0.0,
      "violation_count": 0,
      "total_steps": 25000
    }
  },
  "convergence_episode": 50,
  "n_training_episodes": 50,
  "reward_history": [
    -2778.839963912964,
    -2791.6750116348267,
    -4025.2916679382324,
    -18.67301415881957,
    -3683.425181388855,
    -6614.801202774048,
    -2594.4290533065796,
    -3977.3996200561523,
    -4833.095188140869,
    -4838.248121261597,
    -2552.504737854004,
    -16.12545711203711,
    -4831.432147979736,
    -3983.341772079468,
    -2772.268602371216,
    -2543.3653049468994,
    -17.15079447021708,
    -2759.8176803588867,
    -3957.0662841796875,
    -3568.527205467224,
    -2734.6556844711304,
    -3594.6570148468018,
    -2722.177836418152,
    -2684.4994192123413,
    -6496.653505325317,
    -3539.5496215820312,
    -3538.561014175415,
    -2669.760926246643,
    -6484.225410461426,
    -4730.670621871948,
    -3906.36568069458,
    -6462.911268234253,
    -6476.906988143921,
    -2660.7059535980225,
    -3887.624843597412,
    -2476.4884214401245,
    -3499.026750087738,
    -6464.156913757324,
    -13.243868462042883,
    -14.448803105333354,
    -4695.333543777466,
    -2663.883885383606,
    -3506.661561012268,
    -3505.868137359619,
    -15.765670274093281,
    -2484.487617492676,
    -2466.558017730713,
    -4695.966108322144,
    -4696.483949661255,
    -2457.377489089966
  ],
  "epsilon_log": []
}