{
  "violation_rate": [
    0.9914800000000001,
    0.0037907255242235656
  ],
  "cbf_violation_rate": [
    0.9914800000000001,
    0.0037907255242235656
  ],
  "cumulative_reward": [
    -9724.009632949828,
    14.890604703670165
  ],
  "tracking_rmse": {
    "pressure": [
      3.650443573802365,
      0.0015882976818056423
    ],
    "enthalpy": [
      46.02204953325227,
      0.3127986864411098
    ],
    "power": [
      19.91173139090176,
      0.01076792294241356
    ]
  },
  "control_cost": [
    1947.5302709960938,
    74.8091726087928
  ],
  "min_barrier_value": [
    -39.7663720703125,
    2.6788314223319953
  ],
  "online_time_ms": [
    0.0,
    0.0
  ],
  "per_constraint_type": {
    "pressure": {
      "violation_rate": 0.0,
      "violation_count": 0,
      "total_steps": 25000
    },
    "enthalpy": {
      "violation_rate": 0.99148,
      "violation_count": 24787,
      "total_steps": 25000
    },
    "power": {
      "violation_rate": 0.0,
      "violation_count": 0,
      "total_steps": 25000
    }
  },
  "convergence_episode": 50,
  "n_training_episodes": 50,
  "reward_history": [
    -2778.839963912964,
    -2791.6749925613403,
    -4025.2916412353516,
    -3993.112407684326,
    -3683.2115173339844,
    -6614.149194717407,
    -2582.87105178833,
    -3974.7840270996094,
    -4831.378671646118,
    -4836.273683547974,
    -2541.206962585449,
    -3955.636255264282,
    -4827.611333847046,
    -3979.5096111297607,
    -2765.577826499939,
    -2538.777925491333,
    -3936.0301933288574,
    -2749.735845565796,
    -3948.577033996582,
    -3553.8149557113647,
    -2721.3181982040405,
    -3578.8504972457886,
    -2709.3905878067017,
    -2673.9567947387695,
    -6489.468914031982,
    -3534.38272190094,
    -3531.913842201233,
    -2661.865261077881,
    -6475.435743331909,
    -4720.683465957642,
    -3898.394651412964,
    -6455.651763916016,
    -6470.76336479187,
    -2655.1677074432373,
    -3883.6535472869873,
    -2472.821096420288,
    -3495.426007270813,
    -6461.720439910889,
    -3897.3073768615723,
    -3898.3626251220703,
    -4693.320844650269,
    -2661.6079092025757,
    -3504.1423711776733,
    -3503.370831489563,
    -3909.513988494873,
    -2482.9559869766235,
    -2464.9622087478638,
    -4693.729705810547,
    -4694.282474517822,
    -2455.7708196640015
  ],
  "epsilon_log": []
}