{
  "violation_rate": [
    0.40352,
    0.024904810780248865
  ],
  "cbf_violation_rate": [
    0.40352,
    0.024904810780248865
  ],
  "cumulative_reward": [
    -8004.354874696732,
    6.650354955119924
  ],
  "tracking_rmse": {
    "pressure": [
      3.8981714808907286,
      0.001695722226292813
    ],
    "enthalpy": [
      27.919591190845626,
      0.014618520216066645
    ],
    "power": [
      0.22562330452627186,
      0.007714229671188876
    ]
  },
  "control_cost": [
    4007.6015869140624,
    55.91524611664884
  ],
  "min_barrier_value": [
    -0.00759765625,
    0.0012075857721987274
  ],
  "online_time_ms": [
    12.381251532125752,
    3.2498269038699705
  ],
  "per_constraint_type": {
    "pressure": {
      "violation_rate": 0.0,
      "violation_count": 0,
      "total_steps": 25000
    },
    "enthalpy": {
      "violation_rate": 0.40352,
      "violation_count": 10088,
      "total_steps": 25000
    },
    "power": {
      "violation_rate": 0.0,
      "violation_count": 0,
      "total_steps": 25000
    }
  },
  "convergence_episode": 50,
  "n_training_episodes": 50,
  "reward_history": [
    -3668.072229385376,
    -3645.0622749328613,
    -3680.3916902542114,
    -3660.20445728302,
    -3671.7129440307617,
    -3672.8461809158325,
    -3672.3281536102295,
    -3638.620945930481,
    -3653.8433589935303,
    -3669.218550682068,
    -3643.154930114746,
    -3641.003267288208,
    -3587.255717277527,
    -3605.042190551758,
    -3590.1425409317017,
    -3577.9757833480835,
    -3595.1054067611694,
    -3567.4734354019165,
    -3578.9655714035034,
    -3565.05482673645,
    -3550.348699569702,
    -3550.8882274627686,
    -3548.4461975097656,
    -3514.6663961410522,
    -3525.0552883148193,
    -3537.3782663345337,
    -3516.5304460525513,
    -3544.4145307540894,
    -3517.842351913452,
    -3522.358097076416,
    -3497.8139905929565,
    -3528.5795545578003,
    -3525.2158212661743,
    -3491.4102878570557,
    -3521.5353651046753,
    -3522.028609275818,
    -3520.5269441604614,
    -3519.9597063064575,
    -3497.6958723068237,
    -3475.316650867462,
    -3494.99729347229,
    -3507.9883279800415,
    -3488.353138923645,
    -3513.4452810287476,
    -3484.481816291809,
    -3509.5134658813477,
    -3511.333640098572,
    -3475.7963066101074,
    -3508.3098649978638,
    -3489.302878379822
  ],
  "epsilon_log": []
}