{
  "violation_rate": [
    0.5588799999999999,
    0.03674813736776327
  ],
  "cbf_violation_rate": [
    0.5588799999999999,
    0.03674813736776327
  ],
  "cumulative_reward": [
    -6458.93689453125,
    40.254474611861816
  ],
  "tracking_rmse": {
    "pressure": [
      3.430321784240243,
      0.0013855260362669662
    ],
    "enthalpy": [
      33.47950419045289,
      1.1181557509014082
    ],
    "power": [
      0.32056448214415595,
      0.014451060241548045
    ]
  },
  "control_cost": [
    9661.0423046875,
    355.05409410786075
  ],
  "min_barrier_value": [
    -36.6470556640625,
    2.983766041330207
  ],
  "online_time_ms": [
    12.203236757530831,
    3.0461983432677076
  ],
  "per_constraint_type": {
    "pressure": {
      "violation_rate": 0.0,
      "violation_count": 0,
      "total_steps": 25000
    },
    "enthalpy": {
      "violation_rate": 0.55888,
      "violation_count": 13972,
      "total_steps": 25000
    },
    "power": {
      "violation_rate": 0.0,
      "violation_count": 0,
      "total_steps": 25000
    }
  },
  "convergence_episode": 50,
  "n_training_episodes": 50,
  "reward_history": [
    -2788.76971244812,
    -2788.5241651535034,
    -2794.651936531067,
    -2809.815496444702,
    -2807.146005630493,
    -2794.5543670654297,
    -2813.9674367904663,
    -2783.1434650421143,
    -2788.3022441864014,
    -2781.674780845642,
    -2785.5052490234375,
    -2752.721181869507,
    -2732.457712173462,
    -2742.567603111267,
    -2741.511781692505,
    -2716.721495628357,
    -2729.2390880584717,
    -2698.1101579666138,
    -2722.4312782287598,
    -2684.4967136383057,
    -2708.132073402405,
    -2697.8103771209717,
    -2694.269688606262,
    -2662.712205886841,
    -2673.4994535446167,
    -2686.2811794281006,
    -2662.148238182068,
    -2666.799506187439,
    -2647.8777112960815,
    -2670.890444755554,
    -2658.2269792556763,
    -2667.9034423828125,
    -2667.794726371765,
    -2644.2727851867676,
    -2667.6152544021606,
    -2673.8515996932983,
    -2647.7704753875732,
    -2663.1807403564453,
    -2640.6101083755493,
    -2680.2030639648438,
    -2654.162657737732,
    -2626.624815940857,
    -2668.747678756714,
    -2651.664147377014,
    -2663.987982749939,
    -2654.613758087158,
    -2637.3526372909546,
    -2663.4167881011963,
    -2648.2007331848145,
    -2644.6440143585205
  ],
  "epsilon_log": []
}