{
  "violation_rate": [
    0.9905200000000001,
    0.003874222502644889
  ],
  "cbf_violation_rate": [
    0.9905200000000001,
    0.003874222502644889
  ],
  "cumulative_reward": [
    -6634.398107013702,
    15.743895967635808
  ],
  "tracking_rmse": {
    "pressure": [
      3.334438528271462,
      0.0025117287554215105
    ],
    "enthalpy": [
      46.072260166821394,
      0.3179128107917277
    ],
    "power": [
      0.23222906264696178,
      0.008942591912187936
    ]
  },
  "control_cost": [
    1948.6903759765626,
    74.89425165777162
  ],
  "min_barrier_value": [
    -40.1545849609375,
    2.7179675349501187
  ],
  "online_time_ms": [
    0.0,
    0.0
  ],
  "per_constraint_type": {
    "pressure": {
      "violation_rate": 0.0,
      "violation_count": 0,
      "total_steps": 25000
    },
    "enthalpy": {
      "violation_rate": 0.99052,
      "violation_count": 24763,
      "total_steps": 25000
    },
    "power": {
      "violation_rate": 0.0,
      "violation_count": 0,
      "total_steps": 25000
    }
  },
  "convergence_episode": 50,
  "n_training_episodes": 50,
  "reward_history": [
    -2778.839963912964,
    -2791.6749925613403,
    -4025.2916412353516,
    -2778.3507261276245,
    -3683.219795227051,
    -6614.221996307373,
    -2593.767833709717,
    -3976.555414199829,
    -4831.667240142822,
    -4836.464797973633,
    -2551.7308349609375,
    -2755.5953340530396,
    -4827.703624725342,
    -3979.7289505004883,
    -2765.884443283081,
    -2539.0066623687744,
    -2729.1744346618652,
    -2750.598564147949,
    -3949.945520401001,
    -3555.3358993530273,
    -2722.7515449523926,
    -3581.0745248794556,
    -2711.1100492477417,
    -2675.2403888702393,
    -6489.99369430542,
    -3533.7894048690796,
    -3533.283944129944,
    -2665.605155944824,
    -6480.711263656616,
    -4727.981843948364,
    -3904.605213165283,
    -6460.84129524231,
    -6475.18455696106,
    -2659.3634243011475,
    -3887.0996284484863,
    -2476.424780845642,
    -3498.211745262146,
    -6463.285987854004,
    -2661.190516471863,
    -2667.2098693847656,
    -4694.475845336914,
    -2662.5440883636475,
    -3505.1449518203735,
    -3504.2543802261353,
    -2671.4511013031006,
    -2483.682942390442,
    -2465.6315565109253,
    -4694.307319641113,
    -4694.8170337677,
    -2456.2761240005493
  ],
  "epsilon_log": []
}