{
  "violation_rate": [
    0.992,
    0.0035552777669262386
  ],
  "cbf_violation_rate": [
    0.992,
    0.0035552777669262386
  ],
  "cumulative_reward": [
    -6641.17169927597,
    13.758427264702505
  ],
  "tracking_rmse": {
    "pressure": [
      3.335451053913697,
      0.00258285625467597
    ],
    "enthalpy": [
      46.14310899184787,
      0.2984935868027653
    ],
    "power": [
      0.23303018189730174,
      0.00674526545630787
    ]
  },
  "control_cost": [
    1930.7102465820312,
    72.2539845750641
  ],
  "min_barrier_value": [
    -40.63822265625,
    2.296072223200288
  ],
  "online_time_ms": [
    0.0,
    0.0
  ],
  "per_constraint_type": {
    "pressure": {
      "violation_rate": 0.0,
      "violation_count": 0,
      "total_steps": 25000
    },
    "enthalpy": {
      "violation_rate": 0.992,
      "violation_count": 24800,
      "total_steps": 25000
    },
    "power": {
      "violation_rate": 0.0,
      "violation_count": 0,
      "total_steps": 25000
    }
  },
  "convergence_episode": 50,
  "n_training_episodes": 50,
  "reward_history": [
    -4848.310325622559,
    -2591.596492767334,
    -4856.044076919556,
    -2595.072009086609,
    -2804.1766958236694,
    -2817.810658454895,
    -3674.342593193054,
    -3980.185754776001,
    -3997.22456741333,
    -6609.480754852295,
    -3984.0620288848877,
    -2775.1385221481323,
    -6572.932596206665,
    -6586.536642074585,
    -6576.134414672852,
    -2763.557717323303,
    -6535.132648468018,
    -2726.8505506515503,
    -2722.620924949646,
    -6488.256107330322,
    -4780.27707862854,
    -4749.2880001068115,
    -3528.8488054275513,
    -3531.106059074402,
    -6492.156343460083,
    -2695.196858406067,
    -2676.456298828125,
    -2678.758056640625,
    -2686.6304502487183,
    -3512.413261413574,
    -3913.9473819732666,
    -6480.940942764282,
    -3516.919316291809,
    -3909.705307006836,
    -2465.0570030212402,
    -3897.282703399658,
    -2476.241220474243,
    -3487.064087867737,
    -6469.450792312622,
    -6464.181520462036,
    -6478.721893310547,
    -4701.775621414185,
    -2462.506139755249,
    -2652.141233444214,
    -2460.644468307495,
    -2655.158606529236,
    -3899.0550746917725,
    -2461.323874473572,
    -2670.44162940979,
    -2671.177951812744
  ],
  "epsilon_log": []
}