{
  "violation_rate": [
    0.0,
    0.0
  ],
  "cbf_violation_rate": [
    0.0,
    0.0
  ],
  "cumulative_reward": [
    -9003.627322273254,
    5.743290479526737
  ],
  "tracking_rmse": {
    "pressure": [
      3.6521720231471386,
      0.0013766591445144834
    ],
    "enthalpy": [
      26.056555500136856,
      0.012909817093360027
    ],
    "power": [
      19.88196983603797,
      0.008667493237858146
    ]
  },
  "control_cost": [
    4835.445673828125,
    65.71025735249788
  ],
  "min_barrier_value": [
    1.890771484375,
    0.0005798018597186484
  ],
  "online_time_ms": [
    9.92501383046736,
    1.8057104601017375
  ],
  "per_constraint_type": {
    "pressure": {
      "violation_rate": 0.0,
      "violation_count": 0,
      "total_steps": 25000
    },
    "enthalpy": {
      "violation_rate": 0.0,
      "violation_count": 0,
      "total_steps": 25000
    },
    "power": {
      "violation_rate": 0.0,
      "violation_count": 0,
      "total_steps": 25000
    }
  },
  "convergence_episode": 50,
  "n_training_episodes": 50,
  "reward_history": [
    -4026.3294372558594,
    -4031.611639022827,
    -4002.520679473877,
    -4015.2347240448,
    -3994.9031982421875,
    -3994.660711288452,
    -3980.9640102386475,
    -3980.2736415863037,
    -3994.963945388794,
    -3978.4662113189697,
    -3963.373826980591,
    -3962.6557292938232,
    -3977.6411094665527,
    -3954.583751678467,
    -3948.8906478881836,
    -3952.454942703247,
    -3929.7225608825684,
    -3945.8225860595703,
    -3929.860824584961,
    -3910.873956680298,
    -3911.288112640381,
    -3904.1129112243652,
    -3909.718162536621,
    -3901.105987548828,
    -3895.4345893859863,
    -3874.982509613037,
    -3868.8985500335693,
    -3860.985496520996,
    -3864.9572830200195,
    -3869.971155166626,
    -3873.8427085876465,
    -3867.4200077056885,
    -3860.726800918579,
    -3864.9683170318604,
    -3855.6231575012207,
    -3836.2702713012695,
    -3843.8838863372803,
    -3859.858423233032,
    -3855.723268508911,
    -3859.26424407959,
    -3859.7924461364746,
    -3860.3219356536865,
    -3854.8056411743164,
    -3874.17063331604,
    -3845.019552230835,
    -3848.943157196045,
    -3832.869939804077,
    -3831.548782348633,
    -3848.3534297943115,
    -3847.105945587158
  ],
  "epsilon_log": []
}