{
  "violation_rate": [
    0.9990399999999999,
    0.001341044369139218
  ],
  "cbf_violation_rate": [
    0.9990399999999999,
    0.001341044369139218
  ],
  "cumulative_reward": [
    -11763.436067428589,
    16.14880243524174
  ],
  "tracking_rmse": {
    "pressure": [
      4.570536984208042,
      0.0011887248376591577
    ],
    "enthalpy": [
      50.88135551191474,
      0.3003720296827291
    ],
    "power": [
      0.21891091930701598,
      0.00723315224369655
    ]
  },
  "control_cost": [
    1952.0080981445312,
    68.42603108825391
  ],
  "min_barrier_value": [
    -43.8266943359375,
    2.8583777421948233
  ],
  "online_time_ms": [
    0.0,
    0.0
  ],
  "per_constraint_type": {
    "pressure": {
      "violation_rate": 0.0,
      "violation_count": 0,
      "total_steps": 25000
    },
    "enthalpy": {
      "violation_rate": 0.99904,
      "violation_count": 24976,
      "total_steps": 25000
    },
    "power": {
      "violation_rate": 0.0,
      "violation_count": 0,
      "total_steps": 25000
    }
  },
  "convergence_episode": 50,
  "n_training_episodes": 50,
  "reward_history": [
    -2801.1055154800415,
    -6596.517183303833,
    -4035.1933422088623,
    -3674.1689624786377,
    -4848.434226989746,
    -4839.19736289978,
    -2795.677878379822,
    -4819.224988937378,
    -4835.301301956177,
    -2791.653163909912,
    -3983.5978107452393,
    -3631.4384174346924,
    -6577.71768951416,
    -4824.37273979187,
    -4826.451957702637,
    -3949.860008239746,
    -3605.280608177185,
    -4766.664239883423,
    -2522.3763580322266,
    -3931.051742553711,
    -2719.6243858337402,
    -3568.901228904724,
    -2712.3431453704834,
    -4723.381500244141,
    -2682.7355852127075,
    -6494.640375137329,
    -3913.736183166504,
    -4710.569667816162,
    -2465.300503730774,
    -3494.3404026031494,
    -4714.204881668091,
    -4732.920715332031,
    -2454.817301750183,
    -3905.2904777526855,
    -3495.313398361206,
    -4715.716331481934,
    -3897.8497409820557,
    -3518.0701875686646,
    -6457.370704650879,
    -3897.240077972412,
    -3889.7266159057617,
    -4707.862497329712,
    -4686.447401046753,
    -2462.4286890029907,
    -4717.288459777832,
    -4690.030040740967,
    -4710.403932571411,
    -2666.4835414886475,
    -2474.340708732605,
    -3495.0567016601562
  ],
  "epsilon_log": []
}