{
  "violation_rate": [
    0.0,
    0.0
  ],
  "cbf_violation_rate": [
    0.0,
    0.0
  ],
  "cumulative_reward": [
    -15482.79844104767,
    7.913157385409675
  ],
  "tracking_rmse": {
    "pressure": [
      5.4881877059822015,
      0.0014428132749864566
    ],
    "enthalpy": [
      27.964370686471053,
      0.006440937472661411
    ],
    "power": [
      0.20808214047975543,
      0.0075207791708297835
    ]
  },
  "control_cost": [
    4798.918994140625,
    58.13955835651094
  ],
  "min_barrier_value": [
    0.0,
    0.0
  ],
  "online_time_ms": [
    10.329170951910783,
    2.134956292676708
  ],
  "per_constraint_type": {
    "pressure": {
      "violation_rate": 0.0,
      "violation_count": 0,
      "total_steps": 25000
    },
    "enthalpy": {
      "violation_rate": 0.0,
      "violation_count": 0,
      "total_steps": 25000
    },
    "power": {
      "violation_rate": 0.0,
      "violation_count": 0,
      "total_steps": 25000
    }
  },
  "convergence_episode": 50,
  "n_training_episodes": 50,
  "reward_history": [
    -6592.244569778442,
    -6591.298532485962,
    -6598.585878372192,
    -6609.98390007019,
    -6608.108211517334,
    -6596.62526512146,
    -6614.242847442627,
    -6586.214267730713,
    -6590.217071533203,
    -6585.356784820557,
    -6589.077922821045,
    -6559.803148269653,
    -6540.441982269287,
    -6549.118211746216,
    -6547.757019042969,
    -6524.577068328857,
    -6535.584264755249,
    -6506.535987854004,
    -6529.294454574585,
    -6494.224504470825,
    -6514.91298866272,
    -6505.838171005249,
    -6502.702205657959,
    -6472.4253787994385,
    -6483.340858459473,
    -6493.9300327301025,
    -6472.638948440552,
    -6476.497722625732,
    -6458.39736366272,
    -6480.951305389404,
    -6468.560171127319,
    -6478.045820236206,
    -6476.959083557129,
    -6456.765857696533,
    -6476.4670124053955,
    -6481.857654571533,
    -6458.347764968872,
    -6471.627479553223,
    -6451.063304901123,
    -6485.739709854126,
    -6463.324758529663,
    -6437.95224571228,
    -6476.30909538269,
    -6460.155467987061,
    -6470.977777481079,
    -6463.161390304565,
    -6446.701240539551,
    -6471.521240234375,
    -6457.3328285217285,
    -6453.198818206787
  ],
  "epsilon_log": []
}