{
  "violation_rate": [
    0.002,
    0.000565685424949238
  ],
  "cbf_violation_rate": [
    0.002,
    0.000565685424949238
  ],
  "cumulative_reward": [
    -5243.548010940552,
    4.374204219972987
  ],
  "tracking_rmse": {
    "pressure": [
      2.7327858123189053,
      0.0013966140115754954
    ],
    "enthalpy": [
      27.960834119404357,
      0.007937228151659327
    ],
    "power": [
      14.883002122379,
      0.009075111414365272
    ]
  },
  "control_cost": [
    5631.9374609375,
    64.96315066619975
  ],
  "min_barrier_value": [
    -0.000234375,
    4.784159653873395e-05
  ],
  "online_time_ms": [
    13.24629656964913,
    3.2857654923641846
  ],
  "per_constraint_type": {
    "pressure": {
      "violation_rate": 0.0,
      "violation_count": 0,
      "total_steps": 25000
    },
    "enthalpy": {
      "violation_rate": 0.002,
      "violation_count": 50,
      "total_steps": 25000
    },
    "power": {
      "violation_rate": 0.0,
      "violation_count": 0,
      "total_steps": 25000
    }
  },
  "convergence_episode": 50,
  "n_training_episodes": 50,
  "reward_history": [
    -2592.3806505203247,
    -2598.931520462036,
    -2574.0862550735474,
    -2599.5833015441895,
    -2596.6346168518066,
    -2599.000513076782,
    -2560.982750892639,
    -2544.8438358306885,
    -2559.416271209717,
    -2542.7993564605713,
    -2526.6926078796387,
    -2528.2338724136353,
    -2546.177124977112,
    -2523.217990875244,
    -2518.3263301849365,
    -2519.6461429595947,
    -2496.4409675598145,
    -2516.124599456787,
    -2501.1838598251343,
    -2480.1527185440063,
    -2481.801604270935,
    -2474.7190170288086,
    -2476.7289962768555,
    -2471.4836807250977,
    -2464.4144887924194,
    -2441.5367946624756,
    -2436.374988555908,
    -2428.7929220199585,
    -2430.881000518799,
    -2438.8774013519287,
    -2442.1954984664917,
    -2438.3226861953735,
    -2428.6237955093384,
    -2432.9005966186523,
    -2422.575464248657,
    -2402.6665210723877,
    -2409.1992225646973,
    -2427.815082550049,
    -2423.7541007995605,
    -2424.5838985443115,
    -2429.353045463562,
    -2426.4337615966797,
    -2425.4706535339355,
    -2445.1111164093018,
    -2414.429383277893,
    -2416.132882118225,
    -2397.6828565597534,
    -2400.593379020691,
    -2417.05823802948,
    -2413.7155389785767
  ],
  "epsilon_log": []
}