{
  "violation_rate": [
    0.99236,
    0.003315177219998958
  ],
  "cbf_violation_rate": [
    0.99236,
    0.003315177219998958
  ],
  "cumulative_reward": [
    -9728.939845619201,
    13.095276025789516
  ],
  "tracking_rmse": {
    "pressure": [
      3.650831771903202,
      0.001639418198192915
    ],
    "enthalpy": [
      46.09277274529823,
      0.29386488024587415
    ],
    "power": [
      19.91246809863115,
      0.00926246502639039
    ]
  },
  "control_cost": [
    1936.83109375,
    72.40625522739225
  ],
  "min_barrier_value": [
    -40.247734375,
    2.2601153737132123
  ],
  "online_time_ms": [
    0.0,
    0.0
  ],
  "per_constraint_type": {
    "pressure": {
      "violation_rate": 0.0,
      "violation_count": 0,
      "total_steps": 25000
    },
    "enthalpy": {
      "violation_rate": 0.99236,
      "violation_count": 24809,
      "total_steps": 25000
    },
    "power": {
      "violation_rate": 0.0,
      "violation_count": 0,
      "total_steps": 25000
    }
  },
  "convergence_episode": 50,
  "n_training_episodes": 50,
  "reward_history": [
    -4848.310325622559,
    -2591.596492767334,
    -4856.044076919556,
    -2595.072009086609,
    -2804.1766958236694,
    -2817.810658454895,
    -3674.342593193054,
    -3980.185754776001,
    -3997.22456741333,
    -6609.480754852295,
    -3984.0620288848877,
    -3967.971878051758,
    -6572.873908996582,
    -6586.3720626831055,
    -6575.8579750061035,
    -2763.3375873565674,
    -6535.603704452515,
    -3948.159017562866,
    -3946.378593444824,
    -6486.588165283203,
    -4778.044149398804,
    -4746.708694458008,
    -3525.5617094039917,
    -3527.639097213745,
    -6489.281496047974,
    -3925.440721511841,
    -2673.304259300232,
    -3908.276617050171,
    -3913.3245162963867,
    -3508.470167160034,
    -3910.698881149292,
    -6477.577501296997,
    -3513.037137031555,
    -3906.9158363342285,
    -2462.5157976150513,
    -3894.925453186035,
    -2474.063165664673,
    -3484.397783279419,
    -6467.309020996094,
    -6462.248302459717,
    -6476.977251052856,
    -4700.2637367248535,
    -2461.332555770874,
    -3889.3479404449463,
    -2459.664794921875,
    -2654.0177478790283,
    -3898.114944458008,
    -2460.4577465057373,
    -3909.4933528900146,
    -2670.192915916443
  ],
  "epsilon_log": []
}