{
  "violation_rate": [
    0.99588,
    0.0025740240869113894
  ],
  "cbf_violation_rate": [
    0.99588,
    0.0025740240869113894
  ],
  "cumulative_reward": [
    -8776.016392326355,
    18.197977321121172
  ],
  "tracking_rmse": {
    "pressure": [
      3.8984366167659372,
      0.0022661027814748734
    ],
    "enthalpy": [
      48.14546805316602,
      0.35861950295553024
    ],
    "power": [
      0.22564667617854212,
      0.008697231471512105
    ]
  },
  "control_cost": [
    1948.8636059570313,
    75.00201328355982
  ],
  "min_barrier_value": [
    -41.95150390625,
    2.305214628686481
  ],
  "online_time_ms": [
    9.66746242475463,
    1.9153707576246317
  ],
  "per_constraint_type": {
    "pressure": {
      "violation_rate": 0.0,
      "violation_count": 0,
      "total_steps": 25000
    },
    "enthalpy": {
      "violation_rate": 0.99588,
      "violation_count": 24897,
      "total_steps": 25000
    },
    "power": {
      "violation_rate": 0.0,
      "violation_count": 0,
      "total_steps": 25000
    }
  },
  "convergence_episode": 50,
  "n_training_episodes": 50,
  "reward_history": [
    -2778.8399934768677,
    -2791.6749925613403,
    -4025.131757736206,
    -3645.2429666519165,
    -3683.211250305176,
    -6614.177951812744,
    -2593.5388174057007,
    -3976.5100479125977,
    -4831.573020935059,
    -4836.36852645874,
    -2554.078176498413,
    -3621.0570220947266,
    -4827.351051330566,
    -3979.297508239746,
    -2765.1479711532593,
    -2538.6663913726807,
    -3589.8067016601562,
    -2749.532627105713,
    -3949.0564708709717,
    -3553.7873725891113,
    -2721.5923204421997,
    -3579.79075050354,
    -2710.5191383361816,
    -2675.4241371154785,
    -6491.099935531616,
    -3536.6832704544067,
    -3534.210552215576,
    -2664.6362018585205,
    -6479.692155838013,
    -4726.908243179321,
    -3903.8865966796875,
    -6460.463661193848,
    -6475.035711288452,
    -2659.3682985305786,
    -3887.1960048675537,
    -2476.5239210128784,
    -3498.60239982605,
    -6463.732166290283,
    -3515.7442359924316,
    -3521.9180312156677,
    -4694.838073730469,
    -2662.8629188537598,
    -3505.4699926376343,
    -3504.5371522903442,
    -3527.2832078933716,
    -2483.8947162628174,
    -2465.8068447113037,
    -4694.422658920288,
    -4694.914001464844,
    -2456.4009141921997
  ],
  "epsilon_log": []
}