{
  "violation_rate": [
    0.0,
    0.0
  ],
  "cbf_violation_rate": [
    0.0,
    0.0
  ],
  "cumulative_reward": [
    -10851.96113758087,
    5.712801327078981
  ],
  "tracking_rmse": {
    "pressure": [
      4.569210102835927,
      0.001244496394746194
    ],
    "enthalpy": [
      27.944685104334457,
      0.0020962110687762683
    ],
    "power": [
      0.22512717389774273,
      0.006417259782345463
    ]
  },
  "control_cost": [
    6564.561943359375,
    69.86308015830645
  ],
  "min_barrier_value": [
    0.0,
    0.0
  ],
  "online_time_ms": [
    10.867302257621196,
    3.485989112682421
  ],
  "per_constraint_type": {
    "pressure": {
      "violation_rate": 0.0,
      "violation_count": 0,
      "total_steps": 25000
    },
    "enthalpy": {
      "violation_rate": 0.0,
      "violation_count": 0,
      "total_steps": 25000
    },
    "power": {
      "violation_rate": 0.0,
      "violation_count": 0,
      "total_steps": 25000
    }
  },
  "convergence_episode": 50,
  "n_training_episodes": 50,
  "reward_history": [
    -4841.102716445923,
    -4845.289541244507,
    -4862.665912628174,
    -4836.723194122314,
    -4840.901424407959,
    -4857.868886947632,
    -4824.277086257935,
    -4843.176265716553,
    -4824.7498416900635,
    -4836.854640960693,
    -4848.950387954712,
    -4805.6598834991455,
    -4801.845670700073,
    -4778.944934844971,
    -4782.592691421509,
    -4752.51633644104,
    -4763.619869232178,
    -4761.508108139038,
    -4761.8895835876465,
    -4758.171096801758,
    -4743.970163345337,
    -4747.492210388184,
    -4735.480543136597,
    -4720.482780456543,
    -4718.535402297974,
    -4725.0666427612305,
    -4717.730001449585,
    -4729.051094055176,
    -4736.945035934448,
    -4733.322402954102,
    -4707.6979904174805,
    -4711.635217666626,
    -4678.171922683716,
    -4708.5010414123535,
    -4726.204080581665,
    -4690.8089027404785,
    -4723.394681930542,
    -4719.939882278442,
    -4717.134517669678,
    -4708.341579437256,
    -4708.772476196289,
    -4710.114465713501,
    -4714.152736663818,
    -4705.067462921143,
    -4703.988561630249,
    -4712.0988845825195,
    -4694.705135345459,
    -4677.675487518311,
    -4686.1532554626465,
    -4692.505266189575
  ],
  "epsilon_log": []
}