{
  "violation_rate": [
    0.0,
    0.0
  ],
  "cbf_violation_rate": [
    0.0,
    0.0
  ],
  "cumulative_reward": [
    -5192.397107582092,
    4.355957676716062
  ],
  "tracking_rmse": {
    "pressure": [
      2.732785560194957,
      0.0013966318755127642
    ],
    "enthalpy": [
      26.06835423002502,
      0.005416509835605024
    ],
    "power": [
      14.883002105408206,
      0.009075091346951806
    ]
  },
  "control_cost": [
    6384.1614453125,
    64.51915371452743
  ],
  "min_barrier_value": [
    1.899453125,
    0.00010195611825107958
  ],
  "online_time_ms": [
    9.917185308411135,
    1.8311156911675928
  ],
  "per_constraint_type": {
    "pressure": {
      "violation_rate": 0.0,
      "violation_count": 0,
      "total_steps": 25000
    },
    "enthalpy": {
      "violation_rate": 0.0,
      "violation_count": 0,
      "total_steps": 25000
    },
    "power": {
      "violation_rate": 0.0,
      "violation_count": 0,
      "total_steps": 25000
    }
  },
  "convergence_episode": 50,
  "n_training_episodes": 50,
  "reward_history": [
    -2592.3806505203247,
    -2598.9315090179443,
    -2574.0887689590454,
    -2599.5826272964478,
    -2596.686608314514,
    -2599.306670188904,
    -2561.4487924575806,
    -2544.9585103988647,
    -2559.437767982483,
    -2542.799642562866,
    -2526.6933555603027,
    -2528.234203338623,
    -2546.1777906417847,
    -2523.2197036743164,
    -2518.3282051086426,
    -2519.6491317749023,
    -2496.4444675445557,
    -2516.1297760009766,
    -2501.1900205612183,
    -2480.1596784591675,
    -2481.8084602355957,
    -2474.727138519287,
    -2476.7366275787354,
    -2471.4931774139404,
    -2464.423608779907,
    -2441.5452280044556,
    -2436.383472442627,
    -2428.8003311157227,
    -2430.8887825012207,
    -2438.883707046509,
    -2442.2027559280396,
    -2438.3294219970703,
    -2428.628785133362,
    -2432.9039430618286,
    -2422.579507827759,
    -2402.67014503479,
    -2409.201781272888,
    -2427.8180541992188,
    -2423.757534980774,
    -2424.586226463318,
    -2429.3549909591675,
    -2426.4356927871704,
    -2425.4726753234863,
    -2445.11314868927,
    -2414.431046485901,
    -2416.134941101074,
    -2397.683906555176,
    -2400.5947256088257,
    -2417.0592164993286,
    -2413.716470718384
  ],
  "epsilon_log": []
}