{
  "violation_rate": [
    0.0068,
    0.0013266499161421598
  ],
  "cbf_violation_rate": [
    0.0068,
    0.0013266499161421598
  ],
  "cumulative_reward": [
    -5836.129173717499,
    1.536518148739663
  ],
  "tracking_rmse": {
    "pressure": [
      3.3700846946461063,
      0.000265521695155037
    ],
    "enthalpy": [
      17.00428161521329,
      0.06757833779431797
    ],
    "power": [
      0.23912429454786632,
      0.007240833746219275
    ]
  },
  "control_cost": [
    8454.3233203125,
    59.93261254578946
  ],
  "min_barrier_value": [
    -15.7885302734375,
    7.000019044116204
  ],
  "online_time_ms": [
    10.222425666832715,
    1.9287307293158351
  ],
  "per_constraint_type": {
    "pressure": {
      "violation_rate": 0.0,
      "violation_count": 0,
      "total_steps": 25000
    },
    "enthalpy": {
      "violation_rate": 0.0068,
      "violation_count": 170,
      "total_steps": 25000
    },
    "power": {
      "violation_rate": 0.0,
      "violation_count": 0,
      "total_steps": 25000
    }
  },
  "convergence_episode": 50,
  "n_training_episodes": 50,
  "reward_history": [
    -2788.354838371277,
    -2805.3293018341064,
    -2792.312623977661,
    -2794.9508476257324,
    -2803.197543144226,
    -2808.6462230682373,
    -2793.589165687561,
    -2792.5837802886963,
    -2822.9319400787354,
    -2790.289514541626,
    -2776.5909900665283,
    -2771.1939640045166,
    -2736.4260864257812,
    -2740.193687438965,
    -2727.5223207473755,
    -2723.1376543045044,
    -2720.5546255111694,
    -2732.822742462158,
    -2714.557643890381,
    -2725.0940141677856,
    -2691.216911315918,
    -2705.8158617019653,
    -2699.4976291656494,
    -2678.9250831604004,
    -2694.9040784835815,
    -2670.929940223694,
    -2655.6946115493774,
    -2684.2674522399902,
    -2644.329423904419,
    -2676.531410217285,
    -2668.739351272583,
    -2672.734754562378,
    -2639.0478839874268,
    -2650.9666242599487,
    -2655.9148092269897,
    -2667.1429872512817,
    -2648.829031944275,
    -2669.6234407424927,
    -2657.527805328369,
    -2629.5260734558105,
    -2648.324417114258,
    -2684.8321619033813,
    -2645.1867151260376,
    -2655.9949798583984,
    -2659.918176651001,
    -2634.8797149658203,
    -2642.483163833618,
    -2638.470498085022,
    -2647.5134077072144,
    -2646.518529891968
  ],
  "epsilon_log": []
}