{
  "violation_rate": [
    0.9897199999999999,
    0.00341783557240544
  ],
  "cbf_violation_rate": [
    0.9897199999999999,
    0.00341783557240544
  ],
  "cumulative_reward": [
    -6635.7744013404845,
    15.983329001182708
  ],
  "tracking_rmse": {
    "pressure": [
      3.335357784315728,
      0.0019000622192128546
    ],
    "enthalpy": [
      46.03502813552468,
      0.3205113508755618
    ],
    "power": [
      0.23222026012535837,
      0.007612460910389162
    ]
  },
  "control_cost": [
    1945.6577514648438,
    68.1428881282119
  ],
  "min_barrier_value": [
    -40.2676123046875,
    3.050590604526851
  ],
  "online_time_ms": [
    0.0,
    0.0
  ],
  "per_constraint_type": {
    "pressure": {
      "violation_rate": 0.0,
      "violation_count": 0,
      "total_steps": 25000
    },
    "enthalpy": {
      "violation_rate": 0.98972,
      "violation_count": 24743,
      "total_steps": 25000
    },
    "power": {
      "violation_rate": 0.0,
      "violation_count": 0,
      "total_steps": 25000
    }
  },
  "convergence_episode": 50,
  "n_training_episodes": 50,
  "reward_history": [
    -2801.1055154800415,
    -6596.517183303833,
    -4035.1933422088623,
    -3674.1689624786377,
    -2801.7985649108887,
    -4839.2643394470215,
    -2795.891188621521,
    -2771.8321418762207,
    -4835.843040466309,
    -2792.587884902954,
    -3984.3512859344482,
    -3632.7498989105225,
    -6578.7929039001465,
    -4825.341726303101,
    -4827.290241241455,
    -3950.2149600982666,
    -3605.8237085342407,
    -2716.806784629822,
    -2522.4190912246704,
    -3931.736150741577,
    -2721.1920642852783,
    -3570.6184434890747,
    -2713.6689100265503,
    -2674.4027919769287,
    -2684.0916061401367,
    -6496.29884147644,
    -3914.326349258423,
    -4711.8396644592285,
    -2465.3131532669067,
    -3495.0014324188232,
    -4714.426475524902,
    -4732.811054229736,
    -2454.014373779297,
    -3904.4928493499756,
    -3494.426754951477,
    -4714.825149536133,
    -3896.845468521118,
    -3516.875301361084,
    -6456.436111450195,
    -3896.205291748047,
    -3888.703758239746,
    -4706.821556091309,
    -2631.878321647644,
    -2461.4557456970215,
    -4716.44421005249,
    -4689.286890029907,
    -4709.73987197876,
    -2666.1695470809937,
    -2473.6883935928345,
    -3494.949761390686
  ],
  "epsilon_log": []
}