{
  "violation_rate": [
    0.31804,
    0.035030249785007246
  ],
  "cbf_violation_rate": [
    0.31804,
    0.035030249785007246
  ],
  "cumulative_reward": [
    -6292.819236392975,
    30.535550027899042
  ],
  "tracking_rmse": {
    "pressure": [
      3.445800196574566,
      0.0007088992935757845
    ],
    "enthalpy": [
      26.10589812740956,
      1.1852760705186853
    ],
    "power": [
      0.38704054666572957,
      0.017943153851691023
    ]
  },
  "control_cost": [
    12880.75166015625,
    494.32435509303895
  ],
  "min_barrier_value": [
    -35.4479833984375,
    2.892044489794831
  ],
  "online_time_ms": [
    21.468693083371036,
    10.524751517414286
  ],
  "per_constraint_type": {
    "pressure": {
      "violation_rate": 0.0,
      "violation_count": 0,
      "total_steps": 25000
    },
    "enthalpy": {
      "violation_rate": 0.31804,
      "violation_count": 7951,
      "total_steps": 25000
    },
    "power": {
      "violation_rate": 0.0,
      "violation_count": 0,
      "total_steps": 25000
    }
  },
  "convergence_episode": 50,
  "n_training_episodes": 50,
  "reward_history": [
    -2798.2311420440674,
    -2801.482750892639,
    -2817.587815284729,
    -2792.7781047821045,
    -2796.0038051605225,
    -2811.836977005005,
    -2778.800745010376,
    -2797.3597717285156,
    -2778.768967628479,
    -2788.128255844116,
    -2797.2862272262573,
    -2746.4896383285522,
    -2752.111415863037,
    -2734.798668861389,
    -2735.0305013656616,
    -2703.6871700286865,
    -2715.9005556106567,
    -2712.8319778442383,
    -2713.7621154785156,
    -2707.8568181991577,
    -2693.1265211105347,
    -2693.9271926879883,
    -2684.324415206909,
    -2668.847484588623,
    -2665.7212677001953,
    -2673.686951637268,
    -2665.5602979660034,
    -2675.6393451690674,
    -2683.2514572143555,
    -2677.33678150177,
    -2651.597836494446,
    -2656.0940771102905,
    -2622.9143295288086,
    -2651.978609085083,
    -2670.6469287872314,
    -2633.662220954895,
    -2667.803903579712,
    -2663.655379295349,
    -2659.853714942932,
    -2655.160445213318,
    -2653.8018770217896,
    -2654.659239768982,
    -2658.6209058761597,
    -2650.4043741226196,
    -2647.633460998535,
    -2657.0524530410767,
    -2638.598608970642,
    -2622.886323928833,
    -2630.5169105529785,
    -2637.0075855255127
  ],
  "epsilon_log": []
}