{
  "violation_rate": [
    0.99344,
    0.002801142624001858
  ],
  "cbf_violation_rate": [
    0.99344,
    0.002801142624001858
  ],
  "cumulative_reward": [
    -16146.282217674256,
    19.994898297417375
  ],
  "tracking_rmse": {
    "pressure": [
      5.488188255034252,
      0.0015719989887749075
    ],
    "enthalpy": [
      45.89560121841457,
      0.3193201805753829
    ],
    "power": [
      0.21561390872208533,
      0.007212179174833915
    ]
  },
  "control_cost": [
    2017.9711352539061,
    74.34723760442279
  ],
  "min_barrier_value": [
    -38.119521484375,
    2.3944919189210023
  ],
  "online_time_ms": [
    15.665639803027734,
    5.457127627129231
  ],
  "per_constraint_type": {
    "pressure": {
      "violation_rate": 0.0,
      "violation_count": 0,
      "total_steps": 25000
    },
    "enthalpy": {
      "violation_rate": 0.99344,
      "violation_count": 24836,
      "total_steps": 25000
    },
    "power": {
      "violation_rate": 0.0,
      "violation_count": 0,
      "total_steps": 25000
    }
  },
  "convergence_episode": 50,
  "n_training_episodes": 50,
  "reward_history": [
    -6592.244569778442,
    -6591.299175262451,
    -6598.585878372192,
    -6609.98390007019,
    -6608.108345031738,
    -6596.627309799194,
    -6614.246320724487,
    -6586.214267730713,
    -6590.209833145142,
    -6585.337066650391,
    -6588.891044616699,
    -6559.674001693726,
    -6540.45313835144,
    -6549.135591506958,
    -6547.7719078063965,
    -6524.582851409912,
    -6535.581468582153,
    -6506.517272949219,
    -6529.260305404663,
    -6494.173446655273,
    -6514.843864440918,
    -6505.747884750366,
    -6502.588705062866,
    -6472.286205291748,
    -6483.172647476196,
    -6493.722734451294,
    -6472.396768569946,
    -6476.208127975464,
    -6458.070350646973,
    -6480.577484130859,
    -6468.151760101318,
    -6477.6106300354,
    -6476.511648178101,
    -6456.34033203125,
    -6476.046327590942,
    -6481.468673706055,
    -6458.011999130249,
    -6471.328592300415,
    -6450.81791305542,
    -6485.5233516693115,
    -6463.14760017395,
    -6437.81010055542,
    -6476.188451766968,
    -6460.05099105835,
    -6470.8942947387695,
    -6463.0912799835205,
    -6446.645652770996,
    -6471.471572875977,
    -6457.292156219482,
    -6453.16477394104
  ],
  "epsilon_log": []
}