{
  "violation_rate": [
    0.6710000000000003,
    0.02497758995579837
  ],
  "cbf_violation_rate": [
    0.6710000000000003,
    0.02497758995579837
  ],
  "cumulative_reward": [
    -8414.234865674973,
    28.794632488307673
  ],
  "tracking_rmse": {
    "pressure": [
      3.9132695788568377,
      0.0014196745529620747
    ],
    "enthalpy": [
      38.41894229741388,
      0.8373085449638084
    ],
    "power": [
      0.48679794377449775,
      0.012964291903161092
    ]
  },
  "control_cost": [
    7934.2722265625,
    337.7149081168379
  ],
  "min_barrier_value": [
    -40.537275390625,
    2.4997775438708123
  ],
  "online_time_ms": [
    28.9080092840665,
    15.947413102591836
  ],
  "per_constraint_type": {
    "pressure": {
      "violation_rate": 0.0,
      "violation_count": 0,
      "total_steps": 25000
    },
    "enthalpy": {
      "violation_rate": 0.671,
      "violation_count": 16775,
      "total_steps": 25000
    },
    "power": {
      "violation_rate": 0.0,
      "violation_count": 0,
      "total_steps": 25000
    }
  },
  "convergence_episode": 50,
  "n_training_episodes": 50,
  "reward_history": [
    -3666.306858062744,
    -3670.696056365967,
    -3691.0237045288086,
    -3660.5671129226685,
    -3665.692458152771,
    -3685.255193710327,
    -3646.155252456665,
    -3667.5563383102417,
    -3645.804072380066,
    -3659.056897163391,
    -3672.1077709198,
    -3615.9623107910156,
    -3617.099920272827,
    -3593.069296836853,
    -3595.414176940918,
    -3560.8488759994507,
    -3573.1256103515625,
    -3571.758352279663,
    -3571.519295692444,
    -3566.613362312317,
    -3549.5437240600586,
    -3553.230796813965,
    -3538.8807611465454,
    -3522.618815422058,
    -3519.124384880066,
    -3527.4525299072266,
    -3518.714994430542,
    -3530.52908039093,
    -3540.4027786254883,
    -3534.4161901474,
    -3505.2767963409424,
    -3509.682849884033,
    -3471.3366117477417,
    -3506.3810091018677,
    -3526.875792503357,
    -3485.728317260742,
    -3524.5052576065063,
    -3519.6180028915405,
    -3515.9744272232056,
    -3507.6675214767456,
    -3507.10546875,
    -3508.619115829468,
    -3512.843837738037,
    -3503.0927152633667,
    -3501.4446725845337,
    -3511.4949016571045,
    -3490.2757892608643,
    -3471.0567693710327,
    -3480.461618423462,
    -3488.5921936035156
  ],
  "epsilon_log": []
}