{
  "violation_rate": [
    0.0,
    0.0
  ],
  "cbf_violation_rate": [
    0.0,
    0.0
  ],
  "cumulative_reward": [
    -8999.391956443787,
    6.6125330036497605
  ],
  "tracking_rmse": {
    "pressure": [
      3.651945133483486,
      0.0016217390419740836
    ],
    "enthalpy": [
      25.9403963715822,
      0.01228651872277743
    ],
    "power": [
      19.880087637251243,
      0.010442068333653815
    ]
  },
  "control_cost": [
    4897.29251953125,
    69.24429212622508
  ],
  "min_barrier_value": [
    2.0103515625,
    0.00012918707573557572
  ],
  "online_time_ms": [
    22.88674513889826,
    13.787831941389106
  ],
  "per_constraint_type": {
    "pressure": {
      "violation_rate": 0.0,
      "violation_count": 0,
      "total_steps": 25000
    },
    "enthalpy": {
      "violation_rate": 0.0,
      "violation_count": 0,
      "total_steps": 25000
    },
    "power": {
      "violation_rate": 0.0,
      "violation_count": 0,
      "total_steps": 25000
    }
  },
  "convergence_episode": 50,
  "n_training_episodes": 50,
  "reward_history": [
    -4011.282205581665,
    -4013.3039054870605,
    -4009.0307903289795,
    -4018.2696628570557,
    -3997.685218811035,
    -3983.220283508301,
    -3997.5576210021973,
    -3970.476043701172,
    -3977.5213565826416,
    -3970.164318084717,
    -3982.3254776000977,
    -3967.4776000976562,
    -3955.483612060547,
    -3966.143081665039,
    -3964.606704711914,
    -3942.0797271728516,
    -3950.18470954895,
    -3922.196455001831,
    -3940.915714263916,
    -3905.1037044525146,
    -3928.0456676483154,
    -3914.369068145752,
    -3906.748695373535,
    -3881.2279987335205,
    -3886.745141983032,
    -3900.2825870513916,
    -3873.16526222229,
    -3880.478801727295,
    -3862.5045433044434,
    -3879.4792709350586,
    -3867.0106868743896,
    -3872.19708442688,
    -3873.3337574005127,
    -3850.258031845093,
    -3871.7645778656006,
    -3876.872018814087,
    -3852.27130317688,
    -3868.955234527588,
    -3845.4727325439453,
    -3881.2442321777344,
    -3856.176694869995,
    -3832.0741214752197,
    -3867.8526458740234,
    -3855.1125812530518,
    -3867.0133209228516,
    -3855.182746887207,
    -3839.7955112457275,
    -3862.9973182678223,
    -3848.323516845703,
    -3846.8784465789795
  ],
  "epsilon_log": []
}