{
  "violation_rate": [
    0.32683999999999996,
    0.0861320753262105
  ],
  "cbf_violation_rate": [
    0.32683999999999996,
    0.0861320753262105
  ],
  "cumulative_reward": [
    -8031.823343639374,
    91.78203052639202
  ],
  "tracking_rmse": {
    "pressure": [
      3.902427559938811,
      0.00181812067501504
    ],
    "enthalpy": [
      28.04372958811249,
      3.558724541133444
    ],
    "power": [
      0.3020958248124543,
      0.021270860615603477
    ]
  },
  "control_cost": [
    8853.933701171874,
    683.8006871591765
  ],
  "min_barrier_value": [
    -37.8750244140625,
    2.8995594361075074
  ],
  "online_time_ms": [
    13.479060651825275,
    3.1090577350487436
  ],
  "per_constraint_type": {
    "pressure": {
      "violation_rate": 0.0,
      "violation_count": 0,
      "total_steps": 25000
    },
    "enthalpy": {
      "violation_rate": 0.32684,
      "violation_count": 8171,
      "total_steps": 25000
    },
    "power": {
      "violation_rate": 0.0,
      "violation_count": 0,
      "total_steps": 25000
    }
  },
  "convergence_episode": 50,
  "n_training_episodes": 50,
  "reward_history": [
    -3668.072229385376,
    -3645.0622749328613,
    -3680.3916902542114,
    -3660.20445728302,
    -3671.713035583496,
    -3672.847890853882,
    -3672.3331689834595,
    -3638.620987892151,
    -3653.8409729003906,
    -3669.2371921539307,
    -3643.325587272644,
    -3641.432216644287,
    -3587.3432397842407,
    -3605.0414209365845,
    -3590.1342220306396,
    -3577.969846725464,
    -3595.105767250061,
    -3567.477035522461,
    -3578.974723815918,
    -3565.0685901641846,
    -3550.3687238693237,
    -3550.912959098816,
    -3548.481099128723,
    -3514.7073497772217,
    -3525.1068239212036,
    -3537.441164970398,
    -3516.6037273406982,
    -3544.4950494766235,
    -3517.932382583618,
    -3522.4589920043945,
    -3497.9187145233154,
    -3528.6886682510376,
    -3525.3192501068115,
    -3491.50359249115,
    -3521.6226320266724,
    -3522.1107721328735,
    -3520.5954370498657,
    -3520.021457672119,
    -3497.7459058761597,
    -3475.355933189392,
    -3495.0297813415527,
    -3508.0177097320557,
    -3488.378716468811,
    -3513.4655332565308,
    -3484.499207496643,
    -3509.5287017822266,
    -3511.345700263977,
    -3475.8077096939087,
    -3508.3200969696045,
    -3489.3105602264404
  ],
  "epsilon_log": []
}