{
  "violation_rate": [
    0.56196,
    0.02779493479035342
  ],
  "cbf_violation_rate": [
    0.56196,
    0.02779493479035342
  ],
  "cumulative_reward": [
    -6528.183769416809,
    29.142393167702952
  ],
  "tracking_rmse": {
    "pressure": [
      3.4457293702127343,
      0.0011479772124737767
    ],
    "enthalpy": [
      33.956371000018514,
      0.8201749446466547
    ],
    "power": [
      0.3720994228097209,
      0.015741688282044534
    ]
  },
  "control_cost": [
    10441.7912890625,
    378.9949417076669
  ],
  "min_barrier_value": [
    -37.4352978515625,
    2.8068066405952696
  ],
  "online_time_ms": [
    22.03187568272464,
    10.762121570833699
  ],
  "per_constraint_type": {
    "pressure": {
      "violation_rate": 0.0,
      "violation_count": 0,
      "total_steps": 25000
    },
    "enthalpy": {
      "violation_rate": 0.56196,
      "violation_count": 14049,
      "total_steps": 25000
    },
    "power": {
      "violation_rate": 0.0,
      "violation_count": 0,
      "total_steps": 25000
    }
  },
  "convergence_episode": 50,
  "n_training_episodes": 50,
  "reward_history": [
    -2804.1524868011475,
    -2809.5554571151733,
    -2778.17582988739,
    -2806.319139480591,
    -2803.1275634765625,
    -2808.030379295349,
    -2793.356209754944,
    -2793.2606325149536,
    -2808.056478500366,
    -2791.829683303833,
    -2764.9863271713257,
    -2744.8449897766113,
    -2752.967858314514,
    -2727.401620864868,
    -2722.1967458724976,
    -2734.2020177841187,
    -2707.0492191314697,
    -2727.7061882019043,
    -2709.0768241882324,
    -2689.260076522827,
    -2691.546318054199,
    -2683.2160935401917,
    -2695.842052459717,
    -2686.5305681228638,
    -2682.2816619873047,
    -2659.3806114196777,
    -2655.5574407577515,
    -2648.4772024154663,
    -2654.231210708618,
    -2659.43660736084,
    -2669.1150703430176,
    -2659.3299627304077,
    -2653.581280708313,
    -2659.7061529159546,
    -2650.1856060028076,
    -2629.3335638046265,
    -2638.586700439453,
    -2655.1997413635254,
    -2652.122640609741,
    -2656.1503047943115,
    -2652.6961698532104,
    -2661.701840400696,
    -2648.8053302764893,
    -2672.2011709213257,
    -2642.256275177002,
    -2646.192897796631,
    -2629.143663406372,
    -2625.9157094955444,
    -2645.766429901123,
    -2641.1888933181763
  ],
  "epsilon_log": []
}