{
  "violation_rate": [
    0.995,
    0.0024738633753705985
  ],
  "cbf_violation_rate": [
    0.995,
    0.0024738633753705985
  ],
  "cumulative_reward": [
    -16150.037228393554,
    15.34024204566314
  ],
  "tracking_rmse": {
    "pressure": [
      5.488565996176264,
      0.001262710480459666
    ],
    "enthalpy": [
      45.93645006915491,
      0.2918264879918306
    ],
    "power": [
      0.20913293050857218,
      0.006720499832594402
    ]
  },
  "control_cost": [
    1975.3467529296875,
    68.91315849927341
  ],
  "min_barrier_value": [
    -38.7055078125,
    2.599168413193648
  ],
  "online_time_ms": [
    15.169504496002338,
    6.3645974456683305
  ],
  "per_constraint_type": {
    "pressure": {
      "violation_rate": 0.0,
      "violation_count": 0,
      "total_steps": 25000
    },
    "enthalpy": {
      "violation_rate": 0.995,
      "violation_count": 24875,
      "total_steps": 25000
    },
    "power": {
      "violation_rate": 0.0,
      "violation_count": 0,
      "total_steps": 25000
    }
  },
  "convergence_episode": 50,
  "n_training_episodes": 50,
  "reward_history": [
    -6601.401128768921,
    -6604.1409740448,
    -6617.7787227630615,
    -6595.8977336883545,
    -6598.485849380493,
    -6611.375419616699,
    -6582.66351890564,
    -6598.754949569702,
    -6582.297901153564,
    -6589.6413288116455,
    -6598.787017822266,
    -6552.966663360596,
    -6556.793769836426,
    -6542.861122131348,
    -6540.99739074707,
    -6511.654703140259,
    -6523.8986892700195,
    -6520.371877670288,
    -6521.700120925903,
    -6514.608285903931,
    -6500.890407562256,
    -6500.260549545288,
    -6493.177488327026,
    -6478.622663497925,
    -6475.69393157959,
    -6484.084583282471,
    -6476.018119812012,
    -6485.262878417969,
    -6492.213171005249,
    -6485.379564285278,
    -6462.013544082642,
    -6466.387004852295,
    -6436.057582855225,
    -6461.818593978882,
    -6479.710800170898,
    -6444.543218612671,
    -6476.006229400635,
    -6472.0038204193115,
    -6467.569499969482,
    -6465.19384765625,
    -6462.90371131897,
    -6462.957954406738,
    -6466.15731048584,
    -6459.820453643799,
    -6455.376661300659,
    -6464.947393417358,
    -6447.692642211914,
    -6433.733179092407,
    -6439.782300949097,
    -6445.807329177856
  ],
  "epsilon_log": []
}