{
  "violation_rate": [
    0.6200800000000001,
    0.023282474095336195
  ],
  "cbf_violation_rate": [
    0.6200800000000001,
    0.023282474095336195
  ],
  "cumulative_reward": [
    -8338.398662967682,
    32.201570426858524
  ],
  "tracking_rmse": {
    "pressure": [
      3.904948345619814,
      0.002467656447101584
    ],
    "enthalpy": [
      37.29408553365056,
      0.9204551689835494
    ],
    "power": [
      0.34146795900743776,
      0.014381515192944712
    ]
  },
  "control_cost": [
    6875.33501953125,
    299.36312514177985
  ],
  "min_barrier_value": [
    -40.17923828125,
    3.083774577917677
  ],
  "online_time_ms": [
    25.502889674508477,
    190.322953973473
  ],
  "per_constraint_type": {
    "pressure": {
      "violation_rate": 0.0,
      "violation_count": 0,
      "total_steps": 25000
    },
    "enthalpy": {
      "violation_rate": 0.62008,
      "violation_count": 15502,
      "total_steps": 25000
    },
    "power": {
      "violation_rate": 0.0,
      "violation_count": 0,
      "total_steps": 25000
    }
  },
  "convergence_episode": 50,
  "n_training_episodes": 50,
  "reward_history": [
    -3673.8937406539917,
    -3680.7335748672485,
    -3645.3264265060425,
    -3677.6737518310547,
    -3674.912209510803,
    -3681.8288068771362,
    -3663.482882499695,
    -3663.3128871917725,
    -3680.6629667282104,
    -3662.27952003479,
    -3634.086965560913,
    -3613.0810804367065,
    -3617.8217973709106,
    -3587.3307781219482,
    -3581.94837474823,
    -3594.306282043457,
    -3563.162802696228,
    -3588.6407175064087,
    -3567.577039718628,
    -3544.756896018982,
    -3548.359800338745,
    -3539.112247467041,
    -3550.358654022217,
    -3542.5718173980713,
    -3537.464924812317,
    -3510.9698877334595,
    -3507.149479866028,
    -3499.59522151947,
    -3506.73175239563,
    -3513.5946855545044,
    -3524.511474609375,
    -3514.7422342300415,
    -3507.920521736145,
    -3515.4683685302734,
    -3504.4146099090576,
    -3479.9746627807617,
    -3489.4478187561035,
    -3509.6075887680054,
    -3505.872980117798,
    -3509.197518348694,
    -3507.0956478118896,
    -3515.4808082580566,
    -3503.07612991333,
    -3529.4489603042603,
    -3494.623941421509,
    -3498.4473762512207,
    -3477.8807792663574,
    -3476.049199104309,
    -3498.6004152297974,
    -3492.820001602173
  ],
  "epsilon_log": []
}