{
  "violation_rate": [
    0.9948,
    0.00291204395571221
  ],
  "cbf_violation_rate": [
    0.9948,
    0.00291204395571221
  ],
  "cumulative_reward": [
    -16148.793226776123,
    16.13059431773067
  ],
  "tracking_rmse": {
    "pressure": [
      5.488475887592867,
      0.0015841861011250374
    ],
    "enthalpy": [
      45.920166862572,
      0.2697003974400175
    ],
    "power": [
      0.2064214578482767,
      0.006198033454465299
    ]
  },
  "control_cost": [
    1955.4251586914063,
    73.34461619162784
  ],
  "min_barrier_value": [
    -37.837734375,
    2.432156861323136
  ],
  "online_time_ms": [
    15.772673268845537,
    6.662864614986007
  ],
  "per_constraint_type": {
    "pressure": {
      "violation_rate": 0.0,
      "violation_count": 0,
      "total_steps": 25000
    },
    "enthalpy": {
      "violation_rate": 0.9948,
      "violation_count": 24870,
      "total_steps": 25000
    },
    "power": {
      "violation_rate": 0.0,
      "violation_count": 0,
      "total_steps": 25000
    }
  },
  "convergence_episode": 50,
  "n_training_episodes": 50,
  "reward_history": [
    -6602.255325317383,
    -6583.466562271118,
    -6610.382528305054,
    -6593.624626159668,
    -6603.841856002808,
    -6602.5091190338135,
    -6603.858324050903,
    -6574.920892715454,
    -6585.7823486328125,
    -6598.4739055633545,
    -6577.887607574463,
    -6573.882305145264,
    -6533.901483535767,
    -6550.349981307983,
    -6537.335329055786,
    -6528.181190490723,
    -6540.549842834473,
    -6517.11554145813,
    -6524.370561599731,
    -6514.793155670166,
    -6503.195899963379,
    -6501.823713302612,
    -6500.646968841553,
    -6471.8110065460205,
    -6478.776147842407,
    -6490.261198043823,
    -6474.038242340088,
    -6496.088340759277,
    -6473.2054233551025,
    -6478.018148422241,
    -6456.881099700928,
    -6478.652423858643,
    -6477.520748138428,
    -6449.968029022217,
    -6473.9684715271,
    -6472.123212814331,
    -6472.717210769653,
    -6472.555683135986,
    -6453.975721359253,
    -6437.072401046753,
    -6450.424945831299,
    -6464.944482803345,
    -6446.4678592681885,
    -6467.5290451049805,
    -6442.337478637695,
    -6464.144723892212,
    -6464.400804519653,
    -6436.359203338623,
    -6464.12672996521,
    -6446.773176193237
  ],
  "epsilon_log": []
}