{
  "violation_rate": [
    0.0,
    0.0
  ],
  "cbf_violation_rate": [
    0.0,
    0.0
  ],
  "cumulative_reward": [
    -5188.638013591766,
    5.0348460617462925
  ],
  "tracking_rmse": {
    "pressure": [
      2.732546557445045,
      0.0016465221010893204
    ],
    "enthalpy": [
      25.960840976012083,
      0.004455659681247304
    ],
    "power": [
      14.881004413995639,
      0.010925898582153417
    ]
  },
  "control_cost": [
    6449.19916015625,
    69.09251791057899
  ],
  "min_barrier_value": [
    2.008095703125,
    0.0001411800028789156
  ],
  "online_time_ms": [
    39.65600111685577,
    23.34125837865107
  ],
  "per_constraint_type": {
    "pressure": {
      "violation_rate": 0.0,
      "violation_count": 0,
      "total_steps": 25000
    },
    "enthalpy": {
      "violation_rate": 0.0,
      "violation_count": 0,
      "total_steps": 25000
    },
    "power": {
      "violation_rate": 0.0,
      "violation_count": 0,
      "total_steps": 25000
    }
  },
  "convergence_episode": 50,
  "n_training_episodes": 50,
  "reward_history": [
    -2576.3645191192627,
    -2581.188172340393,
    -2577.9569177627563,
    -2604.963465690613,
    -2599.081540107727,
    -2579.299222946167,
    -2576.6072874069214,
    -2533.067554473877,
    -2540.8647508621216,
    -2531.953392982483,
    -2547.375241279602,
    -2531.677254676819,
    -2519.1424112319946,
    -2532.4873237609863,
    -2531.4466943740845,
    -2509.3153343200684,
    -2520.443772315979,
    -2490.6858253479004,
    -2510.3372802734375,
    -2472.3895444869995,
    -2499.724308013916,
    -2484.0058126449585,
    -2475.85653591156,
    -2451.589309692383,
    -2454.972743988037,
    -2472.2866735458374,
    -2442.239981651306,
    -2450.628782272339,
    -2432.0001859664917,
    -2448.4042224884033,
    -2437.2383213043213,
    -2439.739025115967,
    -2444.630235671997,
    -2414.318549156189,
    -2443.404849052429,
    -2448.1374139785767,
    -2419.783652305603,
    -2439.2796878814697,
    -2413.1136779785156,
    -2455.2569665908813,
    -2423.8495779037476,
    -2396.392063140869,
    -2436.335747718811,
    -2423.901472091675,
    -2436.3885984420776,
    -2422.308903694153,
    -2407.9775247573853,
    -2430.172890663147,
    -2414.8701190948486,
    -2414.2702264785767
  ],
  "epsilon_log": []
}