{
  "violation_rate": [
    0.7552,
    0.023752052542885652
  ],
  "cbf_violation_rate": [
    0.7552,
    0.023752052542885652
  ],
  "cumulative_reward": [
    -8508.748724594116,
    32.92581674468504
  ],
  "tracking_rmse": {
    "pressure": [
      3.9095989526571784,
      0.0023091068621878966
    ],
    "enthalpy": [
      41.163629228016504,
      0.9138977432232078
    ],
    "power": [
      0.3877217151304028,
      0.014457798231353233
    ]
  },
  "control_cost": [
    6092.484853515625,
    374.4112114104111
  ],
  "min_barrier_value": [
    -40.2117529296875,
    2.3603476259488354
  ],
  "online_time_ms": [
    15.77012887884979,
    25.372395526587635
  ],
  "per_constraint_type": {
    "pressure": {
      "violation_rate": 0.0,
      "violation_count": 0,
      "total_steps": 25000
    },
    "enthalpy": {
      "violation_rate": 0.7552,
      "violation_count": 18880,
      "total_steps": 25000
    },
    "power": {
      "violation_rate": 0.0,
      "violation_count": 0,
      "total_steps": 25000
    }
  },
  "convergence_episode": 50,
  "n_training_episodes": 50,
  "reward_history": [
    -3654.407953262329,
    -3675.43018245697,
    -3659.7919368743896,
    -3665.188151359558,
    -3673.6541872024536,
    -3681.8951454162598,
    -3663.4988651275635,
    -3664.043062210083,
    -3697.94314289093,
    -3658.980556488037,
    -3648.771137237549,
    -3642.995674133301,
    -3597.5890941619873,
    -3602.065194129944,
    -3588.120330810547,
    -3581.0365409851074,
    -3580.0182971954346,
    -3594.934239387512,
    -3574.1839418411255,
    -3585.6279764175415,
    -3545.088465690613,
    -3563.5715980529785,
    -3556.5493602752686,
    -3534.6825370788574,
    -3552.92130279541,
    -3525.919602394104,
    -3507.95276927948,
    -3541.8213262557983,
    -3495.6378259658813,
    -3533.1749296188354,
    -3524.6298065185547,
    -3529.0421628952026,
    -3490.9653272628784,
    -3504.4662857055664,
    -3511.0496759414673,
    -3523.182794570923,
    -3502.5880393981934,
    -3525.3424396514893,
    -3513.4053716659546,
    -3480.7098627090454,
    -3498.7787313461304,
    -3543.1292476654053,
    -3496.157066345215,
    -3510.193380355835,
    -3515.5966653823853,
    -3485.1133785247803,
    -3494.1140909194946,
    -3489.7375745773315,
    -3500.1270599365234,
    -3498.353756904602
  ],
  "epsilon_log": []
}