{
  "violation_rate": [
    0.0,
    0.0
  ],
  "cbf_violation_rate": [
    0.0,
    0.0
  ],
  "cumulative_reward": [
    -39.13586868845014,
    2.295313166081128
  ],
  "tracking_rmse": {
    "pressure": [
      0.024309323090307214,
      0.0014064466477418408
    ],
    "enthalpy": [
      8.733804958521194,
      0.2628289186350941
    ],
    "power": [
      0.27435674114688224,
      0.009824167098347368
    ]
  },
  "control_cost": [
    1706.7716455078125,
    61.79386961188074
  ],
  "min_barrier_value": [
    1.3285132980346679,
    0.0078035626484506855
  ],
  "online_time_ms": [
    23.039365574440453,
    423.38606799308934
  ],
  "per_constraint_type": {
    "pressure": {
      "violation_rate": 0.0,
      "violation_count": 0,
      "total_steps": 25000
    },
    "enthalpy": {
      "violation_rate": 0.0,
      "violation_count": 0,
      "total_steps": 25000
    },
    "power": {
      "violation_rate": 0.0,
      "violation_count": 0,
      "total_steps": 25000
    }
  },
  "convergence_episode": 50,
  "n_training_episodes": 50,
  "reward_history": [
    -18.03736188035691,
    -18.488432188649313,
    -19.49789847219654,
    -21.343554355436936,
    -19.809661550301826,
    -18.815252236221568,
    -18.641573919907387,
    -14.484206524197361,
    -16.384193691410474,
    -14.549710477353074,
    -17.15614804805955,
    -14.608648273919243,
    -14.907285973633407,
    -16.41549122921424,
    -18.513520629989216,
    -14.328266360011185,
    -16.169453080481617,
    -16.264634340448538,
    -15.955892075362499,
    -13.110169077292085,
    -15.784999592782697,
    -15.902201366930967,
    -15.873980231175665,
    -15.095542658411432,
    -15.965144410351058,
    -18.149456921993988,
    -15.189097314752871,
    -14.887182935432065,
    -19.288809734920505,
    -13.999183110543527,
    -13.783222112979274,
    -18.391231365581916,
    -16.49495076626772,
    -18.590838788979454,
    -13.588942582297022,
    -15.389873659354635,
    -15.624674434533517,
    -13.666868453670759,
    -16.6631526426645,
    -16.80836028268095,
    -14.543906140257604,
    -14.707390188857971,
    -18.18935439665802,
    -13.880669884645613,
    -16.8564476671163,
    -14.579326673439937,
    -15.484477882433566,
    -15.30317295628629,
    -15.489991695882054,
    -16.889800791977905
  ],
  "epsilon_log": []
}