{
  "violation_rate": [
    0.0,
    0.0
  ],
  "cbf_violation_rate": [
    0.0,
    0.0
  ],
  "cumulative_reward": [
    -10693.85275098608,
    5.433262852435802
  ],
  "tracking_rmse": {
    "pressure": [
      4.592938704369058,
      0.0011747959583547185
    ],
    "enthalpy": [
      15.30585475875737,
      0.00221251967968728
    ],
    "power": [
      1.017744931193824,
      8.30045288141778e-05
    ]
  },
  "control_cost": [
    25496.497602512805,
    42.59847969512639
  ],
  "min_barrier_value": [
    4.953162007924758,
    0.006356020262427868
  ],
  "online_time_ms": [
    15.18354422231554,
    3.7340181324951445
  ],
  "per_constraint_type": {
    "pressure": {
      "violation_rate": 0.0,
      "violation_count": 0,
      "total_steps": 25000
    },
    "enthalpy": {
      "violation_rate": 0.0,
      "violation_count": 0,
      "total_steps": 25000
    },
    "power": {
      "violation_rate": 0.0,
      "violation_count": 0,
      "total_steps": 25000
    }
  },
  "convergence_episode": 50,
  "n_training_episodes": 50,
  "reward_history": [
    -4845.8782606607965,
    -4826.483937872939,
    -4831.576325193319,
    -4838.313134265901,
    -4849.036797986844,
    -4836.600276601121,
    -4844.336535924964,
    -4838.766821185601,
    -4830.809090633631,
    -4827.951544689123,
    -4833.477558385447,
    -4795.300768686229,
    -4819.5207416402245,
    -4783.384908295856,
    -4761.981185829827,
    -4783.037214845964,
    -4780.986158884145,
    -4768.64967080701,
    -4751.622380423748,
    -4750.4908913862755,
    -4762.141405335773,
    -4757.751461119554,
    -4747.621441610664,
    -4744.131686525808,
    -4742.221702518986,
    -4747.848464597044,
    -4725.585542873588,
    -4724.131876901638,
    -4704.711354480005,
    -4696.046184481421,
    -4720.092922046924,
    -4716.7704200152975,
    -4693.046817540127,
    -4695.576151362904,
    -4739.502268056353,
    -4732.4799346585405,
    -4716.131761372294,
    -4709.403717277089,
    -4703.719354772708,
    -4715.871955764064,
    -4722.000245530036,
    -4694.14420625788,
    -4708.245543299681,
    -4709.096273395624,
    -4719.533244584195,
    -4688.011571942386,
    -4717.485663596195,
    -4698.455676685924,
    -4698.329328302129,
    -4704.476743442661
  ],
  "epsilon_log": []
}