{
  "violation_rate": [
    0.99324,
    0.003320000000000003
  ],
  "cbf_violation_rate": [
    0.99324,
    0.003320000000000003
  ],
  "cumulative_reward": [
    -16151.853786392212,
    17.063144677596018
  ],
  "tracking_rmse": {
    "pressure": [
      5.488568830299372,
      0.0014411284675221476
    ],
    "enthalpy": [
      45.974649644620605,
      0.34448927306568294
    ],
    "power": [
      0.2150526147025071,
      0.0074210398843012814
    ]
  },
  "control_cost": [
    1994.4054174804687,
    66.03066359387161
  ],
  "min_barrier_value": [
    -37.3367431640625,
    2.1871064051345472
  ],
  "online_time_ms": [
    15.561963408819866,
    5.587452799948349
  ],
  "per_constraint_type": {
    "pressure": {
      "violation_rate": 0.0,
      "violation_count": 0,
      "total_steps": 25000
    },
    "enthalpy": {
      "violation_rate": 0.99324,
      "violation_count": 24831,
      "total_steps": 25000
    },
    "power": {
      "violation_rate": 0.0,
      "violation_count": 0,
      "total_steps": 25000
    }
  },
  "convergence_episode": 50,
  "n_training_episodes": 50,
  "reward_history": [
    -6592.104015350342,
    -6607.220399856567,
    -6595.948078155518,
    -6596.163120269775,
    -6604.1480712890625,
    -6608.559881210327,
    -6595.383600234985,
    -6593.399194717407,
    -6621.961683273315,
    -6593.560594558716,
    -6580.644830703735,
    -6576.877655029297,
    -6543.632514953613,
    -6546.557970046997,
    -6533.873388290405,
    -6531.120969772339,
    -6527.643154144287,
    -6538.106126785278,
    -6521.541957855225,
    -6530.666843414307,
    -6500.874258041382,
    -6513.886392593384,
    -6507.836441040039,
    -6487.745662689209,
    -6502.026044845581,
    -6479.647085189819,
    -6466.589017868042,
    -6492.365203857422,
    -6455.937196731567,
    -6484.855373382568,
    -6477.661661148071,
    -6482.012119293213,
    -6450.111415863037,
    -6461.221101760864,
    -6465.172494888306,
    -6476.064205169678,
    -6458.481018066406,
    -6478.430988311768,
    -6465.144323348999,
    -6439.255744934082,
    -6458.7102909088135,
    -6491.106954574585,
    -6454.635938644409,
    -6463.52299118042,
    -6466.689434051514,
    -6444.895244598389,
    -6451.272983551025,
    -6447.367193222046,
    -6455.463514328003,
    -6454.762762069702
  ],
  "epsilon_log": []
}