{
  "violation_rate": [
    0.0,
    0.0
  ],
  "cbf_violation_rate": [
    0.0,
    0.0
  ],
  "cumulative_reward": [
    -5189.362734050751,
    4.761143822884864
  ],
  "tracking_rmse": {
    "pressure": [
      2.732946227111199,
      0.0015088747553211957
    ],
    "enthalpy": [
      25.93846887576855,
      0.005474858631925431
    ],
    "power": [
      14.88228448546371,
      0.011362974914473674
    ]
  },
  "control_cost": [
    6435.2377734375,
    69.48099853265333
  ],
  "min_barrier_value": [
    2.02998046875,
    0.00013810679320049756
  ],
  "online_time_ms": [
    10.852570193993161,
    115.8384130825597
  ],
  "per_constraint_type": {
    "pressure": {
      "violation_rate": 0.0,
      "violation_count": 0,
      "total_steps": 25000
    },
    "enthalpy": {
      "violation_rate": 0.0,
      "violation_count": 0,
      "total_steps": 25000
    },
    "power": {
      "violation_rate": 0.0,
      "violation_count": 0,
      "total_steps": 25000
    }
  },
  "convergence_episode": 50,
  "n_training_episodes": 50,
  "reward_history": [
    -2574.220211982727,
    -2595.32941532135,
    -2579.552285194397,
    -2592.358751296997,
    -2595.7414875030518,
    -2595.5480241775513,
    -2559.1780433654785,
    -2547.975841522217,
    -2573.688238143921,
    -2536.869468688965,
    -2542.809916496277,
    -2555.200859069824,
    -2527.4014644622803,
    -2533.5413455963135,
    -2526.6131315231323,
    -2510.6987895965576,
    -2512.9648866653442,
    -2525.3438482284546,
    -2505.856915473938,
    -2514.9497652053833,
    -2474.4525146484375,
    -2488.259267807007,
    -2481.5373096466064,
    -2465.186459541321,
    -2482.118514060974,
    -2457.8437900543213,
    -2436.118510246277,
    -2465.451614379883,
    -2425.4999599456787,
    -2454.6417331695557,
    -2447.8153171539307,
    -2447.481734275818,
    -2415.091012954712,
    -2425.1169204711914,
    -2431.995397567749,
    -2436.787410736084,
    -2422.1881952285767,
    -2437.584168434143,
    -2430.9133892059326,
    -2405.246326446533,
    -2414.250400543213,
    -2454.042320251465,
    -2413.4047660827637,
    -2427.5219554901123,
    -2435.5361433029175,
    -2404.2093114852905,
    -2412.5739002227783,
    -2410.011160850525,
    -2420.0675840377808,
    -2418.4004793167114
  ],
  "epsilon_log": []
}