{
  "violation_rate": [
    0.5938,
    0.033072647308614415
  ],
  "cbf_violation_rate": [
    0.5938,
    0.033072647308614415
  ],
  "cumulative_reward": [
    -6496.385812644959,
    35.495701956196285
  ],
  "tracking_rmse": {
    "pressure": [
      3.4324125380097494,
      0.0007584762478386539
    ],
    "enthalpy": [
      34.36932623259491,
      1.0004226538087324
    ],
    "power": [
      0.3091649579286672,
      0.013838020627100326
    ]
  },
  "control_cost": [
    9179.37064453125,
    360.0659432383967
  ],
  "min_barrier_value": [
    -37.3739404296875,
    3.0107368935359373
  ],
  "online_time_ms": [
    24.339552991233067,
    17.281262201756316
  ],
  "per_constraint_type": {
    "pressure": {
      "violation_rate": 0.0,
      "violation_count": 0,
      "total_steps": 25000
    },
    "enthalpy": {
      "violation_rate": 0.5938,
      "violation_count": 14845,
      "total_steps": 25000
    },
    "power": {
      "violation_rate": 0.0,
      "violation_count": 0,
      "total_steps": 25000
    }
  },
  "convergence_episode": 50,
  "n_training_episodes": 50,
  "reward_history": [
    -2788.76971244812,
    -2788.5241651535034,
    -2794.651936531067,
    -2809.815496444702,
    -2807.146005630493,
    -2794.5543670654297,
    -2813.9674367904663,
    -2783.1434650421143,
    -2788.3022441864014,
    -2781.674780845642,
    -2785.5052490234375,
    -2752.721181869507,
    -2732.457712173462,
    -2742.567603111267,
    -2741.511781692505,
    -2716.721495628357,
    -2729.2390880584717,
    -2698.1101579666138,
    -2722.4312782287598,
    -2684.4967136383057,
    -2708.132073402405,
    -2697.8103771209717,
    -2694.269688606262,
    -2662.712205886841,
    -2673.4994535446167,
    -2686.2811794281006,
    -2662.148238182068,
    -2666.799506187439,
    -2647.8777112960815,
    -2670.890444755554,
    -2658.2269792556763,
    -2667.9034423828125,
    -2667.794726371765,
    -2644.2727851867676,
    -2667.6152544021606,
    -2673.8515996932983,
    -2647.7704753875732,
    -2663.1807403564453,
    -2640.6101083755493,
    -2680.2030639648438,
    -2654.162657737732,
    -2626.624815940857,
    -2668.747678756714,
    -2651.664147377014,
    -2663.987982749939,
    -2654.613758087158,
    -2637.3526372909546,
    -2663.4167881011963,
    -2648.2007331848145,
    -2644.6440143585205
  ],
  "epsilon_log": []
}