{
  "violation_rate": [
    0.7433333333333333,
    0.04109609335312655
  ],
  "cumulative_reward": [
    -1076.903819880138,
    248.86290535192717
  ],
  "n_training_episodes": 200,
  "reward_history": [
    -861.3495395183563,
    -10656.142959594727,
    -10920.035158157349,
    -893.1194004416466,
    -485.81444677943364,
    -11074.619005203247,
    -1484.2737493216991,
    -2284.0809708833694,
    -2532.369311839342,
    -11277.866289138794,
    -868.5294629335403,
    -2330.9302218556404,
    -11190.83417892456,
    -11189.393889427185,
    -10966.636762619019,
    -442.89485545875505,
    -11522.748802185059,
    -10784.670282363892,
    -11042.50503730774,
    -11199.734154701233,
    -1000.5948578715324,
    -11006.532415390015,
    -943.0063145160675,
    -902.3507231473923,
    -10953.676950454712,
    -937.0740841031075,
    -2172.6656269431114,
    -470.1206008736044,
    -476.4808160797693,
    -1687.3168197572231,
    -1689.6827921420336,
    -933.722001850605,
    -1680.7198986113071,
    -936.0357769727707,
    -479.74427830288187,
    -2445.917553961277,
    -917.8851061463356,
    -912.4053363204002,
    -563.4655037015909,
    -2454.338377803564,
    -11276.587470054626,
    -2698.0922259688377,
    -483.08782448945567,
    -1871.7486184760928,
    -552.9320320815314,
    -575.0900346082635,
    -444.5166889007669,
    -481.06569115817547,
    -2340.4390085935593,
    -1817.6167079508305,
    -11646.952598571777,
    -11357.642250061035,
    -523.3383580823429,
    -937.1943725347519,
    -1686.8468414917588,
    -11285.825731277466,
    -2489.2435117959976,
    -603.3965756595135,
    -527.4434503258672,
    -10880.11808681488,
    -595.5701399976388,
    -2654.556026786566,
    -11352.227789878845,
    -1050.3036556243896,
    -2431.3464320003986,
    -542.7051022078376,
    -513.3742204681039,
    -11156.825911521912,
    -11400.917184829712,
    -11105.279348373413,
    -534.8387447553687,
    -1653.1038129925728,
    -2622.3894783854485,
    -1408.0059626549482,
    -2437.5939199775457,
    -1003.0956964492798,
    -1737.7952582538128,
    -11051.356185913086,
    -11766.344557762146,
    -11362.246395111084,
    -1681.9201975911856,
    -2524.1717769503593,
    -10928.910480976105,
    -943.4937124252319,
    -518.3556194063276,
    -956.7630616426468,
    -2229.1361848413944,
    -895.2408680915833,
    -1491.355666846037,
    -11269.074487686157,
    -11119.630158424377,
    -846.5148397684097,
    -1754.0560061261058,
    -11188.425398349762,
    -1657.636515557766,
    -11590.831570625305,
    -516.5042054243386,
    -11064.599321365356,
    -888.0311650037766,
    -982.4008858203888
  ],
  "epsilon_log": [
    {
      "beta": 4.359869956970215,
      "sigma_gp_mean": 0.09324643015861511,
      "sigma_gp_max": 0.2744525969028473,
      "sigma_gp_per_dim": [
        1.371891187318397e-07,
        0.00528655806556344,
        0.2744525969028473
      ],
      "n_gp_points": 2000,
      "mu_gp_mean": 4.019922733306885,
      "epsilon_per_constraint": [
        107184.1171875,
        107184.1171875,
        1.1970136165618896,
        1.1970136165618896
      ],
      "epsilon_total": 214370.625,
      "episode": 10
    },
    {
      "beta": 4.359869956970215,
      "sigma_gp_mean": 0.09324643015861511,
      "sigma_gp_max": 0.2744525969028473,
      "sigma_gp_per_dim": [
        1.371891187318397e-07,
        0.00528655806556344,
        0.2744525969028473
      ],
      "n_gp_points": 2000,
      "mu_gp_mean": 4.019922733306885,
      "epsilon_per_constraint": [
        107184.1171875,
        107184.1171875,
        1.1970136165618896,
        1.1970136165618896
      ],
      "epsilon_total": 214370.625,
      "episode": 20
    },
    {
      "beta": 4.359869956970215,
      "sigma_gp_mean": 0.09324643015861511,
      "sigma_gp_max": 0.2744525969028473,
      "sigma_gp_per_dim": [
        1.371891187318397e-07,
        0.00528655806556344,
        0.2744525969028473
      ],
      "n_gp_points": 2000,
      "mu_gp_mean": 4.019922733306885,
      "epsilon_per_constraint": [
        107184.1171875,
        107184.1171875,
        1.1970136165618896,
        1.1970136165618896
      ],
      "epsilon_total": 214370.625,
      "episode": 30
    },
    {
      "beta": 4.359869956970215,
      "sigma_gp_mean": 0.09324643015861511,
      "sigma_gp_max": 0.2744525969028473,
      "sigma_gp_per_dim": [
        1.371891187318397e-07,
        0.00528655806556344,
        0.2744525969028473
      ],
      "n_gp_points": 2000,
      "mu_gp_mean": 4.019922733306885,
      "epsilon_per_constraint": [
        107184.1171875,
        107184.1171875,
        1.1970136165618896,
        1.1970136165618896
      ],
      "epsilon_total": 214370.625,
      "episode": 40
    },
    {
      "beta": 4.406124591827393,
      "sigma_gp_mean": 0.011469344608485699,
      "sigma_gp_max": 0.027325568720698357,
      "sigma_gp_per_dim": [
        1.5225184313294449e-07,
        0.007082309573888779,
        0.027325568720698357
      ],
      "n_gp_points": 3000,
      "mu_gp_mean": 1.6272361278533936,
      "epsilon_per_constraint": [
        6788.822265625,
        6788.822265625,
        0.12084047496318817,
        0.12084047496318817
      ],
      "epsilon_total": 13577.8857421875,
      "episode": 50
    },
    {
      "beta": 4.406124591827393,
      "sigma_gp_mean": 0.011469344608485699,
      "sigma_gp_max": 0.027325568720698357,
      "sigma_gp_per_dim": [
        1.5225184313294449e-07,
        0.007082309573888779,
        0.027325568720698357
      ],
      "n_gp_points": 3000,
      "mu_gp_mean": 1.6272361278533936,
      "epsilon_per_constraint": [
        6788.822265625,
        6788.822265625,
        0.12084047496318817,
        0.12084047496318817
      ],
      "epsilon_total": 13577.8857421875,
      "episode": 60
    },
    {
      "beta": 4.406124591827393,
      "sigma_gp_mean": 0.011469344608485699,
      "sigma_gp_max": 0.027325568720698357,
      "sigma_gp_per_dim": [
        1.5225184313294449e-07,
        0.007082309573888779,
        0.027325568720698357
      ],
      "n_gp_points": 3000,
      "mu_gp_mean": 1.6272361278533936,
      "epsilon_per_constraint": [
        6788.822265625,
        6788.822265625,
        0.12084047496318817,
        0.12084047496318817
      ],
      "epsilon_total": 13577.8857421875,
      "episode": 70
    },
    {
      "beta": 4.406124591827393,
      "sigma_gp_mean": 0.011469344608485699,
      "sigma_gp_max": 0.027325568720698357,
      "sigma_gp_per_dim": [
        1.5225184313294449e-07,
        0.007082309573888779,
        0.027325568720698357
      ],
      "n_gp_points": 3000,
      "mu_gp_mean": 1.6272361278533936,
      "epsilon_per_constraint": [
        6788.822265625,
        6788.822265625,
        0.12084047496318817,
        0.12084047496318817
      ],
      "epsilon_total": 13577.8857421875,
      "episode": 80
    },
    {
      "beta": 4.406124591827393,
      "sigma_gp_mean": 0.011469344608485699,
      "sigma_gp_max": 0.027325568720698357,
      "sigma_gp_per_dim": [
        1.5225184313294449e-07,
        0.007082309573888779,
        0.027325568720698357
      ],
      "n_gp_points": 3000,
      "mu_gp_mean": 1.6272361278533936,
      "epsilon_per_constraint": [
        6788.822265625,
        6788.822265625,
        0.12084047496318817,
        0.12084047496318817
      ],
      "epsilon_total": 13577.8857421875,
      "episode": 90
    },
    {
      "beta": 4.438650131225586,
      "sigma_gp_mean": 0.0102412523701787,
      "sigma_gp_max": 0.023901887238025665,
      "sigma_gp_per_dim": [
        1.2369747537377407e-07,
        0.006821746472269297,
        0.023901887238025665
      ],
      "n_gp_points": 4000,
      "mu_gp_mean": 1.2363604307174683,
      "epsilon_per_constraint": [
        2533.54443359375,
        2533.54443359375,
        0.10653598606586456,
        0.10653598606586456
      ],
      "epsilon_total": 5067.3017578125,