{
  "violation_rate": [
    0.002,
    0.0
  ],
  "cbf_violation_rate": [
    0.002,
    0.0
  ],
  "cumulative_reward": [
    -10631.226542510987,
    7.281269965281075
  ],
  "tracking_rmse": {
    "pressure": [
      4.578968458284691,
      0.0015880873083012395
    ],
    "enthalpy": [
      15.410312116096705,
      0.04960167433552797
    ],
    "power": [
      1.0188817371196648,
      0.00010061411409297523
    ]
  },
  "control_cost": [
    25646.7059375,
    42.930022684727085
  ],
  "min_barrier_value": [
    -22.7895751953125,
    7.468526082572805
  ],
  "online_time_ms": [
    15.462478896013927,
    2.814891649521147
  ],
  "per_constraint_type": {
    "pressure": {
      "violation_rate": 0.0,
      "violation_count": 0,
      "total_steps": 25000
    },
    "enthalpy": {
      "violation_rate": 0.002,
      "violation_count": 50,
      "total_steps": 25000
    },
    "power": {
      "violation_rate": 0.0,
      "violation_count": 0,
      "total_steps": 25000
    }
  },
  "convergence_episode": 50,
  "n_training_episodes": 50,
  "reward_history": [
    -4847.825424194336,
    -4853.422595977783,
    -4824.299098968506,
    -4851.108600616455,
    -4848.789844512939,
    -4855.198028564453,
    -4839.872423171997,
    -4839.020685195923,
    -4853.849775314331,
    -4838.6365756988525,
    -4817.00057220459,
    -4803.982898712158,
    -4802.367906570435,
    -4775.15832901001,
    -4770.53196144104,
    -4780.239311218262,
    -4754.250026702881,
    -4775.6483364105225,
    -4758.917757034302,
    -4739.464967727661,
    -4742.5600872039795,
    -4734.53277015686,
    -4744.737888336182,
    -4738.580039978027,
    -4734.105184555054,
    -4711.62656211853,
    -4708.918174743652,
    -4702.728404998779,
    -4707.899480819702,
    -4715.113916397095,
    -4724.281892776489,
    -4716.8889236450195,
    -4709.9853801727295,
    -4716.201972961426,
    -4706.534648895264,
    -4686.080814361572,
    -4694.01466178894,
    -4711.3399295806885,
    -4707.889009475708,
    -4710.4101638793945,
    -4709.261629104614,
    -4715.588205337524,
    -4705.906133651733,
    -4728.359447479248,
    -4698.565196990967,
    -4701.231739044189,
    -4683.360862731934,
    -4682.471950531006,
    -4701.42657661438,
    -4695.928077697754
  ],
  "epsilon_log": []
}