{
  "violation_rate": [
    0.0,
    0.0
  ],
  "cbf_violation_rate": [
    0.0,
    0.0
  ],
  "cumulative_reward": [
    -8999.485671958922,
    5.123627632955649
  ],
  "tracking_rmse": {
    "pressure": [
      3.6523786420375255,
      0.0013021094962931748
    ],
    "enthalpy": [
      25.89208042354765,
      0.011727618557729986
    ],
    "power": [
      19.878774520352703,
      0.010226810020609387
    ]
  },
  "control_cost": [
    4917.919736328125,
    61.343339811821366
  ],
  "min_barrier_value": [
    2.058603515625,
    0.00015409896326229981
  ],
  "online_time_ms": [
    15.81748060182319,
    11.741961874801694
  ],
  "per_constraint_type": {
    "pressure": {
      "violation_rate": 0.0,
      "violation_count": 0,
      "total_steps": 25000
    },
    "enthalpy": {
      "violation_rate": 0.0,
      "violation_count": 0,
      "total_steps": 25000
    },
    "power": {
      "violation_rate": 0.0,
      "violation_count": 0,
      "total_steps": 25000
    }
  },
  "convergence_episode": 50,
  "n_training_episodes": 50,
  "reward_history": [
    -4020.72739982605,
    -4025.22487449646,
    -4039.359987258911,
    -3997.5650539398193,
    -3985.3516120910645,
    -3997.1965885162354,
    -3964.8573875427246,
    -3984.3247413635254,
    -3967.7817783355713,
    -3981.747489929199,
    -3992.8613262176514,
    -3966.7139167785645,
    -3976.2204761505127,
    -3956.4123134613037,
    -3961.1446628570557,
    -3931.69669342041,
    -3937.3894081115723,
    -3933.792245864868,
    -3933.2792472839355,
    -3927.3735942840576,
    -3910.4086685180664,
    -3915.8257961273193,
    -3901.27036857605,
    -3886.4013805389404,
    -3882.734817504883,
    -3881.8965034484863,
    -3874.7611351013184,
    -3885.1538047790527,
    -3888.939556121826,
    -3886.182231903076,
    -3860.828031539917,
    -3861.4897747039795,
    -3832.898675918579,
    -3859.5529556274414,
    -3873.7578144073486,
    -3841.369665145874,
    -3870.172561645508,
    -3865.237745285034,
    -3862.982946395874,
    -3853.2117500305176,
    -3855.4902744293213,
    -3856.3773612976074,
    -3860.2426929473877,
    -3849.8381538391113,
    -3853.0813484191895,
    -3858.2099227905273,
    -3844.1916732788086,
    -3828.0807037353516,
    -3835.5527534484863,
    -3842.3231410980225
  ],
  "epsilon_log": []
}