{
  "violation_rate": [
    0.00376,
    0.0025499803920814765
  ],
  "cbf_violation_rate": [
    0.00376,
    0.0025499803920814765
  ],
  "cumulative_reward": [
    -10675.799196434022,
    6.6242762957347745
  ],
  "tracking_rmse": {
    "pressure": [
      4.5881576220602,
      0.001378721174178989
    ],
    "enthalpy": [
      15.56339455463265,
      0.2088676868011084
    ],
    "power": [
      1.0165372929039977,
      0.0011854442356260613
    ]
  },
  "control_cost": [
    25480.3622265625,
    69.028180096258
  ],
  "min_barrier_value": [
    -25.9647021484375,
    5.977787684121333
  ],
  "online_time_ms": [
    15.017313160385237,
    2.5467805152624146
  ],
  "per_constraint_type": {
    "pressure": {
      "violation_rate": 0.0,
      "violation_count": 0,
      "total_steps": 25000
    },
    "enthalpy": {
      "violation_rate": 0.00376,
      "violation_count": 94,
      "total_steps": 25000
    },
    "power": {
      "violation_rate": 0.0,
      "violation_count": 0,
      "total_steps": 25000
    }
  },
  "convergence_episode": 50,
  "n_training_episodes": 50,
  "reward_history": [
    -4841.102716445923,
    -4845.289541244507,
    -4862.665912628174,
    -4836.723167419434,
    -4840.901594161987,
    -4857.870943069458,
    -4824.283399581909,
    -4843.176382064819,
    -4824.74857711792,
    -4836.843961715698,
    -4848.849985122681,
    -4805.399440765381,
    -4801.8051834106445,
    -4778.942588806152,
    -4782.586980819702,
    -4752.512575149536,
    -4763.61908531189,
    -4761.506942749023,
    -4761.8929443359375,
    -4758.17887878418,
    -4743.982856750488,
    -4747.505668640137,
    -4735.500751495361,
    -4720.506156921387,
    -4718.560836791992,
    -4725.096269607544,
    -4717.761701583862,
    -4729.089168548584,
    -4736.98618888855,
    -4733.364196777344,
    -4707.738615036011,
    -4711.6739711761475,
    -4678.208724975586,
    -4708.534133911133,
    -4726.233129501343,
    -4690.8353633880615,
    -4723.41508102417,
    -4719.957809448242,
    -4717.152166366577,
    -4708.356845855713,
    -4708.782730102539,
    -4710.1226596832275,
    -4714.160411834717,
    -4705.074758529663,
    -4703.994474411011,
    -4712.103666305542,
    -4694.708553314209,
    -4677.676965713501,
    -4686.156759262085,
    -4692.507917404175
  ],
  "epsilon_log": []
}