{
  "violation_rate": [
    0.0,
    0.0
  ],
  "cbf_violation_rate": [
    0.0,
    0.0
  ],
  "cumulative_reward": [
    -5185.930528774262,
    3.8750022870217484
  ],
  "tracking_rmse": {
    "pressure": [
      2.7329926706758196,
      0.0013214728946192727
    ],
    "enthalpy": [
      25.816148619826762,
      0.004503931715187959
    ],
    "power": [
      14.879651828657684,
      0.010701063371884199
    ]
  },
  "control_cost": [
    6512.54275390625,
    60.381227368638704
  ],
  "min_barrier_value": [
    2.1526953125,
    0.0001631180965672858
  ],
  "online_time_ms": [
    11.676082525553648,
    3.339279218318848
  ],
  "per_constraint_type": {
    "pressure": {
      "violation_rate": 0.0,
      "violation_count": 0,
      "total_steps": 25000
    },
    "enthalpy": {
      "violation_rate": 0.0,
      "violation_count": 0,
      "total_steps": 25000
    },
    "power": {
      "violation_rate": 0.0,
      "violation_count": 0,
      "total_steps": 25000
    }
  },
  "convergence_episode": 50,
  "n_training_episodes": 50,
  "reward_history": [
    -2584.731343269348,
    -2591.1840143203735,
    -2612.597665786743,
    -2581.4001321792603,
    -2585.113245010376,
    -2600.908285140991,
    -2540.9475259780884,
    -2550.31454372406,
    -2529.0660676956177,
    -2548.02104473114,
    -2561.031575202942,
    -2533.1901626586914,
    -2546.465229988098,
    -2519.7025241851807,
    -2530.6006364822388,
    -2500.5357332229614,
    -2505.435481071472,
    -2503.306607246399,
    -2501.317442893982,
    -2499.237943649292,
    -2482.0079975128174,
    -2490.8475484848022,
    -2470.6540689468384,
    -2454.816321372986,
    -2451.6881380081177,
    -2449.0742835998535,
    -2441.921516418457,
    -2453.4028749465942,
    -2457.8655977249146,
    -2457.674469947815,
    -2429.4899520874023,
    -2429.5408868789673,
    -2396.7828311920166,
    -2427.907063484192,
    -2441.7573747634888,
    -2409.290368080139,
    -2439.024797439575,
    -2434.969995498657,
    -2434.380681991577,
    -2418.003293991089,
    -2422.762279510498,
    -2425.1173887252808,
    -2429.8112354278564,
    -2416.6984424591064,
    -2422.841597557068,
    -2426.6441621780396,
    -2412.182967185974,
    -2393.0357370376587,
    -2403.0763359069824,
    -2409.9035816192627
  ],
  "epsilon_log": []
}