{
  "s5_step": {
    "nmpc_gp": {
      "violation_rates": [
        0.41,
        0.41,
        0.41,
        0.41,
        0.41
      ],
      "hocbf_violation_rates": [
        0.41,
        0.41,
        0.41,
        0.41,
        0.41
      ],
      "rewards": [
        -218.13315971940756,
        -218.13315971940756,
        -218.13315971940756,
        -218.13315971940756,
        -218.13315971940756
      ],
      "solve_times": [
        323.205066989176,
        325.67752697505057,
        318.27573276590556,
        319.41581066232175,
        322.13578615958494
      ],
      "epsilon_log": []
    }
  },
  "s6_fast_step": {
    "nmpc_gp": {
      "violation_rates": [
        0.37666666666666665,
        0.37666666666666665,
        0.37666666666666665,
        0.37666666666666665,
        0.37666666666666665
      ],
      "hocbf_violation_rates": [
        0.37666666666666665,
        0.37666666666666665,
        0.37666666666666665,
        0.37666666666666665,
        0.37666666666666665
      ],
      "rewards": [
        -210.6162093486637,
        -210.6162093486637,
        -210.6162093486637,
        -210.6162093486637,
        -210.6162093486637
      ],
      "solve_times": [
        359.9335249948005,
        356.0310037092616,
        355.89311525846523,
        357.655944636402,
        357.6290418269734
      ],
      "epsilon_log": []
    }
  },
  "s7_random_walk": {
    "nmpc_gp": {
      "violation_rates": [
        0.12333333333333334,
        0.12333333333333334,
        0.12333333333333334,
        0.12333333333333334,
        0.12333333333333334
      ],
      "hocbf_violation_rates": [
        0.12333333333333334,
        0.12333333333333334,
        0.12333333333333334,
        0.12333333333333334,
        0.12333333333333334
      ],
      "rewards": [
        -279.7891784510721,
        -279.7891784510721,
        -279.7891784510721,
        -279.7891784510721,
        -279.7891784510721
      ],
      "solve_times": [
        394.58668095835793,
        399.72974196852493,
        396.6877579440673,
        403.79748785868287,
        404.07340951574344
      ],
      "epsilon_log": []
    }
  }
}