{
  "label": "k2_mc_true_spec",
  "config": {
    "k_p": [
      2.0,
      2.0
    ],
    "k_h": [
      3.0
    ],
    "use_mean_correction": true,
    "scenario_specific_gp": true,
    "epsilon_floor": 0.0
  },
  "violation_rate": [
    0.8133333333333335,
    0.015456030825826134
  ],
  "cbf_violation_rate": [
    0.4916666666666667,
    0.0023570226039551605
  ],
  "cumulative_reward": [
    -3028.3917174388966,
    161.2946291474738
  ],
  "train_time_s": 884.9803035259247,
  "epsilon_log": [
    {
      "episode": 50,
      "n_gp_points": 2200,
      "epsilon_total": 0.5750385448336601,
      "epsilon_per_constraint": [
        0.2433742731809616,
        0.2433742731809616,
        0.044144999235868454,
        0.044144999235868454
      ],
      "sigma_gp_mean": 0.010000004433095455,
      "sigma_gp_max": 0.010000012814998627
    },
    {
      "episode": 100,
      "n_gp_points": 2400,
      "epsilon_total": 0.5763466507196426,
      "epsilon_per_constraint": [
        0.24392791092395782,
        0.24392791092395782,
        0.044245414435863495,
        0.044245414435863495
      ],
      "sigma_gp_mean": 0.010000004433095455,
      "sigma_gp_max": 0.010000011883676052
    },
    {
      "episode": 150,
      "n_gp_points": 2600,
      "epsilon_total": 0.5775473415851593,
      "epsilon_per_constraint": [
        0.2444360852241516,
        0.2444360852241516,
        0.04433758556842804,
        0.04433758556842804
      ],
      "sigma_gp_mean": 0.01000000350177288,
      "sigma_gp_max": 0.010000010952353477
    },
    {
      "episode": 200,
      "n_gp_points": 2800,
      "epsilon_total": 0.5786568149924278,
      "epsilon_per_constraint": [
        0.24490565061569214,
        0.24490565061569214,
        0.044422756880521774,
        0.044422756880521774
      ],
      "sigma_gp_mean": 0.01000000350177288,
      "sigma_gp_max": 0.010000010021030903
    }
  ]
}