{
  "label": "k2_mc_true_spec_rhocbf",
  "config": {
    "k_p": [
      2.0,
      2.0
    ],
    "k_h": [
      3.0
    ],
    "use_mean_correction": true,
    "scenario_specific_gp": true,
    "online_gp_update": false
  },
  "violation_rate": [
    0.8566666666666668,
    0.023213980461973552
  ],
  "cbf_violation_rate": [
    0.49333333333333335,
    0.0023570226039551605
  ],
  "cumulative_reward": [
    -3235.3146600847444,
    94.79024323825996
  ],
  "train_time_s": 856.8484404087067,
  "epsilon_log": [
    {
      "episode": 50,
      "epsilon_total": 0.5736023113131523,
      "epsilon_per_constraint": [
        0.24276641011238098,
        0.24276641011238098,
        0.044034745544195175,
        0.044034745544195175
      ]
    },
    {
      "episode": 100,
      "epsilon_total": 0.5736023113131523,
      "epsilon_per_constraint": [
        0.24276641011238098,
        0.24276641011238098,
        0.044034745544195175,
        0.044034745544195175
      ]
    },
    {
      "episode": 150,
      "epsilon_total": 0.5736023113131523,
      "epsilon_per_constraint": [
        0.24276641011238098,
        0.24276641011238098,
        0.044034745544195175,
        0.044034745544195175
      ]
    },
    {
      "episode": 200,
      "epsilon_total": 0.5736023113131523,
      "epsilon_per_constraint": [
        0.24276641011238098,
        0.24276641011238098,
        0.044034745544195175,
        0.044034745544195175
      ]
    }
  ]
}