{
  "violation_rate": [
    0.0,
    0.0
  ],
  "cumulative_reward": [
    -653.212942947944,
    60.462346727160615
  ],
  "tracking_rmse": {
    "pressure": [
      0.0251376127855077,
      0.0005174522408136413
    ],
    "enthalpy": [
      27.800583243110765,
      0.05253800726087782
    ],
    "power": [
      15.738765827445555,
      0.9742549976138775
    ]
  },
  "control_cost": [
    2036.9969075520833,
    74.51922048748872
  ],
  "min_barrier_value": [
    0.04443359375,
    0.0
  ],
  "online_time_ms": [
    927.7739879093133,
    55.322581119733535
  ],
  "convergence_episode": 200,
  "n_training_episodes": 200,
  "reward_history": [
    -816.9090188741684,
    -884.8915899395943,
    -879.3157719373703,
    -929.1843096017838,
    -893.8432676196098,
    -942.1227737665176,
    -949.9510369300842,
    -883.0813539624214,
    -895.3787188529968,
    -891.5978047251701,
    -906.3552847504616,
    -896.5915451645851,
    -910.7039528489113,
    -941.8741579055786,
    -886.7655528187752,
    -879.9245364665985,
    -868.9311262965202,
    -962.8219766914845,
    -972.0671809315681,
    -936.238548219204,
    -892.5552625656128,
    -859.7076541185379,
    -902.5854564607143,
    -860.8839186429977,
    -895.757709980011,
    -900.9277777075768,
    -958.1849568486214,
    -893.0330657362938,
    -937.0794236660004,
    -899.9087772369385,
    -883.6364840269089,
    -875.6149860024452,
    -1011.3668244481087,
    -915.3386138081551,
    -947.9871797561646,
    -967.2479833960533,
    -930.4244540333748,
    -913.916042804718,
    -907.4621309041977,
    -833.0480177402496,
    -830.5205984711647,
    -927.0951896309853,
    -931.0953544974327,
    -963.5643784403801,
    -890.4604191184044,
    -930.4173661470413,
    -890.3717287778854,
    -971.2842357158661,
    -1006.3211143612862,
    -982.4103934764862,
    -980.1728625893593,
    -967.6058316230774,
    -971.8922792673111,
    -870.5578109622002,
    -892.7823438644409,
    -919.5160979032516,
    -855.4211246967316,
    -929.8407277464867,
    -911.5809046626091,
    -859.9504253268242,
    -951.6847277879715,
    -922.2476340532303,
    -950.0925001502037,
    -888.8836285471916,
    -881.4697743654251,
    -932.773979306221,
    -921.6700231432915,
    -1031.7670052051544,
    -896.6817528009415,
    -903.6291280388832,
    -951.9193772673607,
    -942.5666093230247,
    -944.373845398426,
    -930.8564081788063,
    -937.426967382431,
    -983.7474268078804,
    -848.5273187160492,
    -899.3849391341209,
    -919.7723929286003,
    -900.1302698254585,
    -881.1831181645393,
    -811.5444595515728,
    -960.3892954587936,
    -907.5314242839813,
    -902.1394773125648,
    -967.167248904705,
    -957.7650809288025,
    -968.7658028006554,
    -950.0289536714554,
    -973.8476313948631,
    -957.1724685430527,
    -953.3822735548019,
    -927.6188087761402,
    -1018.6673341989517,
    -997.2602750658989,
    -1026.416909456253,
    -1008.2845219373703,
    -970.4268748164177,
    -991.8220007419586,
    -961.6663480103016
  ],
  "epsilon_log": [
    {
      "episode": 50,
      "n_gp_points": 2200,
      "epsilon_total": 0.4162660613656044,
      "epsilon_per_constraint": [
        0.16398805379867554,
        0.16398805379867554,
        0.04414497688412666,
        0.04414497688412666
      ]
    },
    {
      "episode": 100,
      "n_gp_points": 2400,
      "epsilon_total": 0.41721297055482864,
      "epsilon_per_constraint": [
        0.16436108946800232,
        0.16436108946800232,
        0.044245395809412,
        0.044245395809412
      ]
    },
    {
      "episode": 150,
      "n_gp_points": 2600,
      "epsilon_total": 0.4180821403861046,
      "epsilon_per_constraint": [
        0.16470350325107574,
        0.16470350325107574,
        0.04433756694197655,
        0.04433756694197655
      ]
    },
    {
      "episode": 200,
      "n_gp_points": 2800,
      "epsilon_total": 0.4188852831721306,
      "epsilon_per_constraint": [
        0.1650198996067047,
        0.1650198996067047,
        0.04442274197936058,
        0.04442274197936058
      ]
    }
  ],
  "cbf_violation_rate": [
    0.0,
    0.0
  ]
}