{
  "Nominal": {
    "PPO": {
      "violations": [
        0.0,
        0.0,
        0.0,
        0.0,
        0.0
      ],
      "qp_rates": [
        0.0,
        0.0,
        0.0,
        0.0,
        0.0
      ]
    },
    "HOCBF": {
      "violations": [
        0.0,
        0.0,
        0.0,
        0.0,
        0.0
      ],
      "qp_rates": [
        0.0,
        0.0,
        0.0,
        0.0,
        0.0
      ]
    },
    "GP-HOCBF": {
      "violations": [
        0.0,
        0.0,
        0.0,
        0.0,
        0.0
      ],
      "qp_rates": [
        35.0,
        6.0,
        63.0,
        48.0,
        48.0
      ]
    },
    "RHOCBF": {
      "violations": [
        0.0,
        0.0,
        0.0,
        0.0,
        0.0
      ],
      "qp_rates": [
        35.0,
        6.0,
        63.0,
        48.0,
        48.0
      ]
    }
  },
  "S1:Heat": {
    "PPO": {
      "violations": [
        35.0,
        7.000000000000001,
        63.0,
        48.0,
        48.0
      ],
      "qp_rates": [
        0.0,
        0.0,
        0.0,
        0.0,
        0.0
      ]
    },
    "HOCBF": {
      "violations": [
        35.0,
        7.000000000000001,
        63.0,
        48.0,
        48.0
      ],
      "qp_rates": [
        0.0,
        0.0,
        0.0,
        0.0,
        0.0
      ]
    },
    "GP-HOCBF": {
      "violations": [
        0.0,
        0.0,
        0.0,
        0.0,
        0.0
      ],
      "qp_rates": [
        35.0,
        7.000000000000001,
        63.0,
        48.0,
        48.0
      ]
    },
    "RHOCBF": {
      "violations": [
        0.0,
        0.0,
        0.0,
        0.0,
        0.0
      ],
      "qp_rates": [
        35.0,
        7.000000000000001,
        63.0,
        48.0,
        48.0
      ]
    }
  },
  "S2:Pressure": {
    "PPO": {
      "violations": [
        19.0,
        4.0,
        41.0,
        24.0,
        30.0
      ],
      "qp_rates": [
        0.0,
        0.0,
        0.0,
        0.0,
        0.0
      ]
    },
    "HOCBF": {
      "violations": [
        19.0,
        4.0,
        41.0,
        24.0,
        30.0
      ],
      "qp_rates": [
        0.0,
        0.0,
        0.0,
        0.0,
        0.0
      ]
    },
    "GP-HOCBF": {
      "violations": [
        0.0,
        0.0,
        0.0,
        0.0,
        0.0
      ],
      "qp_rates": [
        19.0,
        4.0,
        41.0,
        24.0,
        30.0
      ]
    },
    "RHOCBF": {
      "violations": [
        0.0,
        0.0,
        0.0,
        0.0,
        0.0
      ],
      "qp_rates": [
        19.0,
        4.0,
        41.0,
        24.0,
        30.0
      ]
    }
  },
  "S3:Coupled": {
    "PPO": {
      "violations": [
        22.0,
        4.0,
        52.0,
        33.0,
        34.0
      ],
      "qp_rates": [
        0.0,
        0.0,
        0.0,
        0.0,
        0.0
      ]
    },
    "HOCBF": {
      "violations": [
        22.0,
        4.0,
        52.0,
        33.0,
        34.0
      ],
      "qp_rates": [
        0.0,
        0.0,
        0.0,
        0.0,
        0.0
      ]
    },
    "GP-HOCBF": {
      "violations": [
        0.0,
        0.0,
        3.0,
        12.0,
        19.0
      ],
      "qp_rates": [
        21.0,
        4.0,
        50.0,
        32.0,
        34.0
      ]
    },
    "RHOCBF": {
      "violations": [
        0.0,
        0.0,
        0.0,
        0.0,
        0.0
      ],
      "qp_rates": [
        22.0,
        4.0,
        52.0,
        32.0,
        35.0
      ]
    }
  },
  "S4:Nonlinear": {
    "PPO": {
      "violations": [
        19.0,
        4.0,
        41.0,
        24.0,
        30.0
      ],
      "qp_rates": [
        0.0,
        0.0,
        0.0,
        0.0,
        0.0
      ]
    },
    "HOCBF": {
      "violations": [
        19.0,
        4.0,
        41.0,
        24.0,
        30.0
      ],
      "qp_rates": [
        0.0,
        0.0,
        0.0,
        0.0,
        0.0
      ]
    },
    "GP-HOCBF": {
      "violations": [
        0.0,
        0.0,
        0.0,
        0.0,
        0.0
      ],
      "qp_rates": [
        20.0,
        5.0,
        41.0,
        24.0,
        30.0
      ]
    },
    "RHOCBF": {
      "violations": [
        0.0,
        0.0,
        0.0,
        0.0,
        0.0
      ],
      "qp_rates": [
        20.0,
        5.0,
        41.0,
        24.0,
        30.0
      ]
    }
  },
  "S5:Valve": {
    "PPO": {
      "violations": [
        19.0,
        4.0,
        41.0,
        24.0,
        30.0
      ],
      "qp_rates": [
        0.0,
        0.0,
        0.0,
        0.0,
        0.0
      ]
    },
    "HOCBF": {
      "violations": [
        19.0,
        4.0,
        41.0,
        24.0,
        30.0
      ],
      "qp_rates": [
        0.0,
        0.0,
        0.0,
        0.0,
        0.0
      ]
    },
    "GP-HOCBF": {
      "violations": [
        0.0,
        0.0,
        0.0,
        0.0,
        0.0
      ],
      "qp_rates": [
        19.0,
        4.0,
        41.0,
        24.0,
        30.0
      ]
    },
    "RHOCBF": {
      "violations": [
        0.0,
        0.0,
        0.0,
        0.0,
        0.0
      ],
      "qp_rates": [
        19.0,
        4.0,
        41.0,
        24.0,
        30.0
      ]
    }
  },
  "S6:Fuel": {
    "PPO": {
      "violations": [
        35.0,
        7.000000000000001,
        63.0,
        48.0,
        48.0
      ],
      "qp_rates": [
        0.0,
        0.0,
        0.0,
        0.0,
        0.0
      ]
    },
    "HOCBF": {
      "violations": [
        35.0,
        7.000000000000001,
        63.0,
        48.0,
        48.0
      ],
      "qp_rates": [
        0.0,
        0.0,
        0.0,
        0.0,
        0.0
      ]
    },
    "GP-HOCBF": {
      "violations": [
        0.0,
        0.0,
        0.0,
        0.0,
        0.0
      ],
      "qp_rates": [
        35.0,
        7.000000000000001,
        63.0,
        48.0,
        48.0
      ]
    },
    "RHOCBF": {
      "violations": [
        0.0,
        0.0,
        0.0,
        0.0,
        0.0
      ],
      "qp_rates": [
        35.0,
        7.000000000000001,
        63.0,
        48.0,
        49.0
      ]
    }
  }
}