{"violation_rate": [0.9939199999999999, 0.0023310083654933564], "cbf_violation_rate": [0.9939199999999999, 0.0023310083654933564], "cumulative_reward": [-24885.81308617592, 29.997815134357268], "tracking_rmse": {"pressure": [6.807635251981977, 0.0035512354264528915], "enthalpy": [57.67151281134234, 0.38927831798447826], "power": [0.19263518984221115, 0.007045072622867784]}, "control_cost": [2104.377575683594, 90.4096287546524], "min_barrier_value": [-49.428515625, 2.467166110544577], "online_time_ms": [17.260212109903804, 30.509496145227597], "per_constraint_type": {"pressure": {"violation_rate": 0.0, "violation_count": 0, "total_steps": 25000}, "enthalpy": {"violation_rate": 0.99392, "violation_count": 24848, "total_steps": 25000}, "power": {"violation_rate": 0.0, "violation_count": 0, "total_steps": 25000}}, "convergence_episode": 50, "n_training_episodes": 50, "reward_history": [-10232.72591304779, -10222.113670349121, -10252.841279029846, -10253.037652015686, -10252.32241153717, -10230.434000015259, -10268.444858551025, -10209.413166046143, -10210.365467071533, -10208.628803253174, -10216.53757572174, -10192.384572982788, -10147.897023200989, -10136.706099510193, -10128.193410873413, -10073.69864654541, -10090.043607711792, -10028.062059402466, -10080.146524429321, -10007.870231628418, -10039.060229301453, -10026.790106773376, -10023.276089668274, -9944.606097221375, -9979.311261177063, -9987.390532493591, -9951.138858795166, -9953.138325691223, -9907.687032699585, -9968.371448516846, -9932.763928413391, -9961.478953361511, -9943.866215705872, -9916.895040512085, -9938.329504966736, -9949.977668762207, -9904.38498878479, -9922.029741287231, -9880.236643791199, -9940.636268615723, -9909.305433273315, -9861.950158119202, -9933.403571128845, -9893.296787261963, -9913.519798278809, -9907.466806411743, -9862.548988342285, -9921.869632720947, -9893.935946464539, -9879.146964073181], "epsilon_log": []}