{"violation_rate": [0.99968, 0.000733212111192935], "cbf_violation_rate": [0.99968, 0.000733212111192935], "cumulative_reward": [-24907.43396302223, 29.39854032199268], "tracking_rmse": {"pressure": [6.808107465639996, 0.0027964430202809276], "enthalpy": [57.99340317962709, 0.40589812760403154], "power": [0.19137354936594042, 0.006587402517750488]}, "control_cost": [1956.5626318359375, 62.1741658844024], "min_barrier_value": [-49.2583740234375, 2.015921464305438], "online_time_ms": [14.07382736469619, 4.317859477230305], "per_constraint_type": {"pressure": {"violation_rate": 0.0, "violation_count": 0, "total_steps": 25000}, "enthalpy": {"violation_rate": 0.99968, "violation_count": 24992, "total_steps": 25000}, "power": {"violation_rate": 0.0, "violation_count": 0, "total_steps": 25000}}, "convergence_episode": 50, "n_training_episodes": 50, "reward_history": [-10255.195470809937, -10211.399046897888, -10264.907982826233, -10223.236795425415, -10254.296579360962, -10236.113768577576, -10249.228076934814, -10178.462306976318, -10193.5851354599, -10223.466352462769, -10194.220141410828, -10207.19586277008, -10115.852652549744, -10130.306096076965, -10099.242314338684, -10090.014119148254, -10105.010843276978, -10048.810508728027, -10058.893672943115, -10046.977618217468, -10021.452159881592, -10015.609221458435, -10017.602355003357, -9945.017738342285, -9957.846562385559, -9989.939478874207, -9956.801981925964, -10007.60056591034, -9946.989747047424, -9966.672214508057, -9913.067999839783, -9949.91332912445, -9951.285313606262, -9888.152026176453, -9942.65419960022, -9921.404015541077, -9931.156665802002, -9931.765083312988, -9886.309106826782, -9860.095930576324, -9868.813785552979, -9918.192481040955, -9866.870258331299, -9913.2356300354, -9850.68355846405, -9906.75315952301, -9899.220079421997, -9846.343055725098, -9906.159980773926, -9859.759231567383], "epsilon_log": []}