{"violation_rate": [0.3752799999999999, 0.03684510279535125], "cbf_violation_rate": [0.3752799999999999, 0.03684510279535125], "cumulative_reward": [-8003.2656824684145, 8.250301178573118], "tracking_rmse": {"pressure": [3.8978858768799505, 0.00212106807843329], "enthalpy": [27.920689272416947, 0.01319960139862149], "power": [0.22682093316228313, 0.008195231461567995]}, "control_cost": [4022.8343896484375, 58.859760882181014], "min_barrier_value": [-0.009013671875, 0.001997088220045018], "online_time_ms": [12.15329228876857, 4.64012131761486], "per_constraint_type": {"pressure": {"violation_rate": 0.0, "violation_count": 0, "total_steps": 25000}, "enthalpy": {"violation_rate": 0.37528, "violation_count": 9382, "total_steps": 25000}, "power": {"violation_rate": 0.0, "violation_count": 0, "total_steps": 25000}}, "convergence_episode": 50, "n_training_episodes": 50, "reward_history": [-3655.920241355896, -3657.600266456604, -3661.3431453704834, -3682.98406124115, -3678.717785835266, -3664.4795351028442, -3686.853404045105, -3651.005588531494, -3657.7837982177734, -3649.4447507858276, -3657.311411857605, -3619.119758605957, -3591.3599042892456, -3603.28989982605, -3602.7760581970215, -3574.4870929718018, -3589.86692237854, -3554.3495321273804, -3581.87823677063, -3538.9032983779907, -3567.871922492981, -3554.8207483291626, -3550.4264907836914, -3515.7508211135864, -3527.4986333847046, -3543.6047763824463, -3515.6388092041016, -3521.7520990371704, -3499.0898790359497, -3527.1803102493286, -3513.2098722457886, -3521.919258117676, -3524.9475173950195, -3494.998519897461, -3525.7359580993652, -3532.332181930542, -3501.1756715774536, -3520.239044189453, -3492.562837600708, -3540.563446998596, -3508.019165992737, -3476.0638637542725, -3524.776698112488, -3505.585645675659, -3519.258271217346, -3508.167736053467, -3488.788884162903, -3517.2321243286133, -3500.9660358428955, -3496.3814697265625], "epsilon_log": []}