{"violation_rate": [0.0, 0.0], "cbf_violation_rate": [0.0, 0.0], "cumulative_reward": [-15168.84075340271, 7.962752548690762], "tracking_rmse": {"pressure": [5.488761675419495, 0.001452849531859345], "enthalpy": [12.105337123537463, 0.003107070659868909], "power": [0.3181890797596999, 0.007316396298394014]}, "control_cost": [14716.27021484375, 85.29530445185421], "min_barrier_value": [4.0567929077148435, 0.0052817160938386214], "online_time_ms": [25.618440785924903, 14.03996431690047], "per_constraint_type": {"pressure": {"violation_rate": 0.0, "violation_count": 0, "total_steps": 25000}, "enthalpy": {"violation_rate": 0.0, "violation_count": 0, "total_steps": 25000}, "power": {"violation_rate": 0.0, "violation_count": 0, "total_steps": 25000}}, "convergence_episode": 50, "n_training_episodes": 50, "reward_history": [-6592.104015350342, -6607.220376968384, -6595.948101043701, -6596.163204193115, -6604.1480712890625, -6608.559789657593, -6595.38360786438, -6593.399251937866, -6621.961965560913, -6593.560646057129, -6580.644178390503, -6576.8772048950195, -6543.63214302063, -6546.558155059814, -6533.872268676758, -6531.118452072144, -6527.640251159668, -6538.105581283569, -6521.542617797852, -6530.664625167847, -6500.873098373413, -6513.886123657227, -6507.8365268707275, -6487.744590759277, -6502.024856567383, -6479.649675369263, -6466.586429595947, -6492.365030288696, -6455.938743591309, -6484.856395721436, -6477.660188674927, -6482.01167678833, -6450.114553451538, -6461.220970153809, -6465.172269821167, -6476.064661026001, -6458.4816970825195, -6478.429719924927, -6465.14582824707, -6439.254766464233, -6458.707475662231, -6491.105445861816, -6454.637880325317, -6463.521816253662, -6466.687068939209, -6444.895324707031, -6451.273328781128, -6447.367013931274, -6455.463241577148, -6454.7623291015625], "epsilon_log": []}