{"violation_rate": [0.0022400000000000002, 0.0009499473669630332], "cbf_violation_rate": [0.0022400000000000002, 0.0009499473669630332], "cumulative_reward": [-7836.937515830994, 10.849382324664566], "tracking_rmse": {"pressure": [3.8981095296324866, 0.002167149562007279], "enthalpy": [21.105089917575647, 0.12669087254019717], "power": [0.23241741790642564, 0.007088483408847666]}, "control_cost": [6244.543759765625, 92.3116877354372], "min_barrier_value": [-12.208349647521972, 8.084554906339722], "online_time_ms": [13.50334723787848, 28.96566605400259], "per_constraint_type": {"pressure": {"violation_rate": 0.0, "violation_count": 0, "total_steps": 25000}, "enthalpy": {"violation_rate": 0.00224, "violation_count": 56, "total_steps": 25000}, "power": {"violation_rate": 0.0, "violation_count": 0, "total_steps": 25000}}, "convergence_episode": 50, "n_training_episodes": 50, "reward_history": [-3654.4079608917236, -3675.43018245697, -3659.7919368743896, -3665.188151359558, -3673.654372215271, -3681.8951454162598, -3663.498920440674, -3664.043035507202, -3697.943175315857, -3658.980556488037, -3648.771156311035, -3642.995674133301, -3597.5890941619873, -3602.0652208328247, -3588.1203079223633, -3581.0365409851074, -3580.0182971954346, -3594.934266090393, -3574.183840751648, -3585.6279764175415, -3545.0885152816772, -3563.5715980529785, -3556.5493602752686, -3534.6825370788574, -3552.92130279541, -3525.919617652893, -3507.95276927948, -3541.8213033676147, -3495.637755393982, -3533.1749296188354, -3524.6298065185547, -3529.0421323776245, -3490.9653272628784, -3504.4662857055664, -3511.0497369766235, -3523.182794570923, -3502.587942123413, -3525.3424396514893, -3513.405385017395, -3480.7098627090454, -3498.778706550598, -3543.1292762756348, -3496.157066345215, -3510.193380355835, -3515.5966653823853, -3485.113353729248, -3494.1140909194946, -3489.737551689148, -3500.1270599365234, -3498.3537073135376], "epsilon_log": []}