{"violation_rate": [0.9936, 0.0031496031496047274], "cbf_violation_rate": [0.9936, 0.0031496031496047274], "cumulative_reward": [-16099.165167884827, 11.525797826538337], "tracking_rmse": {"pressure": [5.488191848925753, 0.0014427408789987899], "enthalpy": [44.859974222748384, 0.21962168146213107], "power": [0.20808752162713065, 0.0075208883049991924]}, "control_cost": [1807.019111328125, 66.97637093336358], "min_barrier_value": [-22.5198193359375, 0.010745148961457838], "online_time_ms": [28.890160185641143, 16.648641692138114], "per_constraint_type": {"pressure": {"violation_rate": 0.0, "violation_count": 0, "total_steps": 25000}, "enthalpy": {"violation_rate": 0.9936, "violation_count": 24840, "total_steps": 25000}, "power": {"violation_rate": 0.0, "violation_count": 0, "total_steps": 25000}}, "convergence_episode": 50, "n_training_episodes": 50, "reward_history": [-6592.244569778442, -6591.298532485962, -6598.585878372192, -6609.983922958374, -6608.10860824585, -6596.627241134644, -6614.246385574341, -6586.215356826782, -6590.210096359253, -6585.337144851685, -6588.890382766724, -6559.673336029053, -6540.452451705933, -6549.136754989624, -6547.771692276001, -6524.582666397095, -6535.5827293396, -6506.517992019653, -6529.259246826172, -6494.174404144287, -6514.841320037842, -6505.746505737305, -6502.587251663208, -6472.284433364868, -6483.1720905303955, -6493.721164703369, -6472.39465713501, -6476.20938873291, -6458.067911148071, -6480.575372695923, -6468.151155471802, -6477.614664077759, -6476.511484146118, -6456.344158172607, -6476.049266815186, -6481.47204208374, -6458.014799118042, -6471.3297481536865, -6450.819059371948, -6485.524394989014, -6463.150152206421, -6437.811483383179, -6476.189189910889, -6460.051807403564, -6470.896221160889, -6463.089962005615, -6446.6463050842285, -6471.471567153931, -6457.292779922485, -6453.165111541748], "epsilon_log": []}