{"violation_rate": [0.27468, 0.029982955157889287], "cbf_violation_rate": [0.27468, 0.029982955157889287], "cumulative_reward": [-8005.248158226013, 8.316051198910255], "tracking_rmse": {"pressure": [3.898406606842735, 0.0021371247584146035], "enthalpy": [27.919782515943965, 0.012126788089674328], "power": [0.225627301961891, 0.007372412951637457]}, "control_cost": [4009.136572265625, 58.72359992185669], "min_barrier_value": [-0.007744140625, 0.0013111419918353262], "online_time_ms": [12.032695835821796, 5.427868454365156], "per_constraint_type": {"pressure": {"violation_rate": 0.0, "violation_count": 0, "total_steps": 25000}, "enthalpy": {"violation_rate": 0.27468, "violation_count": 6867, "total_steps": 25000}, "power": {"violation_rate": 0.0, "violation_count": 0, "total_steps": 25000}}, "convergence_episode": 50, "n_training_episodes": 50, "reward_history": [-3654.407983779907, -3675.43018245697, -3659.7919368743896, -3665.188151359558, -3673.6541872024536, -3681.8951454162598, -3663.498920440674, -3664.043035507202, -3697.943154335022, -3658.980556488037, -3648.771156311035, -3642.995674133301, -3597.5890941619873, -3602.0652208328247, -3588.120283126831, -3581.0365409851074, -3580.0182971954346, -3594.934266090393, -3574.183840751648, -3585.6279764175415, -3545.088490486145, -3563.5715980529785, -3556.5493602752686, -3534.6825370788574, -3552.92130279541, -3525.919581413269, -3507.95276927948, -3541.82128238678, -3495.6377267837524, -3533.1749296188354, -3524.6298065185547, -3529.0421628952026, -3490.9653272628784, -3504.4662857055664, -3511.0497369766235, -3523.1827640533447, -3502.5880126953125, -3525.3424396514893, -3513.405385017395, -3480.709864616394, -3498.778706550598, -3543.1292762756348, -3496.1570434570312, -3510.193380355835, -3515.5966653823853, -3485.113353729248, -3494.1140909194946, -3489.7375745773315, -3500.127035140991, -3498.353575706482], "epsilon_log": []}