{"violation_rate": [0.99796, 0.0002800000000000003], "cbf_violation_rate": [0.99796, 0.0002800000000000003], "cumulative_reward": [-24908.50524382591, 29.014601736020843], "tracking_rmse": {"pressure": [6.8076501275672845, 0.0035409091045809876], "enthalpy": [58.061790823497596, 0.37498104257139775], "power": [0.19238903032935364, 0.00694857922341]}, "control_cost": [1978.3382397460937, 70.61856259521942], "min_barrier_value": [-49.443115234375, 2.442206393783225], "online_time_ms": [15.439943392877467, 34.33264255536002], "per_constraint_type": {"pressure": {"violation_rate": 0.0, "violation_count": 0, "total_steps": 25000}, "enthalpy": {"violation_rate": 0.99796, "violation_count": 24949, "total_steps": 25000}, "power": {"violation_rate": 0.0, "violation_count": 0, "total_steps": 25000}}, "convergence_episode": 50, "n_training_episodes": 50, "reward_history": [-10232.72591304779, -10222.113639831543, -10252.841279029846, -10253.037652015686, -10252.32241153717, -10230.43402671814, -10268.444858551025, -10209.413166046143, -10210.365467071533, -10208.628803253174, -10216.53757572174, -10192.38471031189, -10147.896916389465, -10136.706038475037, -10128.193243026733, -10073.69861984253, -10090.043607711792, -10028.062059402466, -10080.146532058716, -10007.870166778564, -10039.060229301453, -10026.790106773376, -10023.276116371155, -9944.606097221375, -9979.311287879944, -9987.39047908783, -9951.138858795166, -9953.138325691223, -9907.687036514282, -9968.371421813965, -9932.763928413391, -9961.478953361511, -9943.866215705872, -9916.895135879517, -9938.329504966736, -9949.977668762207, -9904.385046005249, -9922.029668807983, -9880.236643791199, -9940.636459350586, -9909.305433273315, -9861.950158119202, -9933.403571128845, -9893.296730041504, -9913.519798278809, -9907.466806411743, -9862.549419403076, -9921.869720458984, -9893.935946464539, -9879.146964073181], "epsilon_log": []}