{"violation_rate": [0.0, 0.0], "cbf_violation_rate": [0.0, 0.0], "cumulative_reward": [-5924.9757402515415, 8.133678598147997], "tracking_rmse": {"pressure": [3.3338634503088667, 0.0023502825672899043], "enthalpy": [26.64699158722071, 0.014615603104841009], "power": [0.23341382808944208, 0.008448799071558624]}, "control_cost": [4551.8675390625, 60.0043040053534], "min_barrier_value": [1.1392431640625, 0.002251188388216482], "online_time_ms": [16.78824809846701, 5.435491639686255], "per_constraint_type": {"pressure": {"violation_rate": 0.0, "violation_count": 0, "total_steps": 25000}, "enthalpy": {"violation_rate": 0.0, "violation_count": 0, "total_steps": 25000}, "power": {"violation_rate": 0.0, "violation_count": 0, "total_steps": 25000}}, "convergence_episode": 50, "n_training_episodes": 50, "reward_history": [-2788.7696895599365, -2788.5241651535034, -2794.6520433425903, -2809.815496444702, -2807.14604473114, -2794.5543670654297, -2813.9675149917603, -2783.1435623168945, -2788.3022441864014, -2781.6747465133667, -2785.505249977112, -2752.721179962158, -2732.4577169418335, -2742.567603111267, -2741.511805534363, -2716.7215089797974, -2729.2390880584717, -2698.1101579666138, -2722.4312782287598, -2684.4967136383057, -2708.132116317749, -2697.8103246688843, -2694.269739151001, -2662.712230682373, -2673.499451637268, -2686.2811994552612, -2662.148238182068, -2666.799506187439, -2647.8776960372925, -2670.890444755554, -2658.2269983291626, -2667.903464317322, -2667.794726371765, -2644.274838447571, -2667.6152544021606, -2673.8515996932983, -2647.7705183029175, -2663.1807613372803, -2640.6106176376343, -2680.2030639648438, -2654.162700653076, -2626.624843597412, -2668.747678756714, -2651.6641721725464, -2663.987982749939, -2654.613758087158, -2637.352638244629, -2663.4167881011963, -2648.200711250305, -2644.6439685821533], "epsilon_log": []}