{"violation_rate": [0.0, 0.0], "cbf_violation_rate": [0.0, 0.0], "cumulative_reward": [-5854.689901599884, 9.127987979779943], "tracking_rmse": {"pressure": [3.3334797825876876, 0.0023621663446840527], "enthalpy": [23.91855099563952, 0.05419390663797636], "power": [0.23995321795654345, 0.008197577397538607]}, "control_cost": [5587.6848828125, 67.58667380205665], "min_barrier_value": [3.4704345703125, 0.02912806385935463], "online_time_ms": [9.707066175511573, 2.5502357186887634], "per_constraint_type": {"pressure": {"violation_rate": 0.0, "violation_count": 0, "total_steps": 25000}, "enthalpy": {"violation_rate": 0.0, "violation_count": 0, "total_steps": 25000}, "power": {"violation_rate": 0.0, "violation_count": 0, "total_steps": 25000}}, "convergence_episode": 50, "n_training_episodes": 50, "reward_history": [-2788.76971244812, -2788.5241651535034, -2794.651936531067, -2809.815496444702, -2807.146005630493, -2794.5543670654297, -2813.9674367904663, -2783.1434650421143, -2788.302267074585, -2781.67476272583, -2785.505249977112, -2752.721202850342, -2732.4577169418335, -2742.5676250457764, -2741.511800765991, -2716.721495628357, -2729.2391090393066, -2698.110134124756, -2722.4312782287598, -2684.4967136383057, -2708.132098197937, -2697.8103771209717, -2694.269739151001, -2662.712205886841, -2673.499430656433, -2686.2811698913574, -2662.148238182068, -2666.799506187439, -2647.8777112960815, -2670.8904695510864, -2658.226950645447, -2667.9033765792847, -2667.794726371765, -2644.2727975845337, -2667.6152544021606, -2673.8515996932983, -2647.770492553711, -2663.1807146072388, -2640.6101083755493, -2680.2030639648438, -2654.162657737732, -2626.6236515045166, -2668.747678756714, -2651.6643114089966, -2663.9879570007324, -2654.613758087158, -2637.352638244629, -2663.4167881011963, -2648.2007331848145, -2644.6440143585205], "epsilon_log": []}