{"violation_rate": [0.0, 0.0], "cbf_violation_rate": [0.0, 0.0], "cumulative_reward": [-7966.999490594864, 6.955506978679736], "tracking_rmse": {"pressure": [3.8981741448955303, 0.0016956294793955347], "enthalpy": [26.548904809474152, 0.017545023499916598], "power": [0.22562268835014357, 0.007714124191874249]}, "control_cost": [4392.778203125, 56.84466531324343], "min_barrier_value": [1.1843115234375, 0.007060082553564581], "online_time_ms": [17.396316041403917, 5.1804238959067925], "per_constraint_type": {"pressure": {"violation_rate": 0.0, "violation_count": 0, "total_steps": 25000}, "enthalpy": {"violation_rate": 0.0, "violation_count": 0, "total_steps": 25000}, "power": {"violation_rate": 0.0, "violation_count": 0, "total_steps": 25000}}, "convergence_episode": 50, "n_training_episodes": 50, "reward_history": [-3668.072229385376, -3645.062469482422, -3680.3916635513306, -3660.20445728302, -3671.713083267212, -3672.847816467285, -3672.3331155776978, -3638.621008872986, -3653.8409729003906, -3669.237216949463, -3643.3255491256714, -3641.432231903076, -3587.3432397842407, -3605.0414209365845, -3590.1342220306396, -3577.969846725464, -3595.105767250061, -3567.477035522461, -3578.974723815918, -3565.068613052368, -3550.3687238693237, -3550.912959098816, -3548.481099128723, -3514.707378387451, -3525.106770515442, -3537.441164970398, -3516.6037425994873, -3544.49511051178, -3517.932382583618, -3522.4589767456055, -3497.918649673462, -3528.688654899597, -3525.3192195892334, -3491.50359249115, -3521.6226320266724, -3522.1107873916626, -3520.5954217910767, -3520.021457672119, -3497.745888710022, -3475.3559579849243, -3495.0298080444336, -3508.017834663391, -3488.378685951233, -3513.4655542373657, -3484.499207496643, -3509.5287475585938, -3511.3457250595093, -3475.8076887130737, -3508.320125579834, -3489.3105392456055], "epsilon_log": []}