{"violation_rate": [0.9638800000000001, 0.007974057938088995], "cbf_violation_rate": [0.9638800000000001, 0.007974057938088995], "cumulative_reward": [-13633.19993516922, 24.508471181528286], "tracking_rmse": {"pressure": [4.957308046257139, 0.0026549007813649684], "enthalpy": [51.33410106412395, 0.44594525585026545], "power": [0.21849469827517098, 0.007699879625118118]}, "control_cost": [2408.0858447265623, 125.9664235055166], "min_barrier_value": [-45.1133740234375, 2.6975476067763995], "online_time_ms": [20.526280214502478, 52.33477789505995], "per_constraint_type": {"pressure": {"violation_rate": 0.0, "violation_count": 0, "total_steps": 25000}, "enthalpy": {"violation_rate": 0.96388, "violation_count": 24097, "total_steps": 25000}, "power": {"violation_rate": 0.0, "violation_count": 0, "total_steps": 25000}}, "convergence_episode": 50, "n_training_episodes": 50, "reward_history": [-5673.828385353088, -5672.403858184814, -5683.538393974304, -5700.975111961365, -5697.333855628967, -5680.073745727539, -5708.195118904114, -5663.5614585876465, -5669.242171287537, -5662.486562728882, -5673.026476860046, -5640.147808074951, -5596.3744468688965, -5605.130829811096, -5603.066334724426, -5565.609454154968, -5582.391110420227, -5537.295216560364, -5573.427682876587, -5519.736389160156, -5551.4081172943115, -5537.5714635849, -5533.264927864075, -5484.260847091675, -5503.324957847595, -5518.465190887451, -5486.619318962097, -5492.149842262268, -5461.493407249451, -5501.212371826172, -5480.31768321991, -5494.738556861877, -5492.633013725281, -5461.121037483215, -5491.687660217285, -5499.79817199707, -5462.288507461548, -5482.290863037109, -5448.4680070877075, -5503.095973968506, -5468.509732246399, -5430.157432556152, -5488.229621887207, -5462.010989189148, -5478.171270370483, -5467.807827472687, -5440.042957305908, -5478.71914768219, -5458.327416419983, -5450.338822364807], "epsilon_log": []}