{"violation_rate": [0.0, 0.0], "cbf_violation_rate": [0.0, 0.0], "cumulative_reward": [-5791.149794082641, 8.126818177981397], "tracking_rmse": {"pressure": [3.3337962790255506, 0.0018683364412281785], "enthalpy": [21.045658786091234, 0.09772739730480666], "power": [0.23871567008854883, 0.007700002894651087]}, "control_cost": [6756.844072265625, 77.78556473768272], "min_barrier_value": [4.099363327026367, 0.0], "online_time_ms": [10.389199822775554, 1.9946157761343253], "per_constraint_type": {"pressure": {"violation_rate": 0.0, "violation_count": 0, "total_steps": 25000}, "enthalpy": {"violation_rate": 0.0, "violation_count": 0, "total_steps": 25000}, "power": {"violation_rate": 0.0, "violation_count": 0, "total_steps": 25000}}, "convergence_episode": 50, "n_training_episodes": 50, "reward_history": [-2799.512508392334, -2779.1724605560303, -2809.173501968384, -2791.425401687622, -2801.7106828689575, -2801.483673095703, -2801.985152244568, -2771.8403520584106, -2783.904754638672, -2797.8293104171753, -2773.6438665390015, -2769.962131500244, -2727.239510536194, -2744.3487825393677, -2730.51335811615, -2719.9747066497803, -2733.990035057068, -2709.885910987854, -2718.5051279067993, -2707.356436729431, -2694.5900859832764, -2693.9333896636963, -2692.069836616516, -2662.020637512207, -2670.3399810791016, -2681.6913270950317, -2664.2831201553345, -2687.7679777145386, -2664.233899116516, -2668.387237548828, -2646.64014339447, -2671.103479385376, -2669.3375034332275, -2640.079873085022, -2665.651529312134, -2665.2421283721924, -2664.8561992645264, -2664.4164752960205, -2645.2305727005005, -2626.470552444458, -2642.2224912643433, -2656.053440093994, -2637.281373023987, -2659.5982151031494, -2633.137706756592, -2655.9540643692017, -2657.069116592407, -2626.3333377838135, -2655.7453832626343, -2638.22993850708], "epsilon_log": []}