{"violation_rate": [0.7610399999999999, 0.02144104475066457], "cbf_violation_rate": [0.7610399999999999, 0.02144104475066457], "cumulative_reward": [-13096.967595186234, 37.32428020724154], "tracking_rmse": {"pressure": [4.939101744667622, 0.006702379212602937], "enthalpy": [41.74348769834714, 0.8023792596103249], "power": [0.35638985458995615, 0.015358043576059967]}, "control_cost": [9164.5978515625, 269.5332723864769], "min_barrier_value": [-40.413486328125, 2.771401605429594], "online_time_ms": [16.02331980507821, 4.965410311609389], "per_constraint_type": {"pressure": {"violation_rate": 0.0, "violation_count": 0, "total_steps": 25000}, "enthalpy": {"violation_rate": 0.76104, "violation_count": 19026, "total_steps": 25000}, "power": {"violation_rate": 0.0, "violation_count": 0, "total_steps": 25000}}, "convergence_episode": 50, "n_training_episodes": 50, "reward_history": [-5689.5989818573, -5659.437207221985, -5702.026305198669, -5674.613828659058, -5692.337056159973, -5688.229416847229, -5691.454759597778, -5645.222372055054, -5661.590219497681, -5681.82332611084, -5655.648435592651, -5660.916660308838, -5585.292572021484, -5604.5786962509155, -5584.944994926453, -5572.937099456787, -5590.676959991455, -5553.132279396057, -5565.272996902466, -5551.029767990112, -5532.453598976135, -5531.493765830994, -5530.3061990737915, -5483.659986495972, -5495.501370429993, -5514.196038246155, -5488.596029281616, -5525.06240940094, -5487.2752895355225, -5496.605435371399, -5462.323314666748, -5497.1482582092285, -5494.539598464966, -5450.226504325867, -5489.155697822571, -5483.467001914978, -5484.8821659088135, -5484.433506011963, -5454.016031265259, -5428.9722328186035, -5446.9581871032715, -5470.445167541504, -5441.026620864868, -5473.501124382019, -5433.558568954468, -5468.578682899475, -5467.993608474731, -5425.272798538208, -5467.299942970276, -5439.419721603394], "epsilon_log": []}