{"violation_rate": [0.00092, 0.000996794863550169], "cbf_violation_rate": [0.00092, 0.000996794863550169], "cumulative_reward": [-7901.699202098846, 9.343597204099622], "tracking_rmse": {"pressure": [3.8984066971236735, 0.0021370483070076037], "enthalpy": [23.92927577296968, 0.04650991217361342], "power": [0.22562747001897404, 0.007372507194349221]}, "control_cost": [5198.3608984375, 69.16983115566494], "min_barrier_value": [0.070625, 0.661116946847343], "online_time_ms": [26.71890650795307, 21.49664012704838], "per_constraint_type": {"pressure": {"violation_rate": 0.0, "violation_count": 0, "total_steps": 25000}, "enthalpy": {"violation_rate": 0.00092, "violation_count": 23, "total_steps": 25000}, "power": {"violation_rate": 0.0, "violation_count": 0, "total_steps": 25000}}, "convergence_episode": 50, "n_training_episodes": 50, "reward_history": [-3654.407983779907, -3675.43018245697, -3659.7919368743896, -3665.188151359558, -3673.6541872024536, -3681.8951454162598, -3663.4988193511963, -3664.043062210083, -3697.943175315857, -3658.980556488037, -3648.7712059020996, -3642.9958534240723, -3597.589122772217, -3602.0652208328247, -3588.120330810547, -3581.0365409851074, -3580.0182971954346, -3594.934239387512, -3574.1838903427124, -3585.627932548523, -3545.088490486145, -3563.5715980529785, -3556.5493602752686, -3534.6825370788574, -3552.92130279541, -3525.919581413269, -3507.952738761902, -3541.8213033676147, -3495.6377267837524, -3533.1749296188354, -3524.6298065185547, -3529.0421323776245, -3490.9653272628784, -3504.4662857055664, -3511.0496759414673, -3523.182794570923, -3502.587978363037, -3525.3424396514893, -3513.4053716659546, -3480.7098627090454, -3498.7787313461304, -3543.1292762756348, -3496.157066345215, -3510.193380355835, -3515.5966653823853, -3485.1133785247803, -3494.1140909194946, -3489.7375440597534, -3500.1282720565796, -3498.3534727096558], "epsilon_log": []}