{"violation_rate": [0.9530799999999999, 0.009314161261219383], "cbf_violation_rate": [0.9530799999999999, 0.009314161261219383], "cumulative_reward": [-13624.664890565873, 26.135772923654862], "tracking_rmse": {"pressure": [4.957712275612145, 0.002112049952154949], "enthalpy": [51.12934540473778, 0.49457746759787763], "power": [0.27739935635698815, 0.014917157511306274]}, "control_cost": [2892.4230419921873, 208.95678585549769], "min_barrier_value": [-45.32498046875, 2.2686184682838744], "online_time_ms": [17.064641717472114, 6.365527749585922], "per_constraint_type": {"pressure": {"violation_rate": 0.0, "violation_count": 0, "total_steps": 25000}, "enthalpy": {"violation_rate": 0.95308, "violation_count": 23827, "total_steps": 25000}, "power": {"violation_rate": 0.0, "violation_count": 0, "total_steps": 25000}}, "convergence_episode": 50, "n_training_episodes": 50, "reward_history": [-5689.598928451538, -5659.437207221985, -5702.026278495789, -5674.613828659058, -5692.337136268616, -5688.229416847229, -5691.454759597778, -5645.222372055054, -5661.590219497681, -5681.82332611084, -5655.648403167725, -5660.916505813599, -5585.292726516724, -5604.578721046448, -5584.944994926453, -5572.937080383301, -5590.676959991455, -5553.132279396057, -5565.272996902466, -5551.02986907959, -5532.4538469314575, -5531.493765830994, -5530.306639671326, -5483.659961700439, -5495.501696586609, -5514.196038246155, -5488.596019744873, -5525.06240940094, -5487.2752895355225, -5496.605435371399, -5462.323286056519, -5497.148162841797, -5494.539598464966, -5450.226504325867, -5489.155724525452, -5483.467001914978, -5484.8821659088135, -5484.433525085449, -5454.016031265259, -5428.972177505493, -5446.95810508728, -5470.445167541504, -5441.026620864868, -5473.501124382019, -5433.558568954468, -5468.578682899475, -5467.993608474731, -5425.272771835327, -5467.299942970276, -5439.419620513916], "epsilon_log": []}