{"violation_rate": [0.9936, 0.0031496031496047274], "cbf_violation_rate": [0.9936, 0.0031496031496047274], "cumulative_reward": [-16146.806384658814, 13.823370095909606], "tracking_rmse": {"pressure": [5.488211668519426, 0.001442768338934967], "enthalpy": [45.90333615895993, 0.28386435239850905], "power": [0.21538370583607389, 0.007255651160318374]}, "control_cost": [2020.0240478515625, 70.40135259369893], "min_barrier_value": [-37.816201171875, 2.5648244212105196], "online_time_ms": [32.86668149776058, 27.005843252125526], "per_constraint_type": {"pressure": {"violation_rate": 0.0, "violation_count": 0, "total_steps": 25000}, "enthalpy": {"violation_rate": 0.9936, "violation_count": 24840, "total_steps": 25000}, "power": {"violation_rate": 0.0, "violation_count": 0, "total_steps": 25000}}, "convergence_episode": 50, "n_training_episodes": 50, "reward_history": [-6592.244569778442, -6591.298505783081, -6598.585878372192, -6609.98387336731, -6608.108371734619, -6596.627309799194, -6614.246351242065, -6586.214267730713, -6590.209833145142, -6585.337047576904, -6588.891056060791, -6559.674091339111, -6540.453115463257, -6549.135568618774, -6547.7719078063965, -6524.582851409912, -6535.581512451172, -6506.517251968384, -6529.2602825164795, -6494.173446655273, -6514.843885421753, -6505.747911453247, -6502.588705062866, -6472.286205291748, -6483.172689437866, -6493.722734451294, -6472.396768569946, -6476.2081508636475, -6458.070308685303, -6480.577404022217, -6468.151760101318, -6477.6106300354, -6476.5116329193115, -6456.340354919434, -6476.046308517456, -6481.468656539917, -6458.011999130249, -6471.328653335571, -6450.81791305542, -6485.5233516693115, -6463.147577285767, -6437.810140609741, -6476.188451766968, -6460.05099105835, -6470.8942947387695, -6463.0912799835205, -6446.645652770996, -6471.471572875977, -6457.2921352386475, -6453.164770126343], "epsilon_log": []}