{"violation_rate": [0.99372, 0.002800285699709944], "cbf_violation_rate": [0.99372, 0.002800285699709944], "cumulative_reward": [-16146.11785697937, 16.2209630986089], "tracking_rmse": {"pressure": [5.488565810683022, 0.0014524306560325807], "enthalpy": [45.84929598576514, 0.29918107866325966], "power": [0.21435983937450026, 0.006474138467179787]}, "control_cost": [2013.6635498046876, 70.59365360041078], "min_barrier_value": [-38.083125, 1.9421337603548046], "online_time_ms": [51.16823954069521, 32.749791837250115], "per_constraint_type": {"pressure": {"violation_rate": 0.0, "violation_count": 0, "total_steps": 25000}, "enthalpy": {"violation_rate": 0.99372, "violation_count": 24843, "total_steps": 25000}, "power": {"violation_rate": 0.0, "violation_count": 0, "total_steps": 25000}}, "convergence_episode": 50, "n_training_episodes": 50, "reward_history": [-6592.104015350342, -6607.220376968384, -6595.948078155518, -6596.1630935668945, -6604.1480712890625, -6608.559881210327, -6595.383600234985, -6593.399194717407, -6621.961683273315, -6593.560594558716, -6580.644811630249, -6576.877641677856, -6543.632472991943, -6546.557992935181, -6533.873388290405, -6531.120969772339, -6527.643177032471, -6538.1061935424805, -6521.542003631592, -6530.666862487793, -6500.874250411987, -6513.88641166687, -6507.836441040039, -6487.745639801025, -6502.026082992554, -6479.647085189819, -6466.588991165161, -6492.365230560303, -6455.937223434448, -6484.855373382568, -6477.661661148071, -6482.012119293213, -6450.111415863037, -6461.221101760864, -6465.172494888306, -6476.064224243164, -6458.481018066406, -6478.430988311768, -6465.144323348999, -6439.255744934082, -6458.7093334198, -6491.106954574585, -6454.635938644409, -6463.523202896118, -6466.689434051514, -6444.895225524902, -6451.273006439209, -6447.367193222046, -6455.463514328003, -6454.762762069702], "epsilon_log": []}