{"violation_rate": [0.0, 0.0], "cbf_violation_rate": [0.0, 0.0], "cumulative_reward": [-5469.456216316223, 5.630531462554661], "tracking_rmse": {"pressure": [3.212298660847625, 0.0014032225864822555], "enthalpy": [24.42750656850908, 0.04971187484153121], "power": [0.2386244909676504, 0.007717734318980047]}, "control_cost": [4247.8153125, 61.63165721919784], "min_barrier_value": [2.807744140625, 0.004228143477417128], "online_time_ms": [11.991579081094823, 2.6339894793361185], "per_constraint_type": {"pressure": {"violation_rate": 0.0, "violation_count": 0, "total_steps": 25000}, "enthalpy": {"violation_rate": 0.0, "violation_count": 0, "total_steps": 25000}, "power": {"violation_rate": 0.0, "violation_count": 0, "total_steps": 25000}}, "convergence_episode": 50, "n_training_episodes": 50, "reward_history": [-2587.479103088379, -2568.9928770065308, -2598.8958292007446, -2583.1483659744263, -2591.147883415222, -2594.4681329727173, -2592.362877845764, -2566.236644744873, -2579.766945838928, -2591.9090757369995, -2565.1951570510864, -2561.4248304367065, -2523.210739135742, -2538.288948059082, -2526.0887575149536, -2514.4529972076416, -2530.1992540359497, -2508.7845964431763, -2518.9788455963135, -2506.1694164276123, -2494.0353441238403, -2494.9648036956787, -2492.03484249115, -2465.99227142334, -2474.9511251449585, -2483.682643890381, -2466.284999847412, -2488.2251586914062, -2468.1299619674683, -2469.885947227478, -2450.96727848053, -2477.2992544174194, -2473.905035018921, -2446.8351316452026, -2470.938899040222, -2474.174160003662, -2471.7048168182373, -2471.306406021118, -2454.3900203704834, -2434.8486371040344, -2454.0126991271973, -2462.1982097625732, -2447.9159269332886, -2468.4240169525146, -2445.9245681762695, -2465.2782039642334, -2468.073501586914, -2437.915065765381, -2464.5309553146362, -2450.5453910827637], "epsilon_log": []}