{"violation_rate": [0.00792, 0.0030452586097078848], "cbf_violation_rate": [0.00792, 0.0030452586097078848], "cumulative_reward": [-5360.927686843872, 4.189508968521677], "tracking_rmse": {"pressure": [3.226515871587132, 0.0004537604988919468], "enthalpy": [16.958008855755278, 0.18209302741349156], "power": [0.28367290591381517, 0.010996748352806484]}, "control_cost": [7780.9409765625, 189.47229924785952], "min_barrier_value": [-14.168115234375, 4.976155215953488], "online_time_ms": [13.705530316289515, 4.136009168639765], "per_constraint_type": {"pressure": {"violation_rate": 0.0, "violation_count": 0, "total_steps": 25000}, "enthalpy": {"violation_rate": 0.00792, "violation_count": 198, "total_steps": 25000}, "power": {"violation_rate": 0.0, "violation_count": 0, "total_steps": 25000}}, "convergence_episode": 50, "n_training_episodes": 50, "reward_history": [-2577.6413774490356, -2580.324065208435, -2581.0311155319214, -2602.721806526184, -2598.6089248657227, -2586.511637687683, -2604.9582290649414, -2575.244408607483, -2582.0068979263306, -2572.887505531311, -2576.5014877319336, -2541.52659034729, -2523.809003829956, -2535.432026863098, -2535.408507347107, -2512.916386604309, -2526.6256952285767, -2497.49080657959, -2519.5671396255493, -2483.7753343582153, -2509.573462486267, -2497.8676385879517, -2493.6843547821045, -2467.28013420105, -2475.042293548584, -2490.4196157455444, -2465.7074995040894, -2471.4892768859863, -2453.9138612747192, -2474.304528236389, -2463.9448080062866, -2469.8323221206665, -2474.0815114974976, -2446.988534927368, -2475.0228633880615, -2480.7079219818115, -2454.5758180618286, -2471.943561553955, -2449.325753211975, -2491.272599220276, -2462.2068309783936, -2435.2645530700684, -2477.0764055252075, -2462.2368869781494, -2474.2621603012085, -2463.5918412208557, -2449.169569015503, -2471.6470127105713, -2457.9776220321655, -2455.4638538360596], "epsilon_log": []}