{"violation_rate": [0.00192, 0.00039191835884530855], "cbf_violation_rate": [0.00192, 0.00039191835884530855], "cumulative_reward": [-5414.100908164978, 5.553127937599875], "tracking_rmse": {"pressure": [3.2115791139627823, 0.0014101437657932211], "enthalpy": [22.15119950464127, 0.05527473567642839], "power": [0.24013212022428265, 0.007750725010392123]}, "control_cost": [4953.804599609375, 62.579965744296445], "min_barrier_value": [-12.516098670959472, 6.962159375793559], "online_time_ms": [12.870761800804175, 6.27930122009867], "per_constraint_type": {"pressure": {"violation_rate": 0.0, "violation_count": 0, "total_steps": 25000}, "enthalpy": {"violation_rate": 0.00192, "violation_count": 48, "total_steps": 25000}, "power": {"violation_rate": 0.0, "violation_count": 0, "total_steps": 25000}}, "convergence_episode": 50, "n_training_episodes": 50, "reward_history": [-2587.479103088379, -2568.9929189682007, -2598.8958530426025, -2583.1483659744263, -2591.147792816162, -2594.466519355774, -2592.3581981658936, -2566.2361516952515, -2579.7629899978638, -2591.840663909912, -2564.6451272964478, -2560.778917312622, -2523.157329559326, -2538.3006067276, -2526.1020765304565, -2514.4620609283447, -2530.201889038086, -2508.777708053589, -2518.9617834091187, -2506.1411142349243, -2493.993748664856, -2494.9099321365356, -2491.962384223938, -2465.905517578125, -2474.8439588546753, -2483.5494327545166, -2466.128734588623, -2488.0283203125, -2467.901930809021, -2469.618395805359, -2450.6631202697754, -2476.9406843185425, -2473.518892288208, -2446.4364070892334, -2470.522584915161, -2473.7579860687256, -2471.319402694702, -2470.9578924179077, -2454.082341194153, -2434.5939350128174, -2453.787981033325, -2462.010955810547, -2447.7612447738647, -2468.2958974838257, -2445.8176975250244, -2465.190609931946, -2468.0003566741943, -2437.8538303375244, -2464.480195045471, -2450.503412246704], "epsilon_log": []}