{"violation_rate": [0.0038, 0.0006], "cbf_violation_rate": [0.0038, 0.0006], "cumulative_reward": [-23614.675826597213, 19.19515370756047], "tracking_rmse": {"pressure": [6.80810030950402, 0.0027964274997914844], "enthalpy": [27.96556846761083, 0.00406556951632294], "power": [0.19139670177573762, 0.00657012951499805]}, "control_cost": [7072.036865234375, 55.75256798515504], "min_barrier_value": [-0.00462890625, 0.0007688840671650273], "online_time_ms": [12.477892055679114, 6.591477020066476], "per_constraint_type": {"pressure": {"violation_rate": 0.0, "violation_count": 0, "total_steps": 25000}, "enthalpy": {"violation_rate": 0.0038, "violation_count": 95, "total_steps": 25000}, "power": {"violation_rate": 0.0, "violation_count": 0, "total_steps": 25000}}, "convergence_episode": 50, "n_training_episodes": 50, "reward_history": [-10255.195470809937, -10211.399046897888, -10264.907982826233, -10223.236795425415, -10254.296684265137, -10236.116087913513, -10249.233960151672, -10178.462351799011, -10193.58479309082, -10223.466564178467, -10194.266394615173, -10207.37700176239, -10116.320724487305, -10130.44197845459, -10099.237713813782, -10089.98893070221, -10104.99095249176, -10048.807312965393, -10058.896896362305, -10046.996055603027, -10021.483840942383, -10015.656574249268, -10017.673454284668, -9945.099336624146, -9957.946122169495, -9990.046269416809, -9956.907933235168, -10007.711917877197, -9947.101295471191, -9966.774751663208, -9913.17251777649, -9949.99524307251, -9951.358726501465, -9888.21708202362, -9942.717925071716, -9921.45766544342, -9931.199529647827, -9931.807189941406, -9886.336091041565, -9860.13275194168, -9868.834215164185, -9918.215441703796, -9866.883883476257, -9913.261729240417, -9850.696028709412, -9906.766018867493, -9899.23547744751, -9846.35007095337, -9906.17695903778, -9859.769545555115], "epsilon_log": []}