{"violation_rate": [0.98176, 0.006294632634236891], "cbf_violation_rate": [0.98176, 0.006294632634236891], "cumulative_reward": [-13647.568460702896, 26.746301911286263], "tracking_rmse": {"pressure": [4.957656642648487, 0.0021126338448030813], "enthalpy": [51.58294241227958, 0.4944191213042983], "power": [0.21572083465104602, 0.007387052668518426]}, "control_cost": [2217.482424316406, 94.14791152782013], "min_barrier_value": [-45.3119384765625, 2.2960023092757136], "online_time_ms": [18.685913565116934, 32.06477539099838], "per_constraint_type": {"pressure": {"violation_rate": 0.0, "violation_count": 0, "total_steps": 25000}, "enthalpy": {"violation_rate": 0.98176, "violation_count": 24544, "total_steps": 25000}, "power": {"violation_rate": 0.0, "violation_count": 0, "total_steps": 25000}}, "convergence_episode": 50, "n_training_episodes": 50, "reward_history": [-5689.598928451538, -5659.437207221985, -5702.026352882385, -5674.6139125823975, -5692.337142944336, -5688.227631568909, -5691.449598312378, -5645.2226638793945, -5661.591349601746, -5681.825693130493, -5655.620809555054, -5660.912086486816, -5585.273042678833, -5604.5754499435425, -5584.941870689392, -5572.933666229248, -5590.673562049866, -5553.129330635071, -5565.270211219788, -5551.027154922485, -5532.455554962158, -5531.494297981262, -5530.307007789612, -5483.666723251343, -5495.509955406189, -5514.203332901001, -5488.604472160339, -5525.073754310608, -5487.284992218018, -5496.620494842529, -5462.342673301697, -5497.166799545288, -5494.548110961914, -5450.23549747467, -5489.166827201843, -5483.474840164185, -5484.888653755188, -5484.441236495972, -5454.023934364319, -5428.976476192474, -5446.963878631592, -5470.448698997498, -5441.026630401611, -5473.500988006592, -5433.559210777283, -5468.580054283142, -5467.9935131073, -5425.270071029663, -5467.299515724182, -5439.420695304871], "epsilon_log": []}