{"violation_rate": [0.9425200000000001, 0.01101133960969324], "cbf_violation_rate": [0.9425200000000001, 0.01101133960969324], "cumulative_reward": [-13608.476914157867, 27.839095899311705], "tracking_rmse": {"pressure": [4.957339742164992, 0.002654403425998422], "enthalpy": [50.847325691891335, 0.47545645039518913], "power": [0.24580252460914906, 0.011778134905538926]}, "control_cost": [2834.34548828125, 209.85768602408942], "min_barrier_value": [-44.94322265625, 2.845737229984213], "online_time_ms": [18.152331056818365, 51.32190433945657], "per_constraint_type": {"pressure": {"violation_rate": 0.0, "violation_count": 0, "total_steps": 25000}, "enthalpy": {"violation_rate": 0.94252, "violation_count": 23563, "total_steps": 25000}, "power": {"violation_rate": 0.0, "violation_count": 0, "total_steps": 25000}}, "convergence_episode": 50, "n_training_episodes": 50, "reward_history": [-5673.828423500061, -5672.404050827026, -5683.53834438324, -5700.975060462952, -5697.333931922913, -5680.075839996338, -5708.198540687561, -5663.561635017395, -5669.241395950317, -5662.494993209839, -5673.1449937820435, -5640.470489501953, -5596.5239362716675, -5605.103466033936, -5603.0444622039795, -5565.594556808472, -5582.379601478577, -5537.300768852234, -5573.440861701965, -5519.764981269836, -5551.453178405762, -5537.631227493286, -5533.339351654053, -5484.355320930481, -5503.436763763428, -5518.600358963013, -5486.76861000061, -5492.31071472168, -5461.661979675293, -5501.381209373474, -5480.483923912048, -5494.898109436035, -5492.783900260925, -5461.248398780823, -5491.803995132446, -5499.898654937744, -5462.371694564819, -5482.363168716431, -5448.52571105957, -5503.149276733398, -5468.555100440979, -5430.194241523743, -5488.260681152344, -5462.037890434265, -5478.195919036865, -5467.828032493591, -5440.057394981384, -5478.734553337097, -5458.340167045593, -5450.346338272095], "epsilon_log": []}