{"violation_rate": [0.42948000000000003, 0.09598650738515284], "cbf_violation_rate": [0.42948000000000003, 0.09598650738515284], "cumulative_reward": [-8142.3737897586825, 106.54205957466415], "tracking_rmse": {"pressure": [3.8992636586143594, 0.0024071021962287003], "enthalpy": [32.20670311496967, 3.02425994367893], "power": [0.23493271251236325, 0.008913077113713839]}, "control_cost": [6600.34212890625, 705.0961289020424], "min_barrier_value": [-38.7965673828125, 3.2179236522792034], "online_time_ms": [17.447054513939655, 9.262263213226896], "per_constraint_type": {"pressure": {"violation_rate": 0.0, "violation_count": 0, "total_steps": 25000}, "enthalpy": {"violation_rate": 0.42948, "violation_count": 10737, "total_steps": 25000}, "power": {"violation_rate": 0.0, "violation_count": 0, "total_steps": 25000}}, "convergence_episode": 50, "n_training_episodes": 50, "reward_history": [-3655.920210838318, -3657.6006116867065, -3661.3431453704834, -3682.984007835388, -3678.717812538147, -3664.4795351028442, -3686.8532705307007, -3651.0056381225586, -3657.7837867736816, -3649.4447088241577, -3657.3114404678345, -3619.119758605957, -3591.3601770401, -3603.2898712158203, -3602.779682159424, -3574.4870929718018, -3589.86692237854, -3554.3495473861694, -3581.87823677063, -3538.9032983779907, -3567.8719968795776, -3554.8207483291626, -3550.426559448242, -3515.7508211135864, -3527.4986600875854, -3543.6047744750977, -3515.6388092041016, -3521.7520990371704, -3499.089478492737, -3527.180333137512, -3513.2098264694214, -3521.919273376465, -3524.94753074646, -3494.9984760284424, -3525.7359580993652, -3532.3321418762207, -3501.1756715774536, -3520.2389907836914, -3492.5628147125244, -3540.563446998596, -3508.019206047058, -3476.0638580322266, -3524.776640892029, -3505.585645675659, -3519.2583017349243, -3508.1677570343018, -3488.788884162903, -3517.2321243286133, -3500.966089248657, -3496.3814697265625], "epsilon_log": []}