{"violation_rate": [0.0, 0.0], "cbf_violation_rate": [0.0, 0.0], "cumulative_reward": [-5468.627075834274, 6.921753273150142], "tracking_rmse": {"pressure": [3.2120563456900704, 0.0017519842377418345], "enthalpy": [24.425453453691162, 0.055241715584765524], "power": [0.23986488741667825, 0.008333038251341093]}, "control_cost": [4264.901025390625, 66.08860614935706], "min_barrier_value": [2.86298828125, 0.005542583686083263], "online_time_ms": [11.890469945571386, 2.5535077887778788], "per_constraint_type": {"pressure": {"violation_rate": 0.0, "violation_count": 0, "total_steps": 25000}, "enthalpy": {"violation_rate": 0.0, "violation_count": 0, "total_steps": 25000}, "power": {"violation_rate": 0.0, "violation_count": 0, "total_steps": 25000}}, "convergence_episode": 50, "n_training_episodes": 50, "reward_history": [-2577.6413774490356, -2580.324065208435, -2581.0311155319214, -2602.721785545349, -2598.608560562134, -2586.5133123397827, -2604.9608659744263, -2575.244599342346, -2582.0122203826904, -2573.0008573532104, -2577.154396057129, -2542.274911880493, -2523.860662460327, -2535.4402933120728, -2535.4097843170166, -2512.914797782898, -2526.6192808151245, -2497.4790992736816, -2519.551465988159, -2483.754825592041, -2509.5476770401, -2497.8357095718384, -2493.6454162597656, -2467.2325563430786, -2474.9853553771973, -2490.348313331604, -2465.6265048980713, -2471.3878631591797, -2453.7947425842285, -2474.1603603363037, -2463.7738733291626, -2469.6355409622192, -2473.8585243225098, -2446.756429672241, -2474.7651510238647, -2480.442910194397, -2454.3287029266357, -2471.7047300338745, -2449.1153078079224, -2491.0799617767334, -2462.0461568832397, -2435.134123802185, -2476.9613542556763, -2462.144338607788, -2474.1841402053833, -2463.5294761657715, -2449.1188945770264, -2471.603380203247, -2457.9419860839844, -2455.435136795044], "epsilon_log": []}