{"violation_rate": [0.0, 0.0], "cbf_violation_rate": [0.0, 0.0], "cumulative_reward": [-5960.181287298203, 6.2812646666391485], "tracking_rmse": {"pressure": [3.3341176299492377, 0.0018736767195755186], "enthalpy": [27.905240879879347, 0.014059012722898051], "power": [0.23243384350091362, 0.007933134836040428]}, "control_cost": [4127.090239257813, 55.78889814813132], "min_barrier_value": [0.0, 0.0], "online_time_ms": [12.474651501362677, 3.5359009921583753], "per_constraint_type": {"pressure": {"violation_rate": 0.0, "violation_count": 0, "total_steps": 25000}, "enthalpy": {"violation_rate": 0.0, "violation_count": 0, "total_steps": 25000}, "power": {"violation_rate": 0.0, "violation_count": 0, "total_steps": 25000}}, "convergence_episode": 50, "n_training_episodes": 50, "reward_history": [-2799.512508392334, -2779.1724348068237, -2809.173560142517, -2791.425453186035, -2801.710762023926, -2801.4838552474976, -2801.983715057373, -2771.8405389785767, -2783.904962539673, -2797.8297357559204, -2773.64471244812, -2769.961895942688, -2727.23974609375, -2744.3470182418823, -2730.512716293335, -2719.9752855300903, -2733.9887733459473, -2709.8841190338135, -2718.5040998458862, -2707.358865737915, -2694.589961051941, -2693.934878349304, -2692.0677156448364, -2662.021233558655, -2670.3421936035156, -2681.693120956421, -2664.2866621017456, -2687.768551826477, -2664.237914085388, -2668.3890266418457, -2646.646580696106, -2671.1092672348022, -2669.3430881500244, -2640.085868835449, -2665.6553134918213, -2665.246326446533, -2664.8606662750244, -2664.422700881958, -2645.2358322143555, -2626.4720315933228, -2642.2240133285522, -2656.0548601150513, -2637.282703399658, -2659.5997858047485, -2633.1395139694214, -2655.9546127319336, -2657.0705003738403, -2626.33362865448, -2655.7456588745117, -2638.230344772339], "epsilon_log": []}