{"violation_rate": [0.0, 0.0], "cbf_violation_rate": [0.0, 0.0], "cumulative_reward": [-15180.498440856934, 6.412063460828688], "tracking_rmse": {"pressure": [5.4901890809135026, 0.0011562869931261235], "enthalpy": [11.978370900737577, 0.0023928312720421863], "power": [0.9678055996680658, 0.00014044542371431093]}, "control_cost": [25791.449375, 41.54771042785481], "min_barrier_value": [4.055423431396484, 0.0053918501967492784], "online_time_ms": [28.58253568897955, 8.158756800383548], "per_constraint_type": {"pressure": {"violation_rate": 0.0, "violation_count": 0, "total_steps": 25000}, "enthalpy": {"violation_rate": 0.0, "violation_count": 0, "total_steps": 25000}, "power": {"violation_rate": 0.0, "violation_count": 0, "total_steps": 25000}}, "convergence_episode": 50, "n_training_episodes": 50, "reward_history": [-6602.255344390869, -6583.466562271118, -6610.382551193237, -6593.624626159668, -6603.841829299927, -6602.5091190338135, -6603.858373641968, -6574.920892715454, -6585.782325744629, -6598.473924636841, -6577.887607574463, -6573.882305145264, -6533.9015254974365, -6550.349815368652, -6537.3353061676025, -6528.181190490723, -6540.549842834473, -6517.11554145813, -6524.370538711548, -6514.793155670166, -6503.195899963379, -6501.823713302612, -6500.6469650268555, -6471.8110065460205, -6478.776103973389, -6490.261178970337, -6474.038242340088, -6496.088319778442, -6473.2054233551025, -6478.018148422241, -6456.881099700928, -6478.652313232422, -6477.520727157593, -6449.968029022217, -6473.9684715271, -6472.123212814331, -6472.717210769653, -6472.555662155151, -6453.9757442474365, -6437.072401046753, -6450.424945831299, -6464.944524765015, -6446.467836380005, -6467.529026031494, -6442.337905883789, -6464.144723892212, -6464.400804519653, -6436.359180450439, -6464.126811981201, -6446.773176193237], "epsilon_log": []}