{"violation_rate": [0.0, 0.0], "cbf_violation_rate": [0.0, 0.0], "cumulative_reward": [-15180.462239227294, 7.961146864617938], "tracking_rmse": {"pressure": [5.490082061643852, 0.0014409762055095372], "enthalpy": [12.026274864891596, 0.0027091738976617995], "power": [0.9677820898833981, 0.00017447968755578678]}, "control_cost": [25782.867421875, 44.20533214812358], "min_barrier_value": [3.2783203125, 0.0], "online_time_ms": [18.911223791078665, 7.933492194325563], "per_constraint_type": {"pressure": {"violation_rate": 0.0, "violation_count": 0, "total_steps": 25000}, "enthalpy": {"violation_rate": 0.0, "violation_count": 0, "total_steps": 25000}, "power": {"violation_rate": 0.0, "violation_count": 0, "total_steps": 25000}}, "convergence_episode": 50, "n_training_episodes": 50, "reward_history": [-6592.244569778442, -6591.298505783081, -6598.585878372192, -6609.98387336731, -6608.108371734619, -6596.627309799194, -6614.246320724487, -6586.214267730713, -6590.209833145142, -6585.337066650391, -6588.891059875488, -6559.674001693726, -6540.453115463257, -6549.135568618774, -6547.7719078063965, -6524.5828285217285, -6535.581512451172, -6506.51727104187, -6529.260305404663, -6494.173446655273, -6514.843885421753, -6505.747829437256, -6502.588705062866, -6472.286205291748, -6483.172689437866, -6493.722734451294, -6472.396768569946, -6476.2081508636475, -6458.070308685303, -6480.577404022217, -6468.151760101318, -6477.610649108887, -6476.5116329193115, -6456.34033203125, -6476.046308517456, -6481.468679428101, -6458.011999130249, -6471.328653335571, -6450.817932128906, -6485.5233516693115, -6463.14760017395, -6437.810140609741, -6476.188451766968, -6460.05099105835, -6470.8942947387695, -6463.0912799835205, -6446.645652770996, -6471.471572875977, -6457.2921352386475, -6453.16477394104], "epsilon_log": []}