{"violation_rate": [0.0, 0.0], "cbf_violation_rate": [0.0, 0.0], "cumulative_reward": [-15181.091658401489, 7.955002337640474], "tracking_rmse": {"pressure": [5.490202006588072, 0.0014512031305814585], "enthalpy": [12.026117826832392, 0.005164883854605208], "power": [0.9675057828212763, 0.00034881534659999245]}, "control_cost": [25773.0072265625, 53.46601735055315], "min_barrier_value": [3.1934881973266602, 0.17645096009427166], "online_time_ms": [28.82780577593949, 8.01748455894553], "per_constraint_type": {"pressure": {"violation_rate": 0.0, "violation_count": 0, "total_steps": 25000}, "enthalpy": {"violation_rate": 0.0, "violation_count": 0, "total_steps": 25000}, "power": {"violation_rate": 0.0, "violation_count": 0, "total_steps": 25000}}, "convergence_episode": 50, "n_training_episodes": 50, "reward_history": [-6592.104015350342, -6607.220376968384, -6595.948078155518, -6596.1630935668945, -6604.1480712890625, -6608.559881210327, -6595.383600234985, -6593.399194717407, -6621.961683273315, -6593.560594558716, -6580.644830703735, -6576.877655029297, -6543.632514953613, -6546.557992935181, -6533.873365402222, -6531.120969772339, -6527.643154144287, -6538.106174468994, -6521.542003631592, -6530.666843414307, -6500.874250411987, -6513.886434555054, -6507.836441040039, -6487.745662689209, -6502.026063919067, -6479.647085189819, -6466.588991165161, -6492.365230560303, -6455.937223434448, -6484.855400085449, -6477.661661148071, -6482.012119293213, -6450.1113929748535, -6461.221101760864, -6465.172494888306, -6476.064205169678, -6458.481018066406, -6478.430988311768, -6465.144323348999, -6439.255744934082, -6458.7093334198, -6491.106954574585, -6454.635938644409, -6463.523202896118, -6466.689434051514, -6444.895225524902, -6451.273006439209, -6447.3672161102295, -6455.463514328003, -6454.762762069702], "epsilon_log": []}