{"violation_rate": [0.5601999999999999, 0.03828785708289247], "cbf_violation_rate": [0.5601999999999999, 0.03828785708289247], "cumulative_reward": [-6459.285010547638, 38.0216162750102], "tracking_rmse": {"pressure": [3.430447251037149, 0.001393187038494335], "enthalpy": [33.47661352671404, 1.0621103639615286], "power": [0.32214418106706594, 0.012347973924669084]}, "control_cost": [9650.13283203125, 364.3365764831974], "min_barrier_value": [-36.94630859375, 2.906733931926419], "online_time_ms": [14.199358722302131, 5.4705300708050615], "per_constraint_type": {"pressure": {"violation_rate": 0.0, "violation_count": 0, "total_steps": 25000}, "enthalpy": {"violation_rate": 0.5602, "violation_count": 14005, "total_steps": 25000}, "power": {"violation_rate": 0.0, "violation_count": 0, "total_steps": 25000}}, "convergence_episode": 50, "n_training_episodes": 50, "reward_history": [-2788.76971244812, -2788.524139404297, -2794.6520433425903, -2809.815496444702, -2807.14604473114, -2794.5543670654297, -2813.9675149917603, -2783.143542289734, -2788.3022441864014, -2781.6747646331787, -2785.5052490234375, -2752.721181869507, -2732.4577283859253, -2742.567603111267, -2741.511800765991, -2716.7215127944946, -2729.2390880584717, -2698.110134124756, -2722.431251525879, -2684.4967136383057, -2708.132098197937, -2697.8103246688843, -2694.269739151001, -2662.71222114563, -2673.499430656433, -2686.2811975479126, -2662.144787788391, -2666.799506187439, -2647.877673149109, -2670.890444755554, -2658.226950645447, -2667.9033765792847, -2667.7947034835815, -2644.274838447571, -2667.6152544021606, -2673.8515996932983, -2647.77050113678, -2663.1807346343994, -2640.6106176376343, -2680.2030639648438, -2654.1626834869385, -2626.624843597412, -2668.747678756714, -2651.6643352508545, -2663.9879570007324, -2654.613758087158, -2637.352638244629, -2663.4167881011963, -2648.2007331848145, -2644.6439685821533], "epsilon_log": []}