{"violation_rate": [0.35423999999999994, 0.027656868947876223], "cbf_violation_rate": [0.35423999999999994, 0.027656868947876223], "cumulative_reward": [-8004.352988634109, 6.650138931821134], "tracking_rmse": {"pressure": [3.898171035295548, 0.001695671728270788], "enthalpy": [27.91958553631459, 0.014616992867570596], "power": [0.22562272416334436, 0.0077141679966205015]}, "control_cost": [4007.5895947265626, 55.915098117886444], "min_barrier_value": [-0.0076220703125, 0.0012121674229020592], "online_time_ms": [12.601984028154984, 3.511490199645926], "per_constraint_type": {"pressure": {"violation_rate": 0.0, "violation_count": 0, "total_steps": 25000}, "enthalpy": {"violation_rate": 0.35424, "violation_count": 8856, "total_steps": 25000}, "power": {"violation_rate": 0.0, "violation_count": 0, "total_steps": 25000}}, "convergence_episode": 50, "n_training_episodes": 50, "reward_history": [-3668.072229385376, -3645.062469482422, -3680.3916635513306, -3660.20445728302, -3671.713083267212, -3672.847816467285, -3672.333088874817, -3638.621008872986, -3653.8409729003906, -3669.237216949463, -3643.3255491256714, -3641.432231903076, -3587.3432397842407, -3605.0414209365845, -3590.1342220306396, -3577.969846725464, -3595.105767250061, -3567.477035522461, -3578.974723815918, -3565.068613052368, -3550.3687238693237, -3550.9129133224487, -3548.481099128723, -3514.7073497772217, -3525.106770515442, -3537.441164970398, -3516.6037273406982, -3544.495135307312, -3517.9323539733887, -3522.4589767456055, -3497.9187145233154, -3528.688654899597, -3525.3192348480225, -3491.50359249115, -3521.6226320266724, -3522.1107721328735, -3520.5954065322876, -3520.021457672119, -3497.7459058761597, -3475.3559579849243, -3495.0298080444336, -3508.017753601074, -3488.378685951233, -3513.4655542373657, -3484.499207496643, -3509.5287475585938, -3511.345700263977, -3475.807734489441, -3508.320125579834, -3489.3105392456055], "epsilon_log": []}