{"violation_rate": [0.0, 0.0], "cbf_violation_rate": [0.0, 0.0], "cumulative_reward": [-5959.531368741989, 7.805912828682636], "tracking_rmse": {"pressure": [3.333863037335602, 0.002350573441151062], "enthalpy": [27.91264346288541, 0.012605067827568253], "power": [0.23342399415639611, 0.008434541001765569]}, "control_cost": [4135.778803710938, 58.766196681454204], "min_barrier_value": [0.0, 0.0], "online_time_ms": [11.913274055332877, 4.865908220139496], "per_constraint_type": {"pressure": {"violation_rate": 0.0, "violation_count": 0, "total_steps": 25000}, "enthalpy": {"violation_rate": 0.0, "violation_count": 0, "total_steps": 25000}, "power": {"violation_rate": 0.0, "violation_count": 0, "total_steps": 25000}}, "convergence_episode": 50, "n_training_episodes": 50, "reward_history": [-2788.76971244812, -2788.5238428115845, -2794.6520566940308, -2809.81552028656, -2807.146119117737, -2794.55438041687, -2813.9667921066284, -2783.143681526184, -2788.3024864196777, -2781.6749534606934, -2785.505907058716, -2752.721736907959, -2732.4569730758667, -2742.566370010376, -2741.5128498077393, -2716.7206926345825, -2729.2363834381104, -2698.112183570862, -2722.431760787964, -2684.496039390564, -2708.1309728622437, -2697.8104209899902, -2694.2706727981567, -2662.716139793396, -2673.4996242523193, -2686.2866926193237, -2662.1518411636353, -2666.8048028945923, -2647.8873081207275, -2670.900153160095, -2658.239269256592, -2667.914933204651, -2667.807948112488, -2644.287670135498, -2667.6292629241943, -2673.8657388687134, -2647.7841567993164, -2663.1905603408813, -2640.6211042404175, -2680.2101306915283, -2654.1692867279053, -2626.632459640503, -2668.7519845962524, -2651.6662912368774, -2663.9889459609985, -2654.6170263290405, -2637.3547525405884, -2663.418399810791, -2648.2007331848145, -2644.6431560516357], "epsilon_log": []}