{"violation_rate": [0.0, 0.0], "cbf_violation_rate": [0.0, 0.0], "cumulative_reward": [-5921.241934108734, 6.706454172608855], "tracking_rmse": {"pressure": [3.3337978269106476, 0.0018683033683660024], "enthalpy": [26.51380406066455, 0.021362805908531332], "power": [0.23871556602309177, 0.007699968876878215]}, "control_cost": [4629.43716796875, 57.520865756371556], "min_barrier_value": [1.1409521484375, 0.011355306702288563], "online_time_ms": [17.039504008716904, 5.10975697507874], "per_constraint_type": {"pressure": {"violation_rate": 0.0, "violation_count": 0, "total_steps": 25000}, "enthalpy": {"violation_rate": 0.0, "violation_count": 0, "total_steps": 25000}, "power": {"violation_rate": 0.0, "violation_count": 0, "total_steps": 25000}}, "convergence_episode": 50, "n_training_episodes": 50, "reward_history": [-2799.512508392334, -2779.172375679016, -2809.173501968384, -2791.425401687622, -2801.7106609344482, -2801.4836463928223, -2801.985100746155, -2771.8403520584106, -2783.904754638672, -2797.829333305359, -2773.6439304351807, -2769.962149620056, -2727.2395343780518, -2744.3488092422485, -2730.5133447647095, -2719.9747066497803, -2733.990035057068, -2709.885910987854, -2718.5051279067993, -2707.356436729431, -2694.5900859832764, -2693.9333896636963, -2692.069836616516, -2662.0206384658813, -2670.339937210083, -2681.6913270950317, -2664.283080101013, -2687.7679777145386, -2664.233920097351, -2668.387237548828, -2646.640130996704, -2671.1035299301147, -2669.3370485305786, -2640.079782485962, -2665.651529312134, -2665.242151260376, -2664.856415748596, -2664.416458129883, -2645.230707168579, -2626.470552444458, -2642.2224712371826, -2656.0534868240356, -2637.281373023987, -2659.5982151031494, -2633.1376810073853, -2655.954090118408, -2657.069116592407, -2626.3334531784058, -2655.7453832626343, -2638.229926109314], "epsilon_log": []}