{"violation_rate": [0.0032400000000000007, 0.001257934815481311], "cbf_violation_rate": [0.0032400000000000007, 0.001257934815481311], "cumulative_reward": [-5365.875598201752, 1.9135405704461772], "tracking_rmse": {"pressure": [3.2245277960571848, 0.00040438368856404765], "enthalpy": [17.622559257347366, 0.05822125780643628], "power": [0.2622900302973395, 0.010848627705954038]}, "control_cost": [6950.171826171875, 107.50581423797168], "min_barrier_value": [-13.4356396484375, 5.946568872365275], "online_time_ms": [11.470466654421761, 4.349032214459388], "per_constraint_type": {"pressure": {"violation_rate": 0.0, "violation_count": 0, "total_steps": 25000}, "enthalpy": {"violation_rate": 0.00324, "violation_count": 81, "total_steps": 25000}, "power": {"violation_rate": 0.0, "violation_count": 0, "total_steps": 25000}}, "convergence_episode": 50, "n_training_episodes": 50, "reward_history": [-2587.4791650772095, -2568.9929189682007, -2598.8958292007446, -2583.1483879089355, -2591.147883415222, -2594.4681329727173, -2592.362877845764, -2566.236644744873, -2579.766945838928, -2591.9090328216553, -2565.195083618164, -2561.4246644973755, -2523.2107915878296, -2538.288948059082, -2526.0887575149536, -2514.4529972076416, -2530.1992540359497, -2508.7845964431763, -2518.9788780212402, -2506.1694164276123, -2494.035280227661, -2494.9648456573486, -2492.03484249115, -2465.99227142334, -2474.951144218445, -2483.682643890381, -2466.2850160598755, -2488.2251586914062, -2468.1299619674683, -2469.885947227478, -2450.96727848053, -2477.29923248291, -2473.9050550460815, -2446.835175514221, -2470.938899040222, -2474.174160003662, -2471.7048597335815, -2471.3064336776733, -2454.3900203704834, -2434.8486609458923, -2454.0126991271973, -2462.198232650757, -2447.9159269332886, -2468.424036026001, -2445.9245681762695, -2465.2782039642334, -2468.073501586914, -2437.9150857925415, -2464.5309553146362, -2450.5453910827637], "epsilon_log": []}