{"violation_rate": [0.0, 0.0], "cbf_violation_rate": [0.0, 0.0], "cumulative_reward": [-7968.731551780701, 8.661368725813185], "tracking_rmse": {"pressure": [3.8984112732626715, 0.002137036565485641], "enthalpy": [26.580456882525606, 0.01669657149498707], "power": [0.22562732287760143, 0.0073724239021821444]}, "control_cost": [4383.004375, 61.18513508786065], "min_barrier_value": [1.1993994140625, 0.004821096792360742], "online_time_ms": [16.932639995003118, 11.152721920522021], "per_constraint_type": {"pressure": {"violation_rate": 0.0, "violation_count": 0, "total_steps": 25000}, "enthalpy": {"violation_rate": 0.0, "violation_count": 0, "total_steps": 25000}, "power": {"violation_rate": 0.0, "violation_count": 0, "total_steps": 25000}}, "convergence_episode": 50, "n_training_episodes": 50, "reward_history": [-3654.407953262329, -3675.43018245697, -3659.7919368743896, -3665.188151359558, -3673.6541872024536, -3681.8951454162598, -3663.498920440674, -3664.043035507202, -3697.943148612976, -3658.980556488037, -3648.771156311035, -3642.995674133301, -3597.5890941619873, -3602.0652208328247, -3588.120283126831, -3581.0365409851074, -3580.0182971954346, -3594.934266090393, -3574.183840751648, -3585.6279764175415, -3545.088490486145, -3563.5715980529785, -3556.5493602752686, -3534.6825370788574, -3552.92130279541, -3525.919581413269, -3507.95276927948, -3541.82128238678, -3495.6377267837524, -3533.1749601364136, -3524.6298065185547, -3529.0421628952026, -3490.9653272628784, -3504.4662857055664, -3511.0497369766235, -3523.1827640533447, -3502.5879611968994, -3525.3424396514893, -3513.405385017395, -3480.7098627090454, -3498.77867603302, -3543.1292762756348, -3496.1570434570312, -3510.193380355835, -3515.5966653823853, -3485.1133003234863, -3494.1140909194946, -3489.737551689148, -3500.127035140991, -3498.3537073135376], "epsilon_log": []}