{"violation_rate": [0.00196, 0.0007472616676907763], "cbf_violation_rate": [0.00196, 0.0007472616676907763], "cumulative_reward": [-7895.389564409256, 9.470319491034662], "tracking_rmse": {"pressure": [3.8979161044989667, 0.002144754780422311], "enthalpy": [23.743954775131748, 0.05133850462152458], "power": [0.22692024875842035, 0.008150790506889004]}, "control_cost": [5285.90353515625, 66.18137301269823], "min_barrier_value": [-10.872626953125, 6.519628326998814], "online_time_ms": [18.323185545706657, 10.580095321348457], "per_constraint_type": {"pressure": {"violation_rate": 0.0, "violation_count": 0, "total_steps": 25000}, "enthalpy": {"violation_rate": 0.00196, "violation_count": 49, "total_steps": 25000}, "power": {"violation_rate": 0.0, "violation_count": 0, "total_steps": 25000}}, "convergence_episode": 50, "n_training_episodes": 50, "reward_history": [-3655.920241355896, -3657.600266456604, -3661.3431453704834, -3682.98406124115, -3678.717785835266, -3664.4795351028442, -3686.853404045105, -3651.005588531494, -3657.7837982177734, -3649.4447507858276, -3657.311411857605, -3619.119758605957, -3591.3599042892456, -3603.28989982605, -3602.7761096954346, -3574.4870929718018, -3589.86692237854, -3554.3495321273804, -3581.87823677063, -3538.9032983779907, -3567.871922492981, -3554.8212842941284, -3550.4264907836914, -3515.750796318054, -3527.4986333847046, -3543.604751586914, -3515.6387329101562, -3521.7520780563354, -3499.0898332595825, -3527.1802911758423, -3513.2098264694214, -3521.9192123413086, -3524.9475173950195, -3494.9984607696533, -3525.7359580993652, -3532.3321418762207, -3501.1756715774536, -3520.239044189453, -3492.5628147125244, -3540.563446998596, -3508.019206047058, -3476.0638427734375, -3524.77668094635, -3505.585645675659, -3519.258271217346, -3508.1677570343018, -3488.788884162903, -3517.2321243286133, -3500.966089248657, -3496.3814697265625], "epsilon_log": []}