{"violation_rate": [0.0, 0.0], "cbf_violation_rate": [0.0, 0.0], "cumulative_reward": [-7963.0233493804935, 8.728860268831953], "tracking_rmse": {"pressure": [3.8978890598983753, 0.0021210999612145554], "enthalpy": [26.44122880903227, 0.020112389828629618], "power": [0.2268209019269955, 0.008195218131793096]}, "control_cost": [4442.6273046875, 60.51321117390929], "min_barrier_value": [1.2839599609375, 0.006151423309743586], "online_time_ms": [17.314321929805445, 5.531532368565305], "per_constraint_type": {"pressure": {"violation_rate": 0.0, "violation_count": 0, "total_steps": 25000}, "enthalpy": {"violation_rate": 0.0, "violation_count": 0, "total_steps": 25000}, "power": {"violation_rate": 0.0, "violation_count": 0, "total_steps": 25000}}, "convergence_episode": 50, "n_training_episodes": 50, "reward_history": [-3655.920241355896, -3657.6006116867065, -3661.3431453704834, -3682.984007835388, -3678.717812538147, -3664.4795351028442, -3686.853404045105, -3651.0056381225586, -3657.7838134765625, -3649.4447507858276, -3657.311411857605, -3619.119731903076, -3591.3601770401, -3603.2898712158203, -3602.776065826416, -3574.4870929718018, -3589.86692237854, -3554.3495473861694, -3581.87823677063, -3538.9032983779907, -3567.8719453811646, -3554.8207483291626, -3550.4265365600586, -3515.7508211135864, -3527.4986600875854, -3543.6047744750977, -3515.6388092041016, -3521.7520990371704, -3499.0898790359497, -3527.1803102493286, -3513.2098474502563, -3521.9193592071533, -3524.944700241089, -3494.998550415039, -3525.7359580993652, -3532.332160949707, -3501.1756715774536, -3520.239044189453, -3492.562795639038, -3540.563446998596, -3508.019206047058, -3476.0638637542725, -3524.77668094635, -3505.585645675659, -3519.258271217346, -3508.1677570343018, -3488.788905143738, -3517.2321243286133, -3500.9660320281982, -3496.3812923431396], "epsilon_log": []}