{"violation_rate": [0.00196, 0.00028000000000000003], "cbf_violation_rate": [0.00196, 0.00028000000000000003], "cumulative_reward": [-5789.3934490394595, 10.615247547875867], "tracking_rmse": {"pressure": [3.3334770074800963, 0.0023621613452599823], "enthalpy": [21.013216509513736, 0.1343402698049085], "power": [0.23995333645908043, 0.008197587539883566]}, "control_cost": [6787.84693359375, 96.68320901006636], "min_barrier_value": [-2.1025146865844726, 0.9057059816254369], "online_time_ms": [9.164650097598788, 1.6741448942442805], "per_constraint_type": {"pressure": {"violation_rate": 0.0, "violation_count": 0, "total_steps": 25000}, "enthalpy": {"violation_rate": 0.00196, "violation_count": 49, "total_steps": 25000}, "power": {"violation_rate": 0.0, "violation_count": 0, "total_steps": 25000}}, "convergence_episode": 50, "n_training_episodes": 50, "reward_history": [-2788.76971244812, -2788.5241651535034, -2794.651936531067, -2809.815496444702, -2807.146005630493, -2794.5543670654297, -2813.9674367904663, -2783.1434650421143, -2788.302267074585, -2781.67476272583, -2785.505249977112, -2752.721202850342, -2732.4577169418335, -2742.5676250457764, -2741.511800765991, -2716.721495628357, -2729.2391090393066, -2698.110134124756, -2722.4312782287598, -2684.4967136383057, -2708.132098197937, -2697.8103771209717, -2694.269739151001, -2662.712205886841, -2673.499430656433, -2686.2811698913574, -2662.148238182068, -2666.799506187439, -2647.8777112960815, -2670.8904695510864, -2658.226950645447, -2667.9033765792847, -2667.794726371765, -2644.2727975845337, -2667.6152544021606, -2673.8515996932983, -2647.770492553711, -2663.1807146072388, -2640.6101083755493, -2680.2030639648438, -2654.162657737732, -2626.6236515045166, -2668.747678756714, -2651.6643114089966, -2663.9879570007324, -2654.613758087158, -2637.352638244629, -2663.4167881011963, -2648.2007331848145, -2644.6440143585205], "epsilon_log": []}