{"violation_rate": [0.0044, 0.0009797958971132711], "cbf_violation_rate": [0.0044, 0.0009797958971132711], "cumulative_reward": [-12704.650892448426, 13.149687182495038], "tracking_rmse": {"pressure": [4.9572930816176015, 0.002654898595547087], "enthalpy": [27.964342367145168, 0.004937822827202569], "power": [0.21436083523858748, 0.007742867180357989]}, "control_cost": [5100.060263671875, 57.858058293609396], "min_barrier_value": [-0.0068994140625, 0.0008854061948867579], "online_time_ms": [14.64080530290492, 7.138967415334177], "per_constraint_type": {"pressure": {"violation_rate": 0.0, "violation_count": 0, "total_steps": 25000}, "enthalpy": {"violation_rate": 0.0044, "violation_count": 110, "total_steps": 25000}, "power": {"violation_rate": 0.0, "violation_count": 0, "total_steps": 25000}}, "convergence_episode": 50, "n_training_episodes": 50, "reward_history": [-5673.828385353088, -5672.399696350098, -5683.538363456726, -5700.975035667419, -5697.333903312683, -5680.075897216797, -5708.198540687561, -5663.561635017395, -5669.2413330078125, -5662.494972229004, -5673.145022392273, -5640.470502853394, -5596.52391910553, -5605.103466033936, -5603.0444622039795, -5565.594518661499, -5582.379506111145, -5537.300736427307, -5573.440833091736, -5519.764855384827, -5551.453159332275, -5537.631170272827, -5533.339351654053, -5484.355254173279, -5503.436744689941, -5518.600360870361, -5486.768552780151, -5492.309946060181, -5461.661865234375, -5501.381190299988, -5480.483866691589, -5494.898193359375, -5492.783898353577, -5461.248398780823, -5491.803995132446, -5499.898654937744, -5462.371694564819, -5482.363098144531, -5448.525743484497, -5503.149280548096, -5468.555022239685, -5430.194184303284, -5488.260681152344, -5462.037533760071, -5478.195945739746, -5467.827767372131, -5440.057394981384, -5478.7345724105835, -5458.340167045593, -5450.346338272095], "epsilon_log": []}