{"violation_rate": [0.09451999999999999, 0.022277558214490203], "cbf_violation_rate": [0.09451999999999999, 0.022277558214490203], "cumulative_reward": [-5557.608596916199, 5.677936248799026], "tracking_rmse": {"pressure": [3.211641762640482, 0.0017652907742136497], "enthalpy": [27.87586849552086, 0.025565426840044325], "power": [0.23489008113378765, 0.008488728783723485]}, "control_cost": [3290.3237353515624, 60.241960127199256], "min_barrier_value": [-0.0003466796875, 0.00012049768241458072], "online_time_ms": [19.605059931774157, 9.889124239384449], "per_constraint_type": {"pressure": {"violation_rate": 0.0, "violation_count": 0, "total_steps": 25000}, "enthalpy": {"violation_rate": 0.09452, "violation_count": 2363, "total_steps": 25000}, "power": {"violation_rate": 0.0, "violation_count": 0, "total_steps": 25000}}, "convergence_episode": 50, "n_training_episodes": 50, "reward_history": [-2577.6413774490356, -2580.324065208435, -2581.0311155319214, -2602.721749305725, -2598.608560562134, -2586.51336479187, -2604.960835456848, -2575.244617462158, -2582.012198448181, -2573.000853538513, -2577.154417037964, -2542.2748737335205, -2523.860662460327, -2535.4402933120728, -2535.4097843170166, -2512.914797782898, -2526.6192808151245, -2497.4790992736816, -2519.5514459609985, -2483.754825592041, -2509.5476770401, -2497.8357095718384, -2493.645411491394, -2467.2325258255005, -2474.985375404358, -2490.348289489746, -2465.6265048980713, -2471.3878631591797, -2453.7947120666504, -2474.1603603363037, -2463.7738733291626, -2469.6355409622192, -2473.8584995269775, -2446.756429672241, -2474.7651510238647, -2480.442910194397, -2454.3287029266357, -2471.7047176361084, -2449.1153078079224, -2491.0799617767334, -2462.0461568832397, -2435.134202003479, -2476.9613542556763, -2462.144362449646, -2474.1841402053833, -2463.5294761657715, -2449.1188945770264, -2471.603331565857, -2457.9419860839844, -2455.435136795044], "epsilon_log": []}