{"violation_rate": [0.0, 0.0], "cbf_violation_rate": [0.0, 0.0], "cumulative_reward": [-15482.80885334015, 7.9130545147082385], "tracking_rmse": {"pressure": [5.488189638153081, 0.001442798836653129], "enthalpy": [27.964362721758963, 0.006445640872230691], "power": [0.20808792451876756, 0.0075208678626050955]}, "control_cost": [4798.906982421875, 58.13996637807349], "min_barrier_value": [0.0, 0.0], "online_time_ms": [11.576324660270474, 4.80333020758565], "per_constraint_type": {"pressure": {"violation_rate": 0.0, "violation_count": 0, "total_steps": 25000}, "enthalpy": {"violation_rate": 0.0, "violation_count": 0, "total_steps": 25000}, "power": {"violation_rate": 0.0, "violation_count": 0, "total_steps": 25000}}, "convergence_episode": 50, "n_training_episodes": 50, "reward_history": [-6592.244569778442, -6591.299175262451, -6598.585878372192, -6609.98390007019, -6608.108345031738, -6596.627309799194, -6614.246320724487, -6586.214267730713, -6590.209983825684, -6585.337066650391, -6588.891376495361, -6559.673860549927, -6540.45313835144, -6549.135568618774, -6547.7719078063965, -6524.582851409912, -6535.581468582153, -6506.517272949219, -6529.2602825164795, -6494.173446655273, -6514.843885421753, -6505.747884750366, -6502.588705062866, -6472.286205291748, -6483.172647476196, -6493.722734451294, -6472.396768569946, -6476.208127975464, -6458.070308685303, -6480.577484130859, -6468.151760101318, -6477.6106300354, -6476.511625289917, -6456.34033203125, -6476.046327590942, -6481.468673706055, -6458.011999130249, -6471.328592300415, -6450.817869186401, -6485.5233516693115, -6463.14760017395, -6437.810119628906, -6476.188451766968, -6460.05099105835, -6470.8942947387695, -6463.0912799835205, -6446.645673751831, -6471.471572875977, -6457.2921142578125, -6453.16477394104], "epsilon_log": []}