{"violation_rate": [0.0, 0.0], "cbf_violation_rate": [0.0, 0.0], "cumulative_reward": [-15484.662123298645, 7.9533256707805995], "tracking_rmse": {"pressure": [5.48853904710949, 0.001452413262100449], "enthalpy": [27.96294707012363, 0.006804436184979536], "power": [0.20701291538044755, 0.006777098719587267]}, "control_cost": [4785.10123046875, 58.70370529391118], "min_barrier_value": [0.0, 0.0], "online_time_ms": [10.73658851277316, 4.206442249402564], "per_constraint_type": {"pressure": {"violation_rate": 0.0, "violation_count": 0, "total_steps": 25000}, "enthalpy": {"violation_rate": 0.0, "violation_count": 0, "total_steps": 25000}, "power": {"violation_rate": 0.0, "violation_count": 0, "total_steps": 25000}}, "convergence_episode": 50, "n_training_episodes": 50, "reward_history": [-6592.104015350342, -6607.220376968384, -6595.948078155518, -6596.1630935668945, -6604.1480712890625, -6608.559881210327, -6595.383600234985, -6593.399194717407, -6621.961683273315, -6593.560594558716, -6580.644830703735, -6576.877655029297, -6543.63249206543, -6546.557992935181, -6533.873365402222, -6531.120969772339, -6527.643154144287, -6538.106153488159, -6521.542003631592, -6530.666843414307, -6500.874258041382, -6513.886392593384, -6507.836441040039, -6487.745639801025, -6502.026044845581, -6479.647085189819, -6466.588991165161, -6492.365203857422, -6455.937265396118, -6484.855373382568, -6477.661661148071, -6482.012119293213, -6450.1113929748535, -6461.221101760864, -6465.172494888306, -6476.064205169678, -6458.481018066406, -6478.430988311768, -6465.14430809021, -6439.255744934082, -6458.7093334198, -6491.106954574585, -6454.635938644409, -6463.52299118042, -6466.68941116333, -6444.895244598389, -6451.272983551025, -6447.367193222046, -6455.463510513306, -6454.762762069702], "epsilon_log": []}