{"violation_rate": [0.0, 0.0], "cbf_violation_rate": [0.0, 0.0], "cumulative_reward": [-15483.825168533325, 6.4138879660320045], "tracking_rmse": {"pressure": [5.4883826509903875, 0.0011608167441590318], "enthalpy": [27.962363637498996, 0.008404251641404615], "power": [0.20700189244929312, 0.0070700194609523235]}, "control_cost": [4783.464501953125, 55.80010241694349], "min_barrier_value": [0.0, 0.0], "online_time_ms": [12.1187969528744, 3.781672923636133], "per_constraint_type": {"pressure": {"violation_rate": 0.0, "violation_count": 0, "total_steps": 25000}, "enthalpy": {"violation_rate": 0.0, "violation_count": 0, "total_steps": 25000}, "power": {"violation_rate": 0.0, "violation_count": 0, "total_steps": 25000}}, "convergence_episode": 50, "n_training_episodes": 50, "reward_history": [-6602.255325317383, -6583.466562271118, -6610.382528305054, -6593.624626159668, -6603.841856002808, -6602.5091190338135, -6603.8582973480225, -6574.920892715454, -6585.7823486328125, -6598.473728179932, -6577.887170791626, -6573.88112449646, -6533.901315689087, -6550.3499546051025, -6537.335329055786, -6528.181167602539, -6540.549842834473, -6517.115522384644, -6524.370538711548, -6514.793155670166, -6503.195899963379, -6501.823713302612, -6500.646968841553, -6471.8110275268555, -6478.776147842407, -6490.261198043823, -6474.038242340088, -6496.088340759277, -6473.205446243286, -6478.018148422241, -6456.881118774414, -6478.652442932129, -6477.520774841309, -6449.968029022217, -6473.9684715271, -6472.123212814331, -6472.71722984314, -6472.555723190308, -6453.9757442474365, -6437.072401046753, -6450.424945831299, -6464.944501876831, -6446.4678592681885, -6467.529026031494, -6442.337478637695, -6464.144723892212, -6464.400758743286, -6436.359203338623, -6464.126838684082, -6446.773202896118], "epsilon_log": []}