{"violation_rate": [0.0, 0.0], "cbf_violation_rate": [0.0, 0.0], "cumulative_reward": [-5921.504203033447, 8.520301789884776], "tracking_rmse": {"pressure": [3.3340594921202835, 0.00238142132344296], "enthalpy": [26.491890334710384, 0.02549332633255341], "power": [0.23877345356120983, 0.007316567610422719]}, "control_cost": [4639.898984375, 64.4565296279581], "min_barrier_value": [1.1896484375, 0.01598858294841936], "online_time_ms": [12.674447771999985, 4.295075964480343], "per_constraint_type": {"pressure": {"violation_rate": 0.0, "violation_count": 0, "total_steps": 25000}, "enthalpy": {"violation_rate": 0.0, "violation_count": 0, "total_steps": 25000}, "power": {"violation_rate": 0.0, "violation_count": 0, "total_steps": 25000}}, "convergence_episode": 50, "n_training_episodes": 50, "reward_history": [-2788.354838371277, -2805.3293018341064, -2792.312623977661, -2794.9508476257324, -2803.197543144226, -2808.6462230682373, -2793.589165687561, -2792.5837802886963, -2822.9319400787354, -2790.2894859313965, -2776.5909566879272, -2771.193992614746, -2736.426064491272, -2740.1937284469604, -2727.5223207473755, -2723.1376543045044, -2720.554609298706, -2732.8227491378784, -2714.557643890381, -2725.0939836502075, -2691.216911315918, -2705.815881729126, -2699.4976291656494, -2678.9250831604004, -2694.9041023254395, -2670.929889678955, -2655.6946115493774, -2684.267352104187, -2644.329423904419, -2676.5314226150513, -2668.7393379211426, -2672.734754562378, -2639.047905921936, -2650.9666175842285, -2655.9148359298706, -2667.1429872512817, -2648.829031944275, -2669.6234645843506, -2657.527805328369, -2629.526093482971, -2648.324417114258, -2684.8321619033813, -2645.1867151260376, -2655.9949798583984, -2659.918137550354, -2634.8797149658203, -2642.483163833618, -2638.47052192688, -2647.513298034668, -2646.518529891968], "epsilon_log": []}