{"violation_rate": [0.0, 0.0], "cbf_violation_rate": [0.0, 0.0], "cumulative_reward": [-7900.4739848804475, 7.616104182583163], "tracking_rmse": {"pressure": [3.8981715915258555, 0.0016956782446625627], "enthalpy": [23.914932623169516, 0.04416391658129823], "power": [0.2256227885107835, 0.0077141153431437405]}, "control_cost": [5201.288076171875, 61.172308406419106], "min_barrier_value": [3.4573779296875, 0.017431236454741973], "online_time_ms": [18.804336600820534, 10.98596992905298], "per_constraint_type": {"pressure": {"violation_rate": 0.0, "violation_count": 0, "total_steps": 25000}, "enthalpy": {"violation_rate": 0.0, "violation_count": 0, "total_steps": 25000}, "power": {"violation_rate": 0.0, "violation_count": 0, "total_steps": 25000}}, "convergence_episode": 50, "n_training_episodes": 50, "reward_history": [-3668.072229385376, -3645.062469482422, -3680.3916635513306, -3660.20445728302, -3671.713083267212, -3672.847816467285, -3672.333088874817, -3638.621008872986, -3653.8409729003906, -3669.237216949463, -3643.3255491256714, -3641.432231903076, -3587.3432397842407, -3605.0414209365845, -3590.1342220306396, -3577.969846725464, -3595.105767250061, -3567.477035522461, -3578.974723815918, -3565.068613052368, -3550.3687238693237, -3550.912959098816, -3548.481099128723, -3514.7073497772217, -3525.106770515442, -3537.441164970398, -3516.6037273406982, -3544.49511051178, -3517.932382583618, -3522.4589920043945, -3497.918664932251, -3528.688654899597, -3525.3192348480225, -3491.50359249115, -3521.6226320266724, -3522.1107721328735, -3520.5954217910767, -3520.0214138031006, -3497.7459058761597, -3475.3559579849243, -3495.0298080444336, -3508.017774581909, -3488.378685951233, -3513.4655542373657, -3484.499207496643, -3509.5287475585938, -3511.3457460403442, -3475.807734489441, -3508.320125579834, -3489.3105392456055], "epsilon_log": []}