{"violation_rate": [0.37660000000000005, 0.03558932424196897], "cbf_violation_rate": [0.37660000000000005, 0.03558932424196897], "cumulative_reward": [-8074.34124332428, 36.941460019019104], "tracking_rmse": {"pressure": [3.8990790912148947, 0.001966377374219015], "enthalpy": [30.14785587894807, 1.3307545717707348], "power": [0.22887915679237877, 0.007428317572903071]}, "control_cost": [6839.68900390625, 204.85357549680677], "min_barrier_value": [-36.6397021484375, 2.434130384958262], "online_time_ms": [15.626619563584681, 43.48608234159743], "per_constraint_type": {"pressure": {"violation_rate": 0.0, "violation_count": 0, "total_steps": 25000}, "enthalpy": {"violation_rate": 0.3766, "violation_count": 9415, "total_steps": 25000}, "power": {"violation_rate": 0.0, "violation_count": 0, "total_steps": 25000}}, "convergence_episode": 50, "n_training_episodes": 50, "reward_history": [-3668.072229385376, -3645.062469482422, -3680.3916635513306, -3660.20445728302, -3671.713083267212, -3672.847816467285, -3672.3331155776978, -3638.621008872986, -3653.8409729003906, -3669.237216949463, -3643.325638771057, -3641.432231903076, -3587.343264579773, -3605.0414209365845, -3590.1342220306396, -3577.969861984253, -3595.105767250061, -3567.4770851135254, -3578.974723815918, -3565.06858253479, -3550.3687238693237, -3550.9129133224487, -3548.481099128723, -3514.707300186157, -3525.1067972183228, -3537.441164970398, -3516.6037425994873, -3544.4950551986694, -3517.932382583618, -3522.4589767456055, -3497.918664932251, -3528.6886682510376, -3525.3192195892334, -3491.50359249115, -3521.6226320266724, -3522.1107873916626, -3520.5954370498657, -3520.021457672119, -3497.7459058761597, -3475.3559064865112, -3495.0297813415527, -3508.0178117752075, -3488.378685951233, -3513.4655542373657, -3484.499207496643, -3509.5287475585938, -3511.345700263977, -3475.8077096939087, -3508.3201599121094, -3489.3105602264404], "epsilon_log": []}