{"violation_rate": [0.00576, 0.0006499230723708769], "cbf_violation_rate": [0.00576, 0.0006499230723708769], "cumulative_reward": [-12706.383200922013, 10.55621090295046], "tracking_rmse": {"pressure": [4.957646694958317, 0.0021123625010500044], "enthalpy": [27.962480039221543, 0.007411256036589451], "power": [0.21323908531960542, 0.007300134027962778]}, "control_cost": [5084.2657421875, 55.76605165117392], "min_barrier_value": [-0.00564453125, 0.0006471154397277077], "online_time_ms": [13.55499844642356, 34.51612340174218], "per_constraint_type": {"pressure": {"violation_rate": 0.0, "violation_count": 0, "total_steps": 25000}, "enthalpy": {"violation_rate": 0.00576, "violation_count": 144, "total_steps": 25000}, "power": {"violation_rate": 0.0, "violation_count": 0, "total_steps": 25000}}, "convergence_episode": 50, "n_training_episodes": 50, "reward_history": [-5689.598928451538, -5659.437207221985, -5702.026278495789, -5674.613828659058, -5692.337136268616, -5688.229416847229, -5691.454759597778, -5645.222372055054, -5661.590219497681, -5681.82332611084, -5655.648403167725, -5660.916505813599, -5585.292726516724, -5604.578721046448, -5584.944994926453, -5572.937080383301, -5590.676959991455, -5553.132279396057, -5565.272996902466, -5551.02986907959, -5532.4538469314575, -5531.493765830994, -5530.306639671326, -5483.659961700439, -5495.501696586609, -5514.196038246155, -5488.596019744873, -5525.06240940094, -5487.2752895355225, -5496.605435371399, -5462.323286056519, -5497.148162841797, -5494.539598464966, -5450.226504325867, -5489.155724525452, -5483.467001914978, -5484.8821659088135, -5484.433525085449, -5454.016031265259, -5428.972177505493, -5446.95810508728, -5470.445167541504, -5441.026620864868, -5473.501124382019, -5433.558568954468, -5468.578682899475, -5467.993608474731, -5425.272771835327, -5467.299942970276, -5439.419620513916], "epsilon_log": []}