{"violation_rate": [0.9933600000000001, 0.0032604294195703754], "cbf_violation_rate": [0.9933600000000001, 0.0032604294195703754], "cumulative_reward": [-16109.558987960816, 12.161808794540931], "tracking_rmse": {"pressure": [5.4881157456071925, 0.0011554368546644294], "enthalpy": [45.10262504103426, 0.2423360118962665], "power": [0.20713593100667949, 0.007046821734746464]}, "control_cost": [1865.445029296875, 60.69848900786459], "min_barrier_value": [-23.908154296875, 0.009126941840085041], "online_time_ms": [25.47694849168649, 14.640190297512527], "per_constraint_type": {"pressure": {"violation_rate": 0.0, "violation_count": 0, "total_steps": 25000}, "enthalpy": {"violation_rate": 0.99336, "violation_count": 24834, "total_steps": 25000}, "power": {"violation_rate": 0.0, "violation_count": 0, "total_steps": 25000}}, "convergence_episode": 50, "n_training_episodes": 50, "reward_history": [-6602.255344390869, -6583.466562271118, -6610.382551193237, -6593.624626159668, -6603.841829299927, -6602.5091190338135, -6603.858373641968, -6574.920892715454, -6585.782325744629, -6598.473878860474, -6577.887699127197, -6573.882465362549, -6533.901483535767, -6550.349815368652, -6537.3353061676025, -6528.181167602539, -6540.549842834473, -6517.11554145813, -6524.370538711548, -6514.793155670166, -6503.195899963379, -6501.823736190796, -6500.646942138672, -6471.8110065460205, -6478.776103973389, -6490.261198043823, -6474.038242340088, -6496.088340759277, -6473.2054233551025, -6478.018148422241, -6456.881099700928, -6478.652313232422, -6477.520727157593, -6449.968029022217, -6473.9684715271, -6472.123212814331, -6472.717210769653, -6472.555662155151, -6453.9757442474365, -6437.072401046753, -6450.424945831299, -6464.944501876831, -6446.467836380005, -6467.529026031494, -6442.337905883789, -6464.144723892212, -6464.400758743286, -6436.359203338623, -6464.126811981201, -6446.773202896118], "epsilon_log": []}