{"violation_rate": [0.9986800000000001, 0.0017255723688098408], "cbf_violation_rate": [0.9986800000000001, 0.0017255723688098408], "cumulative_reward": [-24892.659750566483, 30.603827674962734], "tracking_rmse": {"pressure": [6.8080988448337765, 0.0027997934525456326], "enthalpy": [57.73883529843303, 0.4305166571463084], "power": [0.19138377261712097, 0.006572361165220703]}, "control_cost": [2011.1329248046875, 76.66144923854947], "min_barrier_value": [-49.1368212890625, 2.030457636762782], "online_time_ms": [14.176369744753465, 21.795517055598424], "per_constraint_type": {"pressure": {"violation_rate": 0.0, "violation_count": 0, "total_steps": 25000}, "enthalpy": {"violation_rate": 0.99868, "violation_count": 24967, "total_steps": 25000}, "power": {"violation_rate": 0.0, "violation_count": 0, "total_steps": 25000}}, "convergence_episode": 50, "n_training_episodes": 50, "reward_history": [-10255.195470809937, -10211.399046897888, -10264.907982826233, -10223.236795425415, -10254.296714782715, -10236.116122245789, -10249.233960151672, -10178.462351799011, -10193.58479309082, -10223.466564178467, -10194.266394615173, -10207.376963615417, -10116.320697784424, -10130.441925048828, -10099.237713813782, -10089.98893070221, -10104.99095249176, -10048.807312965393, -10058.896896362305, -10046.996055603027, -10021.483840942383, -10015.656574249268, -10017.673454284668, -9945.099336624146, -9957.946122169495, -9990.046235084534, -9956.907933235168, -10007.711917877197, -9947.10135269165, -9966.774728775024, -9913.17251777649, -9949.99524307251, -9951.358726501465, -9888.21708202362, -9942.717925071716, -9921.45763874054, -9931.199617385864, -9931.807189941406, -9886.336064338684, -9860.13275194168, -9868.833921432495, -9918.215415000916, -9866.883883476257, -9913.261752128601, -9850.696089744568, -9906.766018867493, -9899.23547744751, -9846.35007095337, -9906.17695903778, -9859.769545555115], "epsilon_log": []}