{"violation_rate": [0.0, 0.0], "cbf_violation_rate": [0.0, 0.0], "cumulative_reward": [-5959.849652786255, 7.936648918831424], "tracking_rmse": {"pressure": [3.3340594125404017, 0.002381500563113494], "enthalpy": [27.90055031762905, 0.011461459461125275], "power": [0.23877340028326258, 0.0073165641703198505]}, "control_cost": [4177.636049804688, 59.072129195089936], "min_barrier_value": [0.0, 0.0], "online_time_ms": [11.821695210647304, 4.74752563187506], "per_constraint_type": {"pressure": {"violation_rate": 0.0, "violation_count": 0, "total_steps": 25000}, "enthalpy": {"violation_rate": 0.0, "violation_count": 0, "total_steps": 25000}, "power": {"violation_rate": 0.0, "violation_count": 0, "total_steps": 25000}}, "convergence_episode": 50, "n_training_episodes": 50, "reward_history": [-2788.3548126220703, -2805.329005241394, -2792.3126430511475, -2794.9508476257324, -2803.197543144226, -2808.6462230682373, -2793.5882987976074, -2792.5837926864624, -2822.9319400787354, -2790.2894859313965, -2776.591000556946, -2771.1939449310303, -2736.426064491272, -2740.1937494277954, -2727.522355079651, -2723.1376543045044, -2720.5546913146973, -2732.822742462158, -2714.557643890381, -2725.093963623047, -2691.216911315918, -2705.815881729126, -2699.4976291656494, -2678.9250831604004, -2694.9041023254395, -2670.92995262146, -2655.6946115493774, -2684.2674522399902, -2644.329423904419, -2676.531397819519, -2668.7393379211426, -2672.734754562378, -2639.0478591918945, -2650.966757774353, -2655.9148359298706, -2667.1429872512817, -2648.829031944275, -2669.6234645843506, -2657.527805328369, -2629.5260734558105, -2648.324417114258, -2684.8321380615234, -2645.1867151260376, -2655.9949798583984, -2659.918201446533, -2634.8796730041504, -2642.483190536499, -2638.470498085022, -2647.513298034668, -2646.518508911133], "epsilon_log": []}