{"violation_rate": [0.99988, 0.00047497368348151716], "cbf_violation_rate": [0.99988, 0.00047497368348151716], "cumulative_reward": [-24910.1373654747, 29.02721245758955], "tracking_rmse": {"pressure": [6.807650424276951, 0.003541444091646275], "enthalpy": [58.0898707870821, 0.3750640927728276], "power": [0.19238868697747158, 0.006948627099801569]}, "control_cost": [1971.7767065429687, 70.64330036335832], "min_barrier_value": [-49.44296875, 2.4421768173599174], "online_time_ms": [14.820154371354729, 12.471402299437374], "per_constraint_type": {"pressure": {"violation_rate": 0.0, "violation_count": 0, "total_steps": 25000}, "enthalpy": {"violation_rate": 0.99988, "violation_count": 24997, "total_steps": 25000}, "power": {"violation_rate": 0.0, "violation_count": 0, "total_steps": 25000}}, "convergence_episode": 50, "n_training_episodes": 50, "reward_history": [-10232.72591304779, -10222.113670349121, -10252.841279029846, -10253.037672996521, -10252.322264671326, -10230.431374549866, -10268.43223953247, -10209.41276550293, -10210.365385055542, -10208.62826347351, -10216.531683921814, -10192.280241012573, -10147.721320152283, -10136.692019462585, -10128.204720497131, -10073.716433525085, -10090.051118850708, -10028.074573516846, -10080.141725540161, -10007.860032081604, -10039.040005683899, -10026.762781143188, -10023.22933769226, -9944.56371498108, -9979.26771068573, -9987.32872390747, -9951.089337348938, -9953.074698448181, -9907.62636756897, -9968.313464164734, -9932.706785202026, -9961.43144416809, -9943.822755813599, -9916.856008529663, -9938.298897743225, -9949.947018623352, -9904.366660118103, -9922.007318496704, -9880.216797828674, -9940.618975639343, -9909.295678138733, -9861.937908172607, -9933.397402763367, -9893.290427207947, -9913.510880470276, -9907.459698677063, -9862.54361820221, -9921.866526603699, -9893.93034362793, -9879.147491455078], "epsilon_log": []}