{"violation_rate": [0.07184000000000001, 0.015506592146567858], "cbf_violation_rate": [0.07184000000000001, 0.015506592146567858], "cumulative_reward": [-5558.3517893886565, 4.597895023665736], "tracking_rmse": {"pressure": [3.211876275320044, 0.0014158489948594137], "enthalpy": [27.87580532899628, 0.026254213487985595], "power": [0.23362550536477833, 0.007981649324748938]}, "control_cost": [3274.356044921875, 55.957523612170924], "min_barrier_value": [-0.00064453125, 0.0001601681588560227], "online_time_ms": [20.560038293441757, 7.0164380049542885], "per_constraint_type": {"pressure": {"violation_rate": 0.0, "violation_count": 0, "total_steps": 25000}, "enthalpy": {"violation_rate": 0.07184, "violation_count": 1796, "total_steps": 25000}, "power": {"violation_rate": 0.0, "violation_count": 0, "total_steps": 25000}}, "convergence_episode": 50, "n_training_episodes": 50, "reward_history": [-2587.479184150696, -2568.9928770065308, -2598.8958292007446, -2583.1483659744263, -2591.1479263305664, -2594.4681329727173, -2592.362877845764, -2566.236644744873, -2579.766945838928, -2591.9090328216553, -2565.1951217651367, -2561.424699783325, -2523.210768699646, -2538.288948059082, -2526.0887575149536, -2514.4529972076416, -2530.1992540359497, -2508.7845964431763, -2518.9788780212402, -2506.1694164276123, -2494.0352573394775, -2494.96480178833, -2492.034843444824, -2465.99227142334, -2474.9511251449585, -2483.682643890381, -2466.2850160598755, -2488.2251710891724, -2468.1299619674683, -2469.885947227478, -2450.96727848053, -2477.2992544174194, -2473.9050550460815, -2446.8351316452026, -2470.938844680786, -2474.174160003662, -2471.704860687256, -2471.306406021118, -2454.3900203704834, -2434.8486371040344, -2454.0126991271973, -2462.198217391968, -2447.9159269332886, -2468.4240169525146, -2445.9245557785034, -2465.2782039642334, -2468.0734758377075, -2437.915065765381, -2464.5309553146362, -2450.5453910827637], "epsilon_log": []}