{"violation_rate": [0.0, 0.0], "cbf_violation_rate": [0.0, 0.0], "cumulative_reward": [-15166.979775886535, 7.973829520731533], "tracking_rmse": {"pressure": [5.48841830850727, 0.0014431578655117409], "enthalpy": [12.102034214595454, 0.0029108159187374682], "power": [0.32838727063684514, 0.006009938133924108]}, "control_cost": [14812.06310546875, 72.62410414594996], "min_barrier_value": [4.057087745666504, 0.007304987256704321], "online_time_ms": [15.700973536917008, 6.109294025777485], "per_constraint_type": {"pressure": {"violation_rate": 0.0, "violation_count": 0, "total_steps": 25000}, "enthalpy": {"violation_rate": 0.0, "violation_count": 0, "total_steps": 25000}, "power": {"violation_rate": 0.0, "violation_count": 0, "total_steps": 25000}}, "convergence_episode": 50, "n_training_episodes": 50, "reward_history": [-6592.244569778442, -6591.300106048584, -6598.585878372192, -6609.983896255493, -6608.108238220215, -6596.625288009644, -6614.242870330811, -6586.214267730713, -6590.217172622681, -6585.356784820557, -6589.077610015869, -6559.8034954071045, -6540.442012786865, -6549.118230819702, -6547.757019042969, -6524.577068328857, -6535.584264755249, -6506.536005020142, -6529.294481277466, -6494.224504470825, -6514.913019180298, -6505.838144302368, -6502.702226638794, -6472.425392150879, -6483.340881347656, -6493.930700302124, -6472.638967514038, -6476.497722625732, -6458.397430419922, -6480.951328277588, -6468.560220718384, -6478.045820236206, -6476.959060668945, -6456.765836715698, -6476.4670124053955, -6481.857654571533, -6458.347764968872, -6471.6275062561035, -6451.063331604004, -6485.739736557007, -6463.324758529663, -6437.95224571228, -6476.30909538269, -6460.154874801636, -6470.977758407593, -6463.161390304565, -6446.701240539551, -6471.521240234375, -6457.3328285217285, -6453.198818206787], "epsilon_log": []}