{"violation_rate": [0.0022800000000000003, 0.0008953211714239757], "cbf_violation_rate": [0.0022800000000000003, 0.0008953211714239757], "cumulative_reward": [-7836.409399681092, 8.214119679343424], "tracking_rmse": {"pressure": [3.897961609700003, 0.0016925599539510893], "enthalpy": [21.105753374008962, 0.08987776544476622], "power": [0.23271672334027738, 0.007925965539745039]}, "control_cost": [6247.681435546875, 71.0321383754487], "min_barrier_value": [-12.299751014709473, 6.9516793493975255], "online_time_ms": [13.526435853883159, 6.349188259959321], "per_constraint_type": {"pressure": {"violation_rate": 0.0, "violation_count": 0, "total_steps": 25000}, "enthalpy": {"violation_rate": 0.00228, "violation_count": 57, "total_steps": 25000}, "power": {"violation_rate": 0.0, "violation_count": 0, "total_steps": 25000}}, "convergence_episode": 50, "n_training_episodes": 50, "reward_history": [-3668.072229385376, -3645.062469482422, -3680.3916635513306, -3660.20445728302, -3671.713083267212, -3672.847816467285, -3672.3331155776978, -3638.621008872986, -3653.8409729003906, -3669.237216949463, -3643.325638771057, -3641.432231903076, -3587.343264579773, -3605.0414209365845, -3590.1342220306396, -3577.969861984253, -3595.105767250061, -3567.4770851135254, -3578.974723815918, -3565.06858253479, -3550.3687238693237, -3550.9129133224487, -3548.481099128723, -3514.707300186157, -3525.1067972183228, -3537.441164970398, -3516.6037425994873, -3544.4950551986694, -3517.932382583618, -3522.4589767456055, -3497.918664932251, -3528.6886682510376, -3525.3192195892334, -3491.50359249115, -3521.6226320266724, -3522.1107873916626, -3520.5954370498657, -3520.021457672119, -3497.7459058761597, -3475.3559064865112, -3495.0297813415527, -3508.0178117752075, -3488.378685951233, -3513.4655542373657, -3484.499207496643, -3509.5287475585938, -3511.345700263977, -3475.8077096939087, -3508.3201599121094, -3489.3105602264404], "epsilon_log": []}