{"violation_rate": [0.37636000000000003, 0.12665713718539512], "cbf_violation_rate": [0.37636000000000003, 0.12665713718539512], "cumulative_reward": [-6287.990039958954, 139.3870054595139], "tracking_rmse": {"pressure": [3.4201398904912605, 0.010347891082205471], "enthalpy": [28.89908887888223, 3.858018095203915], "power": [0.3069781509227079, 0.012830956369566871]}, "control_cost": [10056.9952734375, 281.5341170235121], "min_barrier_value": [-35.946318359375, 4.7811992120576035], "online_time_ms": [12.96675330555765, 10.571912936615378], "per_constraint_type": {"pressure": {"violation_rate": 0.0, "violation_count": 0, "total_steps": 25000}, "enthalpy": {"violation_rate": 0.37636, "violation_count": 9409, "total_steps": 25000}, "power": {"violation_rate": 0.0, "violation_count": 0, "total_steps": 25000}}, "convergence_episode": 50, "n_training_episodes": 50, "reward_history": [-2799.512508392334, -2779.172393798828, -2809.1734313964844, -2791.425401687622, -2801.710659980774, -2801.483673095703, -2801.9851274490356, -2771.8403520584106, -2783.9047327041626, -2797.829360961914, -2773.643885612488, -2769.962224960327, -2727.2395343780518, -2744.3487825393677, -2730.5133447647095, -2719.9747066497803, -2733.990035057068, -2709.885910987854, -2718.5051279067993, -2707.356436729431, -2694.5900859832764, -2693.933379173279, -2692.069836616516, -2662.0206384658813, -2670.3399810791016, -2681.691375732422, -2664.283080101013, -2687.7679777145386, -2664.233920097351, -2668.387236595154, -2646.64014339447, -2671.1035299301147, -2669.3375034332275, -2640.0797576904297, -2665.651529312134, -2665.2421283721924, -2664.85622215271, -2664.416458129883, -2645.2307891845703, -2626.470552444458, -2642.2224712371826, -2656.0534620285034, -2637.281352043152, -2659.5982151031494, -2633.1376810073853, -2655.9540643692017, -2657.069116592407, -2626.3334531784058, -2655.7453832626343, -2638.22993850708], "epsilon_log": []}