{"violation_rate": [0.0, 0.0], "cbf_violation_rate": [0.0, 0.0], "cumulative_reward": [-5855.208247528076, 7.428798675028109], "tracking_rmse": {"pressure": [3.334337012973341, 0.0018522740428995996], "enthalpy": [23.819473798535256, 0.05476017236424575], "power": [0.24362771913458367, 0.007449804154255121]}, "control_cost": [5657.710859375, 65.18328441630263], "min_barrier_value": [3.3704248046875, 0.016148222797740055], "online_time_ms": [9.15066213033162, 1.6395662210396764], "per_constraint_type": {"pressure": {"violation_rate": 0.0, "violation_count": 0, "total_steps": 25000}, "enthalpy": {"violation_rate": 0.0, "violation_count": 0, "total_steps": 25000}, "power": {"violation_rate": 0.0, "violation_count": 0, "total_steps": 25000}}, "convergence_episode": 50, "n_training_episodes": 50, "reward_history": [-2799.512508392334, -2779.1724605560303, -2809.173501968384, -2791.425401687622, -2801.7106828689575, -2801.483673095703, -2801.985152244568, -2771.8403520584106, -2783.904754638672, -2797.8293104171753, -2773.6438665390015, -2769.962131500244, -2727.239510536194, -2744.3487825393677, -2730.51335811615, -2719.9747066497803, -2733.990035057068, -2709.885910987854, -2718.5051279067993, -2707.356436729431, -2694.5900859832764, -2693.9333896636963, -2692.069836616516, -2662.020637512207, -2670.3399810791016, -2681.6913270950317, -2664.2831201553345, -2687.7679777145386, -2664.233899116516, -2668.387237548828, -2646.64014339447, -2671.103479385376, -2669.3375034332275, -2640.079873085022, -2665.651529312134, -2665.2421283721924, -2664.8561992645264, -2664.4164752960205, -2645.2305727005005, -2626.470552444458, -2642.2224912643433, -2656.053440093994, -2637.281373023987, -2659.5982151031494, -2633.137706756592, -2655.9540643692017, -2657.069116592407, -2626.3333377838135, -2655.7453832626343, -2638.22993850708], "epsilon_log": []}