{"violation_rate": [0.0030800000000000007, 0.0011461239025515524], "cbf_violation_rate": [0.0030800000000000007, 0.0011461239025515524], "cumulative_reward": [-7826.444279403687, 10.524999920564317], "tracking_rmse": {"pressure": [3.8976423313930497, 0.0021486280409065764], "enthalpy": [20.68921054908679, 0.11845361077097405], "power": [0.2335527917203205, 0.007932658108632968]}, "control_cost": [6431.227734375, 83.62364286749872], "min_barrier_value": [-11.832275466918945, 7.1702368695702665], "online_time_ms": [26.709478694258724, 20.650617219085962], "per_constraint_type": {"pressure": {"violation_rate": 0.0, "violation_count": 0, "total_steps": 25000}, "enthalpy": {"violation_rate": 0.00308, "violation_count": 77, "total_steps": 25000}, "power": {"violation_rate": 0.0, "violation_count": 0, "total_steps": 25000}}, "convergence_episode": 50, "n_training_episodes": 50, "reward_history": [-3655.920241355896, -3657.600266456604, -3661.3431148529053, -3682.984007835388, -3678.717745780945, -3664.4795351028442, -3686.853377342224, -3651.0056228637695, -3657.7837982177734, -3649.4446935653687, -3657.3112955093384, -3619.1196727752686, -3591.359833717346, -3603.28989982605, -3602.7760944366455, -3574.4870929718018, -3589.86692237854, -3554.3495473861694, -3581.878261566162, -3538.9032983779907, -3567.8719968795776, -3554.8212842941284, -3550.426559448242, -3515.750796318054, -3527.4986600875854, -3543.6048011779785, -3515.6388092041016, -3521.7520990371704, -3499.0899019241333, -3527.1804246902466, -3513.2098932266235, -3521.919385910034, -3524.9475440979004, -3494.9985942840576, -3525.7360076904297, -3532.332208633423, -3501.175717353821, -3520.239080429077, -3492.562837600708, -3540.5634717941284, -3508.019206047058, -3476.0639095306396, -3524.77668094635, -3505.585699081421, -3519.258271217346, -3508.1677570343018, -3488.788884162903, -3517.2321243286133, -3500.966089248657, -3496.3814544677734], "epsilon_log": []}