{"violation_rate": [0.0, 0.0], "cbf_violation_rate": [0.0, 0.0], "cumulative_reward": [-15166.25451034546, 6.408229596634032], "tracking_rmse": {"pressure": [5.488342801751119, 0.0011552810911680837], "enthalpy": [12.075480418153022, 0.002732155447444427], "power": [0.3244197242440688, 0.007843605230344162]}, "control_cost": [14805.818125, 81.67629714803562], "min_barrier_value": [4.056985855102539, 0.005412789782511247], "online_time_ms": [24.10211181424791, 15.628592012994496], "per_constraint_type": {"pressure": {"violation_rate": 0.0, "violation_count": 0, "total_steps": 25000}, "enthalpy": {"violation_rate": 0.0, "violation_count": 0, "total_steps": 25000}, "power": {"violation_rate": 0.0, "violation_count": 0, "total_steps": 25000}}, "convergence_episode": 50, "n_training_episodes": 50, "reward_history": [-6602.2553062438965, -6583.4665813446045, -6610.382616043091, -6593.624755859375, -6603.841806411743, -6602.509223937988, -6603.858669281006, -6574.920959472656, -6585.782526016235, -6598.473773956299, -6577.887022018433, -6573.8807945251465, -6533.900808334351, -6550.349309921265, -6537.334636688232, -6528.179235458374, -6540.548267364502, -6517.116767883301, -6524.371566772461, -6514.789287567139, -6503.1962242126465, -6501.821912765503, -6500.645334243774, -6471.808673858643, -6478.7724685668945, -6490.257772445679, -6474.035228729248, -6496.08420753479, -6473.202527999878, -6478.016201019287, -6456.87734413147, -6478.650800704956, -6477.517602920532, -6449.965593338013, -6473.965307235718, -6472.120710372925, -6472.714859008789, -6472.552808761597, -6453.974557876587, -6437.071018218994, -6450.424217224121, -6464.944255828857, -6446.463827133179, -6467.528642654419, -6442.338283538818, -6464.1441650390625, -6464.396739959717, -6436.359182357788, -6464.126514434814, -6446.773389816284], "epsilon_log": []}