{
  "abrupt_hocbf": {
    "violation_rate": 1.0,
    "cbf_violation_rate": 1.0,
    "mean_reward": -39.921560821533205,
    "mean_epsilon": 0.0,
    "qp_infeasible_rate": 0.0,
    "phase1_cbf_viol": 1.0,
    "phase2_cbf_viol": 1.0,
    "phase1_reward": -36.889116744995114,
    "phase2_reward": -40.932375513712564,
    "phase1_epsilon": 0.0,
    "phase2_epsilon": 0.0
  },
  "abrupt_gp_hocbf": {
    "violation_rate": 0.995,
    "cbf_violation_rate": 0.75,
    "mean_reward": -37.45623286634684,
    "mean_epsilon": 0.4290004363656044,
    "qp_infeasible_rate": 0.0,
    "phase1_cbf_viol": 0.0,
    "phase2_cbf_viol": 1.0,
    "phase1_reward": -35.42019246697426,
    "phase2_reward": -38.13491299947103,
    "phase1_epsilon": 0.4290004336833954,
    "phase2_epsilon": 0.4290004372596741
  },
  "abrupt_rhocbf": {
    "violation_rate": 0.995,
    "cbf_violation_rate": 0.75,
    "mean_reward": -37.45229282617569,
    "mean_epsilon": 0.4290004363656044,
    "qp_infeasible_rate": 0.0,
    "phase1_cbf_viol": 0.0,
    "phase2_cbf_viol": 1.0,
    "phase1_reward": -35.41832245826721,
    "phase2_reward": -38.130282948811846,
    "phase1_epsilon": 0.4290004336833954,
    "phase2_epsilon": 0.4290004372596741
  },
  "abrupt_rhocbf_const": {
    "violation_rate": 0.995,
    "cbf_violation_rate": 0.75,
    "mean_reward": -37.45229282617569,
    "mean_epsilon": 0.4290003180503845,
    "qp_infeasible_rate": 0.0,
    "phase1_cbf_viol": 0.0,
    "phase2_cbf_viol": 1.0,
    "phase1_reward": -35.41832245826721,
    "phase2_reward": -38.130282948811846,
    "phase1_epsilon": 0.4290003180503845,
    "phase2_epsilon": 0.4290003180503845
  },
  "abrupt_rhocbf_online": {
    "violation_rate": 0.995,
    "cbf_violation_rate": 0.75,
    "mean_reward": -37.073593027591706,
    "mean_epsilon": 0.43051969915628435,
    "qp_infeasible_rate": 0.0,
    "phase1_cbf_viol": 0.0,
    "phase2_cbf_viol": 1.0,
    "phase1_reward": -35.41832245826721,
    "phase2_reward": -37.625349884033206,
    "phase1_epsilon": 0.4290004336833954,
    "phase2_epsilon": 0.43102612098058063
  },
  "state_dep_hocbf": {
    "violation_rate": 1.0,
    "cbf_violation_rate": 1.0,
    "mean_reward": -67.9290545463562,
    "mean_epsilon": 0.0,
    "qp_infeasible_rate": 0.0,
    "phase1_cbf_viol": 1.0,
    "phase2_cbf_viol": 1.0,
    "phase1_reward": -36.889116744995114,
    "phase2_reward": -78.27570048014323,
    "phase1_epsilon": 0.0,
    "phase2_epsilon": 0.0
  },
  "state_dep_gp_hocbf": {
    "violation_rate": 0.995,
    "cbf_violation_rate": 0.75,
    "mean_reward": -52.93332723051309,
    "mean_epsilon": 0.4290382248163223,
    "qp_infeasible_rate": 0.0,
    "phase1_cbf_viol": 0.0,
    "phase2_cbf_viol": 1.0,
    "phase1_reward": -35.42019246697426,
    "phase2_reward": -58.77103881835937,
    "phase1_epsilon": 0.4290004336833954,
    "phase2_epsilon": 0.4290508218606313
  },
  "state_dep_rhocbf": {
    "violation_rate": 0.995,
    "cbf_violation_rate": 0.75,
    "mean_reward": -52.92517265558243,
    "mean_epsilon": 0.4290382248163223,
    "qp_infeasible_rate": 0.0,
    "phase1_cbf_viol": 0.0,
    "phase2_cbf_viol": 1.0,
    "phase1_reward": -35.41832245826721,
    "phase2_reward": -58.76078938802083,
    "phase1_epsilon": 0.4290004336833954,
    "phase2_epsilon": 0.4290508218606313
  },
  "state_dep_rhocbf_const": {
    "violation_rate": 0.995,
    "cbf_violation_rate": 0.75,
    "mean_reward": -52.92517265558243,
    "mean_epsilon": 0.4290003180503845,
    "qp_infeasible_rate": 0.0,
    "phase1_cbf_viol": 0.0,
    "phase2_cbf_viol": 1.0,
    "phase1_reward": -35.41832245826721,
    "phase2_reward": -58.76078938802083,
    "phase1_epsilon": 0.4290003180503845,
    "phase2_epsilon": 0.4290003180503845
  },
  "state_dep_rhocbf_online": {
    "violation_rate": 1.0,
    "cbf_violation_rate": 0.755,
    "mean_reward": -50.906954390704634,
    "mean_epsilon": 0.4339260797202587,
    "qp_infeasible_rate": 0.0,
    "phase1_cbf_viol": 0.02,
    "phase2_cbf_viol": 1.0,
    "phase1_reward": -35.364564465284346,
    "phase2_reward": -56.08775103251139,
    "phase1_epsilon": 0.43278068363666533,
    "phase2_epsilon": 0.43430787841478985
  }
}