{
  "violation_rate": [
    0.995,
    0.004082482904638634
  ],
  "cumulative_reward": [
    -6969.695359865825,
    54.82826291200873
  ],
  "tracking_rmse": {
    "pressure": [
      0.022317847308835414,
      0.0021437891894656603
    ],
    "enthalpy": [
      7.899772355294185,
      0.408879381960588
    ],
    "power": [
      58.97569100089459,
      0.2343558117844678
    ]
  },
  "control_cost": [
    10253.504557291666,
    28.876699712285895
  ],
  "min_barrier_value": [
    -22.907063802083332,
    12.589314638648043
  ],
  "online_time_ms": [
    264.62198626327637,
    106.70408935141614
  ],
  "convergence_episode": 200,
  "n_training_episodes": 200,
  "reward_history": [
    -824.3792761564255,
    -1604.247407644987,
    -11182.907358169556,
    -1520.0596553385258,
    -966.8038330078125,
    -10753.840574264526,
    -1648.7162693440914,
    -880.9256148338318,
    -11039.266528129578,
    -10759.218198776245,
    -10761.97626876831,
    -2479.121377915144,
    -1707.7784451842308,
    -11443.986087799072,
    -2251.0820162296295,
    -2721.2293394804,
    -11734.678680419922,
    -11223.17597770691,
    -1618.1481242626905,
    -2422.635313361883,
    -973.9976068735123,
    -2309.9963431358337,
    -865.5310970544815,
    -885.0187102556229,
    -475.14615111553576,
    -10992.441199302673,
    -2412.3633951842785,
    -1538.3332394957542,
    -2817.032743126154,
    -2336.626084089279,
    -2202.616031616926,
    -1821.8251240253448,
    -573.1078356956132,
    -870.5010522007942,
    -2411.058619916439,
    -1509.553405791521,
    -2297.9045407772064,
    -529.3117304341868,
    -977.8930640220642,
    -11125.068197250366,
    -2463.3269207179546,
    -480.4726708442904,
    -1808.309167906642,
    -547.1594674412627,
    -897.8268692493439,
    -11413.27359676361,
    -2474.9908667206764,
    -10995.17284488678,
    -1696.2206613272429,
    -938.3515149652958,
    -2255.450306504965,
    -494.68188970396295,
    -1732.9403508901596,
    -2458.5687497854233,
    -571.2637201286852,
    -11218.920454025269,
    -2541.0159509778023,
    -2497.664024323225,
    -428.03847015229985,
    -459.6887643514201,
    -478.1340171343181,
    -1033.110033750534,
    -1824.4774962067604,
    -11144.958100318909,
    -10621.385670661926,
    -2752.2469563782215,
    -2643.826732993126,
    -11769.991443634033,
    -11345.162021636963,
    -918.1304714679718,
    -506.92126769485185,
    -595.9291080082767,
    -2596.425272643566,
    -531.9057879494503,
    -2568.723363786936,
    -951.5256643891335,
    -11750.865446090698,
    -468.3559734132141,
    -2674.30729752779,
    -1650.9421051889658,
    -883.8948858976364,
    -474.5129786883481,
    -2329.66071754694,
    -11530.96929359436,
    -2396.9064942896366,
    -11355.359512329102,
    -2577.3124302327633,
    -448.4687662915094,
    -921.01818805933,
    -11413.18196105957,
    -571.9002863481874,
    -930.6900742650032,
    -2602.112246006727,
    -491.81983879592735,
    -973.490398645401,
    -991.42372661829,
    -911.7536588311195,
    -506.89297037385404,
    -2190.39189183712,
    -2529.4188477545977
  ],
  "epsilon_log": []
}