{
  "violation_rate": [
    0.98,
    0.014719601443879758
  ],
  "cumulative_reward": [
    -6852.245542086661,
    108.97465972284962
  ],
  "tracking_rmse": {
    "pressure": [
      0.02167640066873742,
      0.0012178889778948804
    ],
    "enthalpy": [
      8.438475876328896,
      0.4772382849557202
    ],
    "power": [
      58.46547242141742,
      0.472802665696984
    ]
  },
  "control_cost": [
    10082.3359375,
    93.41392024957436
  ],
  "min_barrier_value": [
    -23.042277018229168,
    11.59313500013633
  ],
  "online_time_ms": [
    263.0757557573573,
    16.501249110921336
  ],
  "convergence_episode": 200,
  "n_training_episodes": 200,
  "reward_history": [
    -861.3492654561996,
    -10656.143829345703,
    -10920.035154342651,
    -893.119377553463,
    -485.8143544853665,
    -11074.619005203247,
    -1484.273728840053,
    -2284.0809708833694,
    -2532.369311839342,
    -11277.866289138794,
    -868.529422879219,
    -2330.930154144764,
    -11190.834529876709,
    -11189.393889427185,
    -10966.635885238647,
    -442.894903650973,
    -11522.749320983887,
    -10784.670162200928,
    -11042.505460739136,
    -11199.734299659729,
    -1000.5948635935783,
    -11006.531660079956,
    -943.0063147544861,
    -902.350824713707,
    -10953.676950454712,
    -937.0740460753441,
    -2172.666276872158,
    -470.120617846027,
    -476.48081691609696,
    -1687.316934198141,
    -1689.68294711411,
    -933.722001850605,
    -1680.7200020849705,
    -936.0358217954636,
    -479.7442215591436,
    -2445.917454779148,
    -917.8850118517876,
    -912.405241549015,
    -563.4655089467997,
    -2454.338377803564,
    -11276.587630271912,
    -2698.0923795700073,
    -483.087824519258,
    -1871.748621724546,
    -552.9320471019018,
    -575.090096403379,
    -444.51671970868483,
    -481.06569115817547,
    -2340.4393748044968,
    -1817.6173798441887,
    -11646.951961517334,
    -11357.642250061035,
    -523.3383549381979,
    -937.1943700313568,
    -1686.846704877913,
    -11285.826845169067,
    -2489.2431617975235,
    -603.3965767323971,
    -527.4434457363095,
    -10880.117648124695,
    -595.5701399976388,
    -2654.556268066168,
    -11352.228140830994,
    -1050.3036556243896,
    -2431.346505433321,
    -542.7050621125381,
    -513.3742204681039,
    -11156.825407981873,
    -11400.91842842102,
    -11105.27971458435,
    -534.8382476822007,
    -1653.103806167841,
    -2622.3892154097557,
    -1408.005964383483,
    -2437.59365580976,
    -1003.0957455635071,
    -1737.7950384318829,
    -11051.356719970703,
    -11766.345870018005,
    -11362.246395111084,
    -1681.9201987832785,
    -2524.171586215496,
    -10928.910038471222,
    -943.4937529563904,
    -518.355580849573,
    -956.7630549669266,
    -2229.135864406824,
    -895.2408680915833,
    -1491.3556668534875,
    -11269.074052810669,
    -11119.630158424377,
    -846.5148397684097,
    -1754.0558177754283,
    -11188.425398349762,
    -1657.6364275813103,
    -11590.83156299591,
    -516.5042054243386,
    -11064.599756240845,
    -888.0311731100082,
    -982.4008948802948
  ],
  "epsilon_log": [
    {
      "episode": 50,
      "n_gp_points": 3000,
      "epsilon_total": 0.6198144257068634,
      "epsilon_per_constraint": [
        0.1715904176235199,
        0.1715904176235199,
        0.1383167952299118,
        0.1383167952299118
      ]
    },
    {
      "episode": 100,
      "n_gp_points": 4000,
      "epsilon_total": 0.5741082280874252,
      "epsilon_per_constraint": [
        0.16972531378269196,
        0.16972531378269196,
        0.11732880026102066,
        0.11732880026102066
      ]
    },
    {
      "episode": 150,
      "n_gp_points": 5000,
      "epsilon_total": 0.5389512330293655,
      "epsilon_per_constraint": [
        0.16747473180294037,
        0.16747473180294037,
        0.1020008847117424,
        0.1020008847117424
      ]
    },
    {
      "episode": 200,
      "n_gp_points": 6000,
      "epsilon_total": 0.5232773870229721,
      "epsilon_per_constraint": [
        0.16823920607566833,
        0.16823920607566833,
        0.09339948743581772,
        0.09339948743581772
      ]
    }
  ]
}