{
  "S1_heat": {
    "mean_ratio": 0.5313775874288765,
    "max_ratio": 18.03986202269228,
    "min_ratio": 0.04864283405311902,
    "median_ratio": 0.2545679563207404,
    "p90_ratio": 1.198447735052123,
    "p95_ratio": 1.7627599406374177,
    "p99_ratio": 4.029882559277343,
    "frac_below_030": 0.556,
    "mean_f0_norm": 240.82791341400147,
    "mean_df_norm": 50.0,
    "max_df_norm": 50.0,
    "n_inf": 0
  },
  "S2_pressure": {
    "mean_ratio": 0.014764274321314603,
    "max_ratio": 0.49446559599487316,
    "min_ratio": 0.0013780827746785191,
    "median_ratio": 0.007078938745987614,
    "p90_ratio": 0.032892334005174204,
    "p95_ratio": 0.04976467995140118,
    "p99_ratio": 0.11325303022126573,
    "frac_below_030": 0.999,
    "mean_f0_norm": 240.82791341400147,
    "mean_df_norm": 1.390302510023117,
    "max_df_norm": 1.4758644104003906,
    "n_inf": 0
  },
  "S3_coupled": {
    "mean_ratio": 0.053629142362277754,
    "max_ratio": 1.8004529853506637,
    "min_ratio": 0.000136170202002629,
    "median_ratio": 0.02787893423351482,
    "p90_ratio": 0.12428629728819303,
    "p95_ratio": 0.18329266574571543,
    "p99_ratio": 0.40498066818032985,
    "frac_below_030": 0.982,
    "mean_f0_norm": 240.82791341400147,
    "mean_df_norm": 5.191286617591977,
    "max_df_norm": 15.288649559020996,
    "n_inf": 0
  },
  "S4_nonlinear": {
    "mean_ratio": 0.05343965218190529,
    "max_ratio": 1.813228101263645,
    "min_ratio": 0.004894758007986878,
    "median_ratio": 0.02559230765584155,
    "p90_ratio": 0.12083727349188834,
    "p95_ratio": 0.1771753982713186,
    "p99_ratio": 0.40507170636775713,
    "frac_below_030": 0.982,
    "mean_f0_norm": 240.82791341400147,
    "mean_df_norm": 5.029502060890198,
    "max_df_norm": 5.093545436859131,
    "n_inf": 0
  }
}